Names,Age,Team,Position,Roles,Nationality,Market Value (In Millions),Player Profile Link,Name ID,ID,League,Player Image
Robert Sánchez,27,Chelsea FC,Goalkeeper,Goalkeeper,Spain,€20.00m,https://www.transfermarkt.us/robert-sanchez/profil/spieler/403151,robert-sanchez,403151,Premier League,https://img.a.transfermarkt.technology/portrait/header/403151-1695028195.jpg?lm=1
Filip Jørgensen,22,Chelsea FC,Goalkeeper,Goalkeeper,Denmark,€20.00m,https://www.transfermarkt.us/filip-jorgensen/profil/spieler/585323,filip-jorgensen,585323,Premier League,https://img.a.transfermarkt.technology/portrait/header/585323-1718280485.jpg?lm=1
Marcus Bettinelli,32,Chelsea FC,Goalkeeper,Goalkeeper,England,€1.00m,https://www.transfermarkt.us/marcus-bettinelli/profil/spieler/116648,marcus-bettinelli,116648,Premier League,https://img.a.transfermarkt.technology/portrait/header/116648-1700671752.jpg?lm=1
Lucas Bergström,22,Chelsea FC,Goalkeeper,Goalkeeper,Finland,€0.7m,https://www.transfermarkt.us/lucas-bergstrom/profil/spieler/490606,lucas-bergstrom,490606,Premier League,https://img.a.transfermarkt.technology/portrait/header/490606-1639405918.jpg?lm=1
Levi Colwill,21,Chelsea FC,Centre-Back,Defender,England,€50.00m,https://www.transfermarkt.us/levi-colwill/profil/spieler/614258,levi-colwill,614258,Premier League,https://img.a.transfermarkt.technology/portrait/header/614258-1694614507.jpg?lm=1
Axel Disasi,26,Chelsea FC,Centre-Back,Defender,France,€35.00m,https://www.transfermarkt.us/axel-disasi/profil/spieler/386047,axel-disasi,386047,Premier League,https://img.a.transfermarkt.technology/portrait/header/386047-1727785671.jpg?lm=1
Benoît Badiashile,23,Chelsea FC,Centre-Back,Defender,France,€30.00m,https://www.transfermarkt.us/benoit-badiashile/profil/spieler/463603,benoit-badiashile,463603,Premier League,https://img.a.transfermarkt.technology/portrait/header/463603-1714721596.jpg?lm=1
Wesley Fofana,23,Chelsea FC,Centre-Back,Defender,France,€25.00m,https://www.transfermarkt.us/wesley-fofana/profil/spieler/475411,wesley-fofana,475411,Premier League,https://img.a.transfermarkt.technology/portrait/header/475411-1683899212.jpg?lm=1
Tosin Adarabioyo,27,Chelsea FC,Centre-Back,Defender,England,€20.00m,https://www.transfermarkt.us/tosin-adarabioyo/profil/spieler/258878,tosin-adarabioyo,258878,Premier League,https://img.a.transfermarkt.technology/portrait/header/258878-1646903871.jpg?lm=1
Renato Veiga,21,Chelsea FC,Centre-Back,Defender,Portugal,€8.00m,https://www.transfermarkt.us/renato-veiga/profil/spieler/805714,renato-veiga,805714,Premier League,https://img.a.transfermarkt.technology/portrait/header/805714-1676275963.jpg?lm=1
Marc Cucurella,26,Chelsea FC,Left-Back,Defender,Spain,€30.00m,https://www.transfermarkt.us/marc-cucurella/profil/spieler/284857,marc-cucurella,284857,Premier League,https://img.a.transfermarkt.technology/portrait/header/284857-1659559729.jpg?lm=1
Ben Chilwell,27,Chelsea FC,Left-Back,Defender,England,€22.00m,https://www.transfermarkt.us/ben-chilwell/profil/spieler/316125,ben-chilwell,316125,Premier League,https://img.a.transfermarkt.technology/portrait/header/316125-1683899136.jpg?lm=1
Reece James,24,Chelsea FC,Right-Back,Defender,England,€35.00m,https://www.transfermarkt.us/reece-james/profil/spieler/472423,reece-james,472423,Premier League,https://img.a.transfermarkt.technology/portrait/header/472423-1683900849.jpg?lm=1
Malo Gusto,21,Chelsea FC,Right-Back,Defender,France,€35.00m,https://www.transfermarkt.us/malo-gusto/profil/spieler/620322,malo-gusto,620322,Premier League,https://img.a.transfermarkt.technology/portrait/header/620322-1672831209.jpg?lm=1
Moisés Caicedo,23,Chelsea FC,Defensive Midfield,Midfield,Ecuador,€75.00m,https://www.transfermarkt.us/moises-caicedo/profil/spieler/687626,moises-caicedo,687626,Premier League,https://img.a.transfermarkt.technology/portrait/header/687626-1660729724.jpg?lm=1
Roméo Lavia,20,Chelsea FC,Defensive Midfield,Midfield,Belgium,€35.00m,https://www.transfermarkt.us/romeo-lavia/profil/spieler/628451,romeo-lavia,628451,Premier League,https://img.a.transfermarkt.technology/portrait/header/628451-1683898478.jpg?lm=1
Enzo Fernández,23,Chelsea FC,Central Midfield,Midfield,Argentina,€75.00m,https://www.transfermarkt.us/enzo-fernandez/profil/spieler/648195,enzo-fernandez,648195,Premier League,https://img.a.transfermarkt.technology/portrait/header/648195-1669894717.jpg?lm=1
Kiernan Dewsbury-Hall,26,Chelsea FC,Central Midfield,Midfield,England,€30.00m,https://www.transfermarkt.us/kiernan-dewsbury-hall/profil/spieler/475188,kiernan-dewsbury-hall,475188,Premier League,https://img.a.transfermarkt.technology/portrait/header/475188-1638810238.jpg?lm=1
Carney Chukwuemeka,21,Chelsea FC,Central Midfield,Midfield,England,€15.00m,https://www.transfermarkt.us/carney-chukwuemeka/profil/spieler/659459,carney-chukwuemeka,659459,Premier League,https://img.a.transfermarkt.technology/portrait/header/659459-1677687144.jpg?lm=1
Cesare Casadei,21,Chelsea FC,Central Midfield,Midfield,Italy,€10.00m,https://www.transfermarkt.us/cesare-casadei/profil/spieler/622380,cesare-casadei,622380,Premier League,https://img.a.transfermarkt.technology/portrait/header/622380-1692967622.jpg?lm=1
Cole Palmer,22,Chelsea FC,Attacking Midfield,Midfield,England,€90.00m,https://www.transfermarkt.us/cole-palmer/profil/spieler/568177,cole-palmer,568177,Premier League,https://img.a.transfermarkt.technology/portrait/header/568177-1712320986.jpg?lm=1
Christopher Nkunku,27,Chelsea FC,Attacking Midfield,Midfield,France,€65.00m,https://www.transfermarkt.us/christopher-nkunku/profil/spieler/344381,christopher-nkunku,344381,Premier League,https://img.a.transfermarkt.technology/portrait/header/344381-1663686834.jpg?lm=1
Mykhaylo Mudryk,23,Chelsea FC,Left Winger,Attack,Ukraine,€30.00m,https://www.transfermarkt.us/mykhaylo-mudryk/profil/spieler/537860,mykhaylo-mudryk,537860,Premier League,https://img.a.transfermarkt.technology/portrait/header/537860-1732822624.jpg?lm=1
Jadon Sancho,24,Chelsea FC,Left Winger,Attack,England,€30.00m,https://www.transfermarkt.us/jadon-sancho/profil/spieler/401173,jadon-sancho,401173,Premier League,https://img.a.transfermarkt.technology/portrait/header/401173-1688564217.jpg?lm=1
Pedro Neto,24,Chelsea FC,Right Winger,Attack,Portugal,€55.00m,https://www.transfermarkt.us/pedro-neto/profil/spieler/487465,pedro-neto,487465,Premier League,https://img.a.transfermarkt.technology/portrait/header/487465-1709158892.jpg?lm=1
Noni Madueke,22,Chelsea FC,Right Winger,Attack,England,€35.00m,https://www.transfermarkt.us/noni-madueke/profil/spieler/503987,noni-madueke,503987,Premier League,https://img.a.transfermarkt.technology/portrait/header/503987-1683102348.jpg?lm=1
João Félix,25,Chelsea FC,Second Striker,Attack,Portugal,€30.00m,https://www.transfermarkt.us/joao-felix/profil/spieler/462250,joao-felix,462250,Premier League,https://img.a.transfermarkt.technology/portrait/header/462250-1668165358.jpg?lm=1
Nicolas Jackson,23,Chelsea FC,Centre-Forward,Attack,Senegal,€40.00m,https://www.transfermarkt.us/nicolas-jackson/profil/spieler/776890,nicolas-jackson,776890,Premier League,https://img.a.transfermarkt.technology/portrait/header/776890-1726227971.jpg?lm=1
Deivid Washington,19,Chelsea FC,Centre-Forward,Attack,Brazil,€9.00m,https://www.transfermarkt.us/deivid-washington/profil/spieler/1082850,deivid-washington,1082850,Premier League,https://img.a.transfermarkt.technology/portrait/header/1082850-1682776110.jpg?lm=1
Marc Guiu,18,Chelsea FC,Centre-Forward,Attack,Spain,€7.50m,https://www.transfermarkt.us/marc-guiu/profil/spieler/938158,marc-guiu,938158,Premier League,https://img.a.transfermarkt.technology/portrait/header/938158-1719846394.jpg?lm=1
David Raya,29,Arsenal FC,Goalkeeper,Goalkeeper,Spain,€35.00m,https://www.transfermarkt.us/david-raya/profil/spieler/262749,david-raya,262749,Premier League,https://img.a.transfermarkt.technology/portrait/header/262749-1668168018.jpg?lm=1
Neto,35,Arsenal FC,Goalkeeper,Goalkeeper,Brazil,€2.50m,https://www.transfermarkt.us/neto/profil/spieler/111819,neto,111819,Premier League,https://img.a.transfermarkt.technology/portrait/header/111819-1725051877.jpg?lm=1
William Saliba,23,Arsenal FC,Centre-Back,Defender,France,€80.00m,https://www.transfermarkt.us/william-saliba/profil/spieler/495666,william-saliba,495666,Premier League,https://img.a.transfermarkt.technology/portrait/header/495666-1718697201.jpg?lm=1
Gabriel Magalhães,26,Arsenal FC,Centre-Back,Defender,Brazil,€75.00m,https://www.transfermarkt.us/gabriel-magalhaes/profil/spieler/435338,gabriel-magalhaes,435338,Premier League,https://img.a.transfermarkt.technology/portrait/header/435338-1684162833.jpg?lm=1
Jurrien Timber,23,Arsenal FC,Centre-Back,Defender,Netherlands,€38.00m,https://www.transfermarkt.us/jurrien-timber/profil/spieler/420243,jurrien-timber,420243,Premier League,https://img.a.transfermarkt.technology/portrait/header/420243-1702413077.jpg?lm=1
Jakub Kiwior,24,Arsenal FC,Centre-Back,Defender,Poland,€30.00m,https://www.transfermarkt.us/jakub-kiwior/profil/spieler/425918,jakub-kiwior,425918,Premier League,https://img.a.transfermarkt.technology/portrait/header/425918-1683101307.jpg?lm=1
Riccardo Calafiori,22,Arsenal FC,Left-Back,Defender,Italy,€45.00m,https://www.transfermarkt.us/riccardo-calafiori/profil/spieler/502821,riccardo-calafiori,502821,Premier League,https://img.a.transfermarkt.technology/portrait/header/502821-1727382174.jpg?lm=1
Oleksandr Zinchenko,27,Arsenal FC,Left-Back,Defender,Ukraine,€35.00m,https://www.transfermarkt.us/oleksandr-zinchenko/profil/spieler/203853,oleksandr-zinchenko,203853,Premier League,https://img.a.transfermarkt.technology/portrait/header/203853-1688658681.jpg?lm=1
Kieran Tierney,27,Arsenal FC,Left-Back,Defender,Scotland,€10.00m,https://www.transfermarkt.us/kieran-tierney/profil/spieler/300716,kieran-tierney,300716,Premier League,https://img.a.transfermarkt.technology/portrait/header/300716-1662666488.jpg?lm=1
Ben White,27,Arsenal FC,Right-Back,Defender,England,€55.00m,https://www.transfermarkt.us/ben-white/profil/spieler/335721,ben-white,335721,Premier League,https://img.a.transfermarkt.technology/portrait/header/335721-1683275943.jpg?lm=1
Takehiro Tomiyasu,26,Arsenal FC,Right-Back,Defender,Japan,€35.00m,https://www.transfermarkt.us/takehiro-tomiyasu/profil/spieler/331560,takehiro-tomiyasu,331560,Premier League,https://img.a.transfermarkt.technology/portrait/header/331560-1682591217.jpg?lm=1
Declan Rice,25,Arsenal FC,Defensive Midfield,Midfield,England,€120.00m,https://www.transfermarkt.us/declan-rice/profil/spieler/357662,declan-rice,357662,Premier League,https://img.a.transfermarkt.technology/portrait/header/357662-1687962936.jpg?lm=1
Thomas Partey,31,Arsenal FC,Defensive Midfield,Midfield,Ghana,€18.00m,https://www.transfermarkt.us/thomas-partey/profil/spieler/230784,thomas-partey,230784,Premier League,https://img.a.transfermarkt.technology/portrait/header/230784-1668430877.jpg?lm=1
Jorginho,32,Arsenal FC,Defensive Midfield,Midfield,Italy,€12.00m,https://www.transfermarkt.us/jorginho/profil/spieler/102017,jorginho,102017,Premier League,https://img.a.transfermarkt.technology/portrait/header/102017-1682590896.jpg?lm=1
Myles Lewis-Skelly,18,Arsenal FC,Defensive Midfield,Midfield,England,€5.00m,https://www.transfermarkt.us/myles-lewis-skelly/profil/spieler/890721,myles-lewis-skelly,890721,Premier League,https://img.a.transfermarkt.technology/portrait/header/890721-1682599516.jpg?lm=1
Mikel Merino,28,Arsenal FC,Central Midfield,Midfield,Spain,€50.00m,https://www.transfermarkt.us/mikel-merino/profil/spieler/338424,mikel-merino,338424,Premier League,https://img.a.transfermarkt.technology/portrait/header/338424-1716803831.jpg?lm=1
Martin Ødegaard,25,Arsenal FC,Attacking Midfield,Midfield,Norway,€110.00m,https://www.transfermarkt.us/martin-odegaard/profil/spieler/316264,martin-odegaard,316264,Premier League,https://img.a.transfermarkt.technology/portrait/header/316264-1678877651.jpg?lm=1
Ethan Nwaneri,17,Arsenal FC,Attacking Midfield,Midfield,England,€12.00m,https://www.transfermarkt.us/ethan-nwaneri/profil/spieler/890719,ethan-nwaneri,890719,Premier League,https://img.a.transfermarkt.technology/portrait/header/890719-1730794927.jpg?lm=1
Gabriel Martinelli,23,Arsenal FC,Left Winger,Attack,Brazil,€60.00m,https://www.transfermarkt.us/gabriel-martinelli/profil/spieler/655488,gabriel-martinelli,655488,Premier League,https://img.a.transfermarkt.technology/portrait/header/655488-1682689091.jpg?lm=1
Leandro Trossard,29,Arsenal FC,Left Winger,Attack,Belgium,€35.00m,https://www.transfermarkt.us/leandro-trossard/profil/spieler/144028,leandro-trossard,144028,Premier League,https://img.a.transfermarkt.technology/portrait/header/144028-1702412939.jpg?lm=1
Raheem Sterling,29,Arsenal FC,Left Winger,Attack,England,€35.00m,https://www.transfermarkt.us/raheem-sterling/profil/spieler/134425,raheem-sterling,134425,Premier League,https://img.a.transfermarkt.technology/portrait/header/134425-1684165974.jpg?lm=1
Bukayo Saka,23,Arsenal FC,Right Winger,Attack,England,€140.00m,https://www.transfermarkt.us/bukayo-saka/profil/spieler/433177,bukayo-saka,433177,Premier League,https://img.a.transfermarkt.technology/portrait/header/433177-1684155052.jpg?lm=1
Kai Havertz,25,Arsenal FC,Centre-Forward,Attack,Germany,€75.00m,https://www.transfermarkt.us/kai-havertz/profil/spieler/309400,kai-havertz,309400,Premier League,https://img.a.transfermarkt.technology/portrait/header/309400-1683903902.jpg?lm=1
Gabriel Jesus,27,Arsenal FC,Centre-Forward,Attack,Brazil,€55.00m,https://www.transfermarkt.us/gabriel-jesus/profil/spieler/363205,gabriel-jesus,363205,Premier League,https://img.a.transfermarkt.technology/portrait/header/363205-1669711141.jpg?lm=1
Emiliano Martínez,32,Aston Villa,Goalkeeper,Goalkeeper,Argentina,€28.00m,https://www.transfermarkt.us/emiliano-martinez/profil/spieler/111873,emiliano-martinez,111873,Premier League,https://img.a.transfermarkt.technology/portrait/header/111873-1668180824.jpg?lm=1
Joe Gauci,24,Aston Villa,Goalkeeper,Goalkeeper,Australia,€1.50m,https://www.transfermarkt.us/joe-gauci/profil/spieler/591844,joe-gauci,591844,Premier League,https://img.a.transfermarkt.technology/portrait/header/591844-1703230842.jpg?lm=1
Robin Olsen,34,Aston Villa,Goalkeeper,Goalkeeper,Sweden,€1.50m,https://www.transfermarkt.us/robin-olsen/profil/spieler/75458,robin-olsen,75458,Premier League,https://img.a.transfermarkt.technology/portrait/header/75458-1697721104.jpg?lm=1
Pau Torres,27,Aston Villa,Centre-Back,Defender,Spain,€45.00m,https://www.transfermarkt.us/pau-torres/profil/spieler/399776,pau-torres,399776,Premier League,https://img.a.transfermarkt.technology/portrait/header/399776-1691079911.jpg?lm=1
Ezri Konsa,27,Aston Villa,Centre-Back,Defender,England,€35.00m,https://www.transfermarkt.us/ezri-konsa/profil/spieler/413403,ezri-konsa,413403,Premier League,https://img.a.transfermarkt.technology/portrait/header/413403-1700651779.jpg?lm=1
Diego Carlos,31,Aston Villa,Centre-Back,Defender,Brazil,€12.00m,https://www.transfermarkt.us/diego-carlos/profil/spieler/329145,diego-carlos,329145,Premier League,https://img.a.transfermarkt.technology/portrait/header/329145-1695656525.jpg?lm=1
Tyrone Mings,31,Aston Villa,Centre-Back,Defender,England,€10.00m,https://www.transfermarkt.us/tyrone-mings/profil/spieler/253677,tyrone-mings,253677,Premier League,https://img.a.transfermarkt.technology/portrait/header/253677-1593437372.jpg?lm=1
Kortney Hause,29,Aston Villa,Centre-Back,Defender,England,€2.00m,https://www.transfermarkt.us/kortney-hause/profil/spieler/233124,kortney-hause,233124,Premier League,https://img.a.transfermarkt.technology/portrait/header/233124-1700671308.jpg?lm=1
Lamare Bogarde,20,Aston Villa,Centre-Back,Defender,Netherlands,€0.45m,https://www.transfermarkt.us/lamare-bogarde/profil/spieler/645686,lamare-bogarde,645686,Premier League,https://img.a.transfermarkt.technology/portrait/header/645686-1724484880.jpg?lm=1
Ian Maatsen,22,Aston Villa,Left-Back,Defender,Netherlands,€40.00m,https://www.transfermarkt.us/ian-maatsen/profil/spieler/485585,ian-maatsen,485585,Premier League,https://img.a.transfermarkt.technology/portrait/header/485585-1704795222.jpg?lm=1
Lucas Digne,31,Aston Villa,Left-Back,Defender,France,€12.00m,https://www.transfermarkt.us/lucas-digne/profil/spieler/126664,lucas-digne,126664,Premier League,https://img.a.transfermarkt.technology/portrait/header/126664-1663014267.jpg?lm=1
Matty Cash,27,Aston Villa,Right-Back,Defender,Poland,€28.00m,https://www.transfermarkt.us/matty-cash/profil/spieler/425334,matty-cash,425334,Premier League,https://img.a.transfermarkt.technology/portrait/header/425334-1668091733.jpg?lm=1
Kosta Nedeljkovic,18,Aston Villa,Right-Back,Defender,Serbia,€8.00m,https://www.transfermarkt.us/kosta-nedeljkovic/profil/spieler/848682,kosta-nedeljkovic,848682,Premier League,https://img.a.transfermarkt.technology/portrait/header/848682-1694785153.jpg?lm=1
Amadou Onana,23,Aston Villa,Defensive Midfield,Midfield,Belgium,€55.00m,https://www.transfermarkt.us/amadou-onana/profil/spieler/485706,amadou-onana,485706,Premier League,https://img.a.transfermarkt.technology/portrait/header/485706-1718697649.jpg?lm=1
Boubacar Kamara,25,Aston Villa,Defensive Midfield,Midfield,France,€38.00m,https://www.transfermarkt.us/boubacar-kamara/profil/spieler/394327,boubacar-kamara,394327,Premier League,https://img.a.transfermarkt.technology/portrait/header/394327-1604256413.jpg?lm=1
John McGinn,30,Aston Villa,Central Midfield,Midfield,Scotland,€30.00m,https://www.transfermarkt.us/john-mcginn/profil/spieler/193116,john-mcginn,193116,Premier League,https://img.a.transfermarkt.technology/portrait/header/193116-1689172405.jpg?lm=1
Youri Tielemans,27,Aston Villa,Central Midfield,Midfield,Belgium,€30.00m,https://www.transfermarkt.us/youri-tielemans/profil/spieler/249565,youri-tielemans,249565,Premier League,https://img.a.transfermarkt.technology/portrait/header/249565-1716886438.jpg?lm=1
Ross Barkley,30,Aston Villa,Central Midfield,Midfield,England,€8.00m,https://www.transfermarkt.us/ross-barkley/profil/spieler/131978,ross-barkley,131978,Premier League,https://img.a.transfermarkt.technology/portrait/header/131978-1662368517.jpg?lm=1
Jacob Ramsey,23,Aston Villa,Attacking Midfield,Midfield,England,€32.00m,https://www.transfermarkt.us/jacob-ramsey/profil/spieler/503749,jacob-ramsey,503749,Premier League,https://img.a.transfermarkt.technology/portrait/header/503749-1687975464.jpg?lm=1
Morgan Rogers,22,Aston Villa,Attacking Midfield,Midfield,England,€22.00m,https://www.transfermarkt.us/morgan-rogers/profil/spieler/503743,morgan-rogers,503743,Premier League,https://img.a.transfermarkt.technology/portrait/header/503743-1706786450.jpg?lm=1
Emiliano Buendía,27,Aston Villa,Attacking Midfield,Midfield,Argentina,€20.00m,https://www.transfermarkt.us/emiliano-buendia/profil/spieler/321247,emiliano-buendia,321247,Premier League,https://img.a.transfermarkt.technology/portrait/header/321247-1696604099.jpg?lm=1
Jaden Philogene,22,Aston Villa,Left Winger,Attack,England,€15.00m,https://www.transfermarkt.us/jaden-philogene/profil/spieler/665390,jaden-philogene,665390,Premier League,https://img.a.transfermarkt.technology/portrait/header/665390-1720427707.jpg?lm=1
Leon Bailey,27,Aston Villa,Right Winger,Attack,Jamaica,€42.00m,https://www.transfermarkt.us/leon-bailey/profil/spieler/387626,leon-bailey,387626,Premier League,https://img.a.transfermarkt.technology/portrait/header/387626-1694712703.jpg?lm=1
Ollie Watkins,28,Aston Villa,Centre-Forward,Attack,England,€65.00m,https://www.transfermarkt.us/ollie-watkins/profil/spieler/324358,ollie-watkins,324358,Premier League,https://img.a.transfermarkt.technology/portrait/header/324358-1708341279.jpg?lm=1
Jhon Durán,20,Aston Villa,Centre-Forward,Attack,Colombia,€35.00m,https://www.transfermarkt.us/jhon-duran/profil/spieler/649317,jhon-duran,649317,Premier League,https://img.a.transfermarkt.technology/portrait/header/649317-1645958151.jpg?lm=1
Kepa Arrizabalaga,30,AFC Bournemouth,Goalkeeper,Goalkeeper,Spain,€12.00m,https://www.transfermarkt.us/kepa-arrizabalaga/profil/spieler/192279,kepa-arrizabalaga,192279,Premier League,https://img.a.transfermarkt.technology/portrait/header/192279-1661855851.jpg?lm=1
Mark Travers,25,AFC Bournemouth,Goalkeeper,Goalkeeper,Ireland,€3.50m,https://www.transfermarkt.us/mark-travers/profil/spieler/357658,mark-travers,357658,Premier League,https://img.a.transfermarkt.technology/portrait/header/357658-1702296610.jpg?lm=1
Will Dennis,24,AFC Bournemouth,Goalkeeper,Goalkeeper,England,€0.35m,https://www.transfermarkt.us/will-dennis/profil/spieler/582078,will-dennis,582078,Premier League,https://img.a.transfermarkt.technology/portrait/header/582078-1651653108.jpg?lm=1
Ilya Zabarnyi,22,AFC Bournemouth,Centre-Back,Defender,Ukraine,€32.00m,https://www.transfermarkt.us/ilya-zabarnyi/profil/spieler/659089,ilya-zabarnyi,659089,Premier League,https://img.a.transfermarkt.technology/portrait/header/659089-1715881375.jpg?lm=1
Marcos Senesi,27,AFC Bournemouth,Centre-Back,Defender,Argentina,€22.00m,https://www.transfermarkt.us/marcos-senesi/profil/spieler/469781,marcos-senesi,469781,Premier League,https://img.a.transfermarkt.technology/portrait/header/469781-1576329259.jpg?lm=1
Dean Huijsen,19,AFC Bournemouth,Centre-Back,Defender,Spain,€12.00m,https://www.transfermarkt.us/dean-huijsen/profil/spieler/890290,dean-huijsen,890290,Premier League,https://img.a.transfermarkt.technology/portrait/header/890290-1676533236.jpg?lm=1
James Hill,22,AFC Bournemouth,Centre-Back,Defender,England,€2.00m,https://www.transfermarkt.us/james-hill/profil/spieler/611793,james-hill,611793,Premier League,https://img.a.transfermarkt.technology/portrait/header/611793-1633426138.png?lm=1
Milos Kerkez,21,AFC Bournemouth,Left-Back,Defender,Hungary,€20.00m,https://www.transfermarkt.us/milos-kerkez/profil/spieler/730861,milos-kerkez,730861,Premier League,https://img.a.transfermarkt.technology/portrait/header/730861-1660762995.jpg?lm=1
Max Aarons,24,AFC Bournemouth,Right-Back,Defender,England,€16.00m,https://www.transfermarkt.us/max-aarons/profil/spieler/471690,max-aarons,471690,Premier League,https://img.a.transfermarkt.technology/portrait/header/471690-1662465106.png?lm=1
Julián Araujo,23,AFC Bournemouth,Right-Back,Defender,Mexico,€8.00m,https://www.transfermarkt.us/julian-araujo/profil/spieler/513970,julian-araujo,513970,Premier League,https://img.a.transfermarkt.technology/portrait/header/513970-1646079609.JPG?lm=1
Adam Smith,33,AFC Bournemouth,Right-Back,Defender,England,€1.00m,https://www.transfermarkt.us/adam-smith/profil/spieler/61841,adam-smith,61841,Premier League,https://img.a.transfermarkt.technology/portrait/header/61841-1547728546.jpg?lm=1
Tyler Adams,25,AFC Bournemouth,Defensive Midfield,Midfield,United States,€15.00m,https://www.transfermarkt.us/tyler-adams/profil/spieler/332705,tyler-adams,332705,Premier League,https://img.a.transfermarkt.technology/portrait/header/332705-1666472142.jpg?lm=1
Alex Scott,21,AFC Bournemouth,Central Midfield,Midfield,England,€20.00m,https://www.transfermarkt.us/alex-scott/profil/spieler/855256,alex-scott,855256,Premier League,https://img.a.transfermarkt.technology/portrait/header/855256-1656922605.jpg?lm=1
Philip Billing,28,AFC Bournemouth,Central Midfield,Midfield,Denmark,€18.00m,https://www.transfermarkt.us/philip-billing/profil/spieler/320411,philip-billing,320411,Premier League,https://img.a.transfermarkt.technology/portrait/header/320411-1674468252.jpg?lm=1
Lewis Cook,27,AFC Bournemouth,Central Midfield,Midfield,England,€12.00m,https://www.transfermarkt.us/lewis-cook/profil/spieler/249089,lewis-cook,249089,Premier League,https://img.a.transfermarkt.technology/portrait/header/249089-1700671190.jpg?lm=1
Ryan Christie,29,AFC Bournemouth,Central Midfield,Midfield,Scotland,€12.00m,https://www.transfermarkt.us/ryan-christie/profil/spieler/188077,ryan-christie,188077,Premier League,https://img.a.transfermarkt.technology/portrait/header/188077-1697450633.jpg?lm=1
Marcus Tavernier,25,AFC Bournemouth,Left Midfield,Midfield,England,€20.00m,https://www.transfermarkt.us/marcus-tavernier/profil/spieler/399434,marcus-tavernier,399434,Premier League,https://img.a.transfermarkt.technology/portrait/header/399434-1700650360.jpg?lm=1
Dango Ouattara,22,AFC Bournemouth,Left Winger,Attack,Burkina Faso,€20.00m,https://www.transfermarkt.us/dango-ouattara/profil/spieler/823231,dango-ouattara,823231,Premier League,https://img.a.transfermarkt.technology/portrait/header/823231-1663162842.jpg?lm=1
Luis Sinisterra,25,AFC Bournemouth,Left Winger,Attack,Colombia,€17.00m,https://www.transfermarkt.us/luis-sinisterra/profil/spieler/512385,luis-sinisterra,512385,Premier League,https://img.a.transfermarkt.technology/portrait/header/512385-1674557520.jpg?lm=1
Justin Kluivert,25,AFC Bournemouth,Left Winger,Attack,Netherlands,€14.00m,https://www.transfermarkt.us/justin-kluivert/profil/spieler/330659,justin-kluivert,330659,Premier League,https://img.a.transfermarkt.technology/portrait/header/330659-1596107153.jpg?lm=1
Antoine Semenyo,24,AFC Bournemouth,Right Winger,Attack,Ghana,€20.00m,https://www.transfermarkt.us/antoine-semenyo/profil/spieler/583255,antoine-semenyo,583255,Premier League,https://img.a.transfermarkt.technology/portrait/header/583255-1628669787.jpg?lm=1
David Brooks,27,AFC Bournemouth,Right Winger,Attack,Wales,€8.00m,https://www.transfermarkt.us/david-brooks/profil/spieler/277033,david-brooks,277033,Premier League,https://img.a.transfermarkt.technology/portrait/header/277033-1700650102.jpg?lm=1
Evanilson,25,AFC Bournemouth,Centre-Forward,Attack,Brazil,€35.00m,https://www.transfermarkt.us/evanilson/profil/spieler/711337,evanilson,711337,Premier League,https://img.a.transfermarkt.technology/portrait/header/711337-1606396779.png?lm=1
Enes Ünal,27,AFC Bournemouth,Centre-Forward,Attack,Türkiye,€15.00m,https://www.transfermarkt.us/enes-unal/profil/spieler/251106,enes-unal,251106,Premier League,https://img.a.transfermarkt.technology/portrait/header/251106-1669365680.jpg?lm=1
Mark Flekken,31,Brentford FC,Goalkeeper,Goalkeeper,Netherlands,€12.00m,https://www.transfermarkt.us/mark-flekken/profil/spieler/125714,mark-flekken,125714,Premier League,https://img.a.transfermarkt.technology/portrait/header/125714-1658411484.jpg?lm=1
Hákon Rafn Valdimarsson,23,Brentford FC,Goalkeeper,Goalkeeper,Iceland,€2.50m,https://www.transfermarkt.us/hakon-rafn-valdimarsson/profil/spieler/488935,hakon-rafn-valdimarsson,488935,Premier League,https://img.a.transfermarkt.technology/portrait/header/488935-1689319830.jpg?lm=1
Matthew Cox,21,Brentford FC,Goalkeeper,Goalkeeper,England,€0.8m,https://www.transfermarkt.us/matthew-cox/profil/spieler/741236,matthew-cox,741236,Premier League,https://img.a.transfermarkt.technology/portrait/header/741236-1612879591.jpg?lm=1
Nathan Collins,23,Brentford FC,Centre-Back,Defender,Ireland,€25.00m,https://www.transfermarkt.us/nathan-collins/profil/spieler/469050,nathan-collins,469050,Premier League,https://img.a.transfermarkt.technology/portrait/header/469050-1688381729.jpg?lm=1
Sepp van den Berg,22,Brentford FC,Centre-Back,Defender,Netherlands,€18.00m,https://www.transfermarkt.us/sepp-van-den-berg/profil/spieler/541231,sepp-van-den-berg,541231,Premier League,https://img.a.transfermarkt.technology/portrait/header/541231-1692000386.jpg?lm=1
Kristoffer Ajer,26,Brentford FC,Centre-Back,Defender,Norway,€15.00m,https://www.transfermarkt.us/kristoffer-ajer/profil/spieler/328658,kristoffer-ajer,328658,Premier League,https://img.a.transfermarkt.technology/portrait/header/328658-1700649482.jpg?lm=1
Ethan Pinnock,31,Brentford FC,Centre-Back,Defender,Jamaica,€10.00m,https://www.transfermarkt.us/ethan-pinnock/profil/spieler/442248,ethan-pinnock,442248,Premier League,https://img.a.transfermarkt.technology/portrait/header/442248-1719836196.jpg?lm=1
Ben Mee,35,Brentford FC,Centre-Back,Defender,England,€1.00m,https://www.transfermarkt.us/ben-mee/profil/spieler/74810,ben-mee,74810,Premier League,https://img.a.transfermarkt.technology/portrait/header/74810-1700647998.jpg?lm=1
Ji-soo Kim,19,Brentford FC,Centre-Back,Defender,"Korea, South",€0.6m,https://www.transfermarkt.us/ji-soo-kim/profil/spieler/709767,ji-soo-kim,709767,Premier League,https://img.a.transfermarkt.technology/portrait/header/709767-1674265126.jpg?lm=1
Rico Henry,27,Brentford FC,Left-Back,Defender,England,€20.00m,https://www.transfermarkt.us/rico-henry/profil/spieler/339556,rico-henry,339556,Premier League,https://img.a.transfermarkt.technology/portrait/header/339556-1684771012.jpg?lm=1
Jayden Meghoma,18,Brentford FC,Left-Back,Defender,England,€0.0m,https://www.transfermarkt.us/jayden-meghoma/profil/spieler/954104,jayden-meghoma,954104,Premier League,https://img.a.transfermarkt.technology/portrait/header/954104-1725051533.jpg?lm=1
Aaron Hickey,22,Brentford FC,Right-Back,Defender,Scotland,€25.00m,https://www.transfermarkt.us/aaron-hickey/profil/spieler/591949,aaron-hickey,591949,Premier League,https://img.a.transfermarkt.technology/portrait/header/591949-1684772165.jpg?lm=1
Mads Roerslev,25,Brentford FC,Right-Back,Defender,Denmark,€10.00m,https://www.transfermarkt.us/mads-roerslev/profil/spieler/391005,mads-roerslev,391005,Premier League,https://img.a.transfermarkt.technology/portrait/header/391005-1684772936.jpg?lm=1
Vitaly Janelt,26,Brentford FC,Defensive Midfield,Midfield,Germany,€22.00m,https://www.transfermarkt.us/vitaly-janelt/profil/spieler/270171,vitaly-janelt,270171,Premier League,https://img.a.transfermarkt.technology/portrait/header/270171-1649932358.jpg?lm=1
Christian Nørgaard,30,Brentford FC,Defensive Midfield,Midfield,Denmark,€18.00m,https://www.transfermarkt.us/christian-norgaard/profil/spieler/148367,christian-norgaard,148367,Premier League,https://img.a.transfermarkt.technology/portrait/header/148367-1699799827.jpg?lm=1
Yunus Emre Konak,18,Brentford FC,Defensive Midfield,Midfield,Türkiye,€3.50m,https://www.transfermarkt.us/yunus-emre-konak/profil/spieler/1141628,yunus-emre-konak,1141628,Premier League,https://img.a.transfermarkt.technology/portrait/header/1141628-1691660915.png?lm=1
Mathias Jensen,28,Brentford FC,Central Midfield,Midfield,Denmark,€28.00m,https://www.transfermarkt.us/mathias-jensen/profil/spieler/319859,mathias-jensen,319859,Premier League,https://img.a.transfermarkt.technology/portrait/header/319859-1684771732.jpg?lm=1
Josh Dasilva,26,Brentford FC,Central Midfield,Midfield,England,€10.00m,https://www.transfermarkt.us/josh-dasilva/profil/spieler/340321,josh-dasilva,340321,Premier League,https://img.a.transfermarkt.technology/portrait/header/340321-1596444356.jpg?lm=1
Paris Maghoma,23,Brentford FC,Central Midfield,Midfield,England,€0.35m,https://www.transfermarkt.us/paris-maghoma/profil/spieler/470596,paris-maghoma,470596,Premier League,https://img.a.transfermarkt.technology/portrait/header/470596-1548064000.jpg?lm=1
Ryan Trevitt,21,Brentford FC,Central Midfield,Midfield,England,€0.275m,https://www.transfermarkt.us/ryan-trevitt/profil/spieler/874538,ryan-trevitt,874538,Premier League,https://img.a.transfermarkt.technology/portrait/header/874538-1686580996.jpg?lm=1
Fábio Carvalho,22,Brentford FC,Attacking Midfield,Midfield,Portugal,€18.00m,https://www.transfermarkt.us/fabio-carvalho/profil/spieler/559263,fabio-carvalho,559263,Premier League,https://img.a.transfermarkt.technology/portrait/header/559263-1687517452.jpg?lm=1
Yegor Yarmolyuk,20,Brentford FC,Attacking Midfield,Midfield,Ukraine,€10.00m,https://www.transfermarkt.us/yegor-yarmolyuk/profil/spieler/717411,yegor-yarmolyuk,717411,Premier League,https://img.a.transfermarkt.technology/portrait/header/717411-1639148047.png?lm=1
Kevin Schade,23,Brentford FC,Left Winger,Attack,Germany,€22.00m,https://www.transfermarkt.us/kevin-schade/profil/spieler/473050,kevin-schade,473050,Premier League,https://img.a.transfermarkt.technology/portrait/header/473050-1700560328.jpg?lm=1
Keane Lewis-Potter,23,Brentford FC,Left Winger,Attack,England,€18.00m,https://www.transfermarkt.us/keane-lewis-potter/profil/spieler/644401,keane-lewis-potter,644401,Premier League,https://img.a.transfermarkt.technology/portrait/header/644401-1642684319.jpg?lm=1
Mikkel Damsgaard,24,Brentford FC,Left Winger,Attack,Denmark,€10.00m,https://www.transfermarkt.us/mikkel-damsgaard/profil/spieler/540941,mikkel-damsgaard,540941,Premier League,https://img.a.transfermarkt.technology/portrait/header/540941-1668183899.jpg?lm=1
Gustavo Nunes,19,Brentford FC,Left Winger,Attack,Brazil,€10.00m,https://www.transfermarkt.us/gustavo-nunes/profil/spieler/1086375,gustavo-nunes,1086375,Premier League,https://img.a.transfermarkt.technology/portrait/header/1086375-1717523011.jpg?lm=1
Bryan Mbeumo,25,Brentford FC,Right Winger,Attack,Cameroon,€40.00m,https://www.transfermarkt.us/bryan-mbeumo/profil/spieler/413039,bryan-mbeumo,413039,Premier League,https://img.a.transfermarkt.technology/portrait/header/413039-1668505084.jpg?lm=1
Yoane Wissa,28,Brentford FC,Centre-Forward,Attack,DR Congo,€28.00m,https://www.transfermarkt.us/yoane-wissa/profil/spieler/388165,yoane-wissa,388165,Premier League,https://img.a.transfermarkt.technology/portrait/header/388165-1579276540.jpg?lm=1
Igor Thiago,23,Brentford FC,Centre-Forward,Attack,Brazil,€25.00m,https://www.transfermarkt.us/igor-thiago/profil/spieler/739443,igor-thiago,739443,Premier League,https://img.a.transfermarkt.technology/portrait/header/739443-1707939484.jpg?lm=1
Bart Verbruggen,22,Brighton & Hove Albion,Goalkeeper,Goalkeeper,Netherlands,€22.00m,https://www.transfermarkt.us/bart-verbruggen/profil/spieler/565093,bart-verbruggen,565093,Premier League,https://img.a.transfermarkt.technology/portrait/header/565093-1716990260.jpg?lm=1
Jason Steele,34,Brighton & Hove Albion,Goalkeeper,Goalkeeper,England,€3.50m,https://www.transfermarkt.us/jason-steele/profil/spieler/73564,jason-steele,73564,Premier League,https://img.a.transfermarkt.technology/portrait/header/73564-1681383960.jpg?lm=1
Jan Paul van Hecke,24,Brighton & Hove Albion,Centre-Back,Defender,Netherlands,€22.00m,https://www.transfermarkt.us/jan-paul-van-hecke/profil/spieler/576314,jan-paul-van-hecke,576314,Premier League,https://img.a.transfermarkt.technology/portrait/header/576314-1673362272.jpg?lm=1
Igor,26,Brighton & Hove Albion,Centre-Back,Defender,Brazil,€17.00m,https://www.transfermarkt.us/igor/profil/spieler/380350,igor,380350,Premier League,https://img.a.transfermarkt.technology/portrait/header/380350-1700737326.jpg?lm=1
Adam Webster,29,Brighton & Hove Albion,Centre-Back,Defender,England,€15.00m,https://www.transfermarkt.us/adam-webster/profil/spieler/212847,adam-webster,212847,Premier League,https://img.a.transfermarkt.technology/portrait/header/212847-1681737411.jpg?lm=1
Lewis Dunk,33,Brighton & Hove Albion,Centre-Back,Defender,England,€12.00m,https://www.transfermarkt.us/lewis-dunk/profil/spieler/148153,lewis-dunk,148153,Premier League,https://img.a.transfermarkt.technology/portrait/header/148153-1716297176.jpg?lm=1
Ferdi Kadıoğlu,25,Brighton & Hove Albion,Left-Back,Defender,Türkiye,€30.00m,https://www.transfermarkt.us/ferdi-kadioglu/profil/spieler/369316,ferdi-kadioglu,369316,Premier League,https://img.a.transfermarkt.technology/portrait/header/369316-1724792538.jpg?lm=1
Pervis Estupiñán,26,Brighton & Hove Albion,Left-Back,Defender,Ecuador,€30.00m,https://www.transfermarkt.us/pervis-estupinan/profil/spieler/349599,pervis-estupinan,349599,Premier League,https://img.a.transfermarkt.technology/portrait/header/349599-1668498118.jpg?lm=1
Imari Samuels,21,Brighton & Hove Albion,Left-Back,Defender,England,€0.1m,https://www.transfermarkt.us/imari-samuels/profil/spieler/565846,imari-samuels,565846,Premier League,https://img.a.transfermarkt.technology/portrait/header/565846-1724484681.jpg?lm=1
Tariq Lamptey,24,Brighton & Hove Albion,Right-Back,Defender,Ghana,€12.00m,https://www.transfermarkt.us/tariq-lamptey/profil/spieler/504148,tariq-lamptey,504148,Premier League,https://img.a.transfermarkt.technology/portrait/header/504148-1692364960.jpg?lm=1
Joël Veltman,32,Brighton & Hove Albion,Right-Back,Defender,Netherlands,€8.00m,https://www.transfermarkt.us/joel-veltman/profil/spieler/111195,joel-veltman,111195,Premier League,https://img.a.transfermarkt.technology/portrait/header/111195-1700650522.jpg?lm=1
Mats Wieffer,25,Brighton & Hove Albion,Defensive Midfield,Midfield,Netherlands,€30.00m,https://www.transfermarkt.us/mats-wieffer/profil/spieler/415381,mats-wieffer,415381,Premier League,https://img.a.transfermarkt.technology/portrait/header/415381-1673869834.jpg?lm=1
Carlos Baleba,20,Brighton & Hove Albion,Defensive Midfield,Midfield,Cameroon,€22.00m,https://www.transfermarkt.us/carlos-baleba/profil/spieler/973085,carlos-baleba,973085,Premier League,https://img.a.transfermarkt.technology/portrait/header/973085-1666690662.jpg?lm=1
Matt O'Riley,24,Brighton & Hove Albion,Central Midfield,Midfield,Denmark,€20.00m,https://www.transfermarkt.us/matt-oriley/profil/spieler/406634,matt-oriley,406634,Premier League,https://img.a.transfermarkt.technology/portrait/header/406634-1661800636.jpg?lm=1
Jack Hinshelwood,19,Brighton & Hove Albion,Central Midfield,Midfield,England,€20.00m,https://www.transfermarkt.us/jack-hinshelwood/profil/spieler/867688,jack-hinshelwood,867688,Premier League,https://img.a.transfermarkt.technology/portrait/header/867688-1698353957.jpg?lm=1
Jakub Moder,25,Brighton & Hove Albion,Central Midfield,Midfield,Poland,€10.00m,https://www.transfermarkt.us/jakub-moder/profil/spieler/384461,jakub-moder,384461,Premier League,https://img.a.transfermarkt.technology/portrait/header/384461-1716985274.jpg?lm=1
Yasin Ayari,21,Brighton & Hove Albion,Central Midfield,Midfield,Sweden,€4.50m,https://www.transfermarkt.us/yasin-ayari/profil/spieler/667287,yasin-ayari,667287,Premier League,https://img.a.transfermarkt.technology/portrait/header/667287-1662115248.jpg?lm=1
James Milner,38,Brighton & Hove Albion,Central Midfield,Midfield,England,€1.00m,https://www.transfermarkt.us/james-milner/profil/spieler/3333,james-milner,3333,Premier League,https://img.a.transfermarkt.technology/portrait/header/3333-1662621121.jpg?lm=1
Julio Enciso,20,Brighton & Hove Albion,Attacking Midfield,Midfield,Paraguay,€22.00m,https://www.transfermarkt.us/julio-enciso/profil/spieler/660867,julio-enciso,660867,Premier League,https://img.a.transfermarkt.technology/portrait/header/660867-1669388786.jpg?lm=1
Kaoru Mitoma,27,Brighton & Hove Albion,Left Winger,Attack,Japan,€45.00m,https://www.transfermarkt.us/kaoru-mitoma/profil/spieler/504849,kaoru-mitoma,504849,Premier League,https://img.a.transfermarkt.technology/portrait/header/504849-1731683095.jpg?lm=1
Simon Adingra,22,Brighton & Hove Albion,Right Winger,Attack,Cote d'Ivoire,€30.00m,https://www.transfermarkt.us/simon-adingra/profil/spieler/658536,simon-adingra,658536,Premier League,https://img.a.transfermarkt.technology/portrait/header/658536-1666292606.jpg?lm=1
Yankuba Minteh,20,Brighton & Hove Albion,Right Winger,Attack,The Gambia,€28.00m,https://www.transfermarkt.us/yankuba-minteh/profil/spieler/1012534,yankuba-minteh,1012534,Premier League,https://img.a.transfermarkt.technology/portrait/header/1012534-1694774813.jpg?lm=1
Brajan Gruda,20,Brighton & Hove Albion,Right Winger,Attack,Germany,€25.00m,https://www.transfermarkt.us/brajan-gruda/profil/spieler/700106,brajan-gruda,700106,Premier League,https://img.a.transfermarkt.technology/portrait/header/700106-1699001685.jpg?lm=1
Solly March,30,Brighton & Hove Albion,Right Winger,Attack,England,€15.00m,https://www.transfermarkt.us/solly-march/profil/spieler/209212,solly-march,209212,Premier League,https://img.a.transfermarkt.technology/portrait/header/209212-1682348330.jpeg?lm=1
Adrian Mazilu,19,Brighton & Hove Albion,Right Winger,Attack,Romania,€2.50m,https://www.transfermarkt.us/adrian-mazilu/profil/spieler/723835,adrian-mazilu,723835,Premier League,https://img.a.transfermarkt.technology/portrait/header/723835-1706256149.jpg?lm=1
João Pedro,23,Brighton & Hove Albion,Centre-Forward,Attack,Brazil,€50.00m,https://www.transfermarkt.us/joao-pedro/profil/spieler/626724,joao-pedro,626724,Premier League,https://img.a.transfermarkt.technology/portrait/header/626724-1724792744.jpg?lm=1
Evan Ferguson,20,Brighton & Hove Albion,Centre-Forward,Attack,Ireland,€45.00m,https://www.transfermarkt.us/evan-ferguson/profil/spieler/648046,evan-ferguson,648046,Premier League,https://img.a.transfermarkt.technology/portrait/header/648046-1681739980.jpg?lm=1
Georginio Rutter,22,Brighton & Hove Albion,Centre-Forward,Attack,France,€28.00m,https://www.transfermarkt.us/georginio-rutter/profil/spieler/538977,georginio-rutter,538977,Premier League,https://img.a.transfermarkt.technology/portrait/header/538977-1727785742.jpg?lm=1
Danny Welbeck,34,Brighton & Hove Albion,Centre-Forward,Attack,England,€5.00m,https://www.transfermarkt.us/danny-welbeck/profil/spieler/67063,danny-welbeck,67063,Premier League,https://img.a.transfermarkt.technology/portrait/header/67063-1700673547.jpg?lm=1
Dean Henderson,27,Crystal Palace,Goalkeeper,Goalkeeper,England,€12.00m,https://www.transfermarkt.us/dean-henderson/profil/spieler/258919,dean-henderson,258919,Premier League,https://img.a.transfermarkt.technology/portrait/header/258919-1716297478.jpg?lm=1
Matt Turner,30,Crystal Palace,Goalkeeper,Goalkeeper,United States,€5.00m,https://www.transfermarkt.us/matt-turner/profil/spieler/425306,matt-turner,425306,Premier League,https://img.a.transfermarkt.technology/portrait/header/425306-1682689678.jpg?lm=1
Remi Matthews,30,Crystal Palace,Goalkeeper,Goalkeeper,England,€0.5m,https://www.transfermarkt.us/remi-matthews/profil/spieler/196722,remi-matthews,196722,Premier League,https://img.a.transfermarkt.technology/portrait/header/196722-1669021601.jpg?lm=1
Marc Guéhi,24,Crystal Palace,Centre-Back,Defender,England,€45.00m,https://www.transfermarkt.us/marc-guehi/profil/spieler/392757,marc-guehi,392757,Premier League,https://img.a.transfermarkt.technology/portrait/header/392757-1683030598.jpg?lm=1
Maxence Lacroix,24,Crystal Palace,Centre-Back,Defender,France,€20.00m,https://www.transfermarkt.us/maxence-lacroix/profil/spieler/434224,maxence-lacroix,434224,Premier League,https://img.a.transfermarkt.technology/portrait/header/434224-1657202248.jpg?lm=1
Chadi Riad,21,Crystal Palace,Centre-Back,Defender,Morocco,€15.00m,https://www.transfermarkt.us/chadi-riad/profil/spieler/689637,chadi-riad,689637,Premier League,https://img.a.transfermarkt.technology/portrait/header/689637-1704399972.jpg?lm=1
Trevoh Chalobah,25,Crystal Palace,Centre-Back,Defender,England,€13.00m,https://www.transfermarkt.us/trevoh-chalobah/profil/spieler/346314,trevoh-chalobah,346314,Premier League,https://img.a.transfermarkt.technology/portrait/header/346314-1698937171.jpg?lm=1
Chris Richards,24,Crystal Palace,Centre-Back,Defender,United States,€12.00m,https://www.transfermarkt.us/chris-richards/profil/spieler/578539,chris-richards,578539,Premier League,https://img.a.transfermarkt.technology/portrait/header/578539-1708426272.jpg?lm=1
Rob Holding,29,Crystal Palace,Centre-Back,Defender,England,€5.00m,https://www.transfermarkt.us/rob-holding/profil/spieler/253341,rob-holding,253341,Premier League,https://img.a.transfermarkt.technology/portrait/header/253341-1683101805.jpeg?lm=1
Tyrick Mitchell,25,Crystal Palace,Left-Back,Defender,England,€25.00m,https://www.transfermarkt.us/tyrick-mitchell/profil/spieler/730893,tyrick-mitchell,730893,Premier League,https://img.a.transfermarkt.technology/portrait/header/730893-1693826944.jpg?lm=1
Daniel Muñoz,28,Crystal Palace,Right-Back,Defender,Colombia,€23.00m,https://www.transfermarkt.us/daniel-munoz/profil/spieler/493003,daniel-munoz,493003,Premier League,https://img.a.transfermarkt.technology/portrait/header/493003-1718642628.jpg?lm=1
Nathaniel Clyne,33,Crystal Palace,Right-Back,Defender,England,€1.50m,https://www.transfermarkt.us/nathaniel-clyne/profil/spieler/85177,nathaniel-clyne,85177,Premier League,https://img.a.transfermarkt.technology/portrait/header/85177-1700648209.jpg?lm=1
Joel Ward,35,Crystal Palace,Right-Back,Defender,England,€1.00m,https://www.transfermarkt.us/joel-ward/profil/spieler/92572,joel-ward,92572,Premier League,https://img.a.transfermarkt.technology/portrait/header/92572-1547722707.jpg?lm=1
Cheick Doucouré,24,Crystal Palace,Defensive Midfield,Midfield,Mali,€35.00m,https://www.transfermarkt.us/cheick-doucoure/profil/spieler/543387,cheick-doucoure,543387,Premier League,https://img.a.transfermarkt.technology/portrait/header/543387-1693826399.jpg?lm=1
Adam Wharton,20,Crystal Palace,Defensive Midfield,Midfield,England,€30.00m,https://www.transfermarkt.us/adam-wharton/profil/spieler/744149,adam-wharton,744149,Premier League,https://img.a.transfermarkt.technology/portrait/header/744149-1716297290.jpg?lm=1
Jefferson Lerma,30,Crystal Palace,Defensive Midfield,Midfield,Colombia,€18.00m,https://www.transfermarkt.us/jefferson-lerma/profil/spieler/262980,jefferson-lerma,262980,Premier League,https://img.a.transfermarkt.technology/portrait/header/262980-1693334146.jpg?lm=1
Will Hughes,29,Crystal Palace,Central Midfield,Midfield,England,€9.00m,https://www.transfermarkt.us/will-hughes/profil/spieler/207014,will-hughes,207014,Premier League,https://img.a.transfermarkt.technology/portrait/header/207014-1700672424.jpg?lm=1
Jeffrey Schlupp,31,Crystal Palace,Left Midfield,Midfield,Ghana,€7.00m,https://www.transfermarkt.us/jeffrey-schlupp/profil/spieler/157506,jeffrey-schlupp,157506,Premier League,https://img.a.transfermarkt.technology/portrait/header/157506-1700672108.jpg?lm=1
Eberechi Eze,26,Crystal Palace,Attacking Midfield,Midfield,England,€60.00m,https://www.transfermarkt.us/eberechi-eze/profil/spieler/479999,eberechi-eze,479999,Premier League,https://img.a.transfermarkt.technology/portrait/header/479999-1678466922.jpg?lm=1
Daichi Kamada,28,Crystal Palace,Attacking Midfield,Midfield,Japan,€18.00m,https://www.transfermarkt.us/daichi-kamada/profil/spieler/356141,daichi-kamada,356141,Premier League,https://img.a.transfermarkt.technology/portrait/header/356141-1707947777.jpg?lm=1
Matheus França,20,Crystal Palace,Attacking Midfield,Midfield,Brazil,€15.00m,https://www.transfermarkt.us/matheus-franca/profil/spieler/743597,matheus-franca,743597,Premier League,https://img.a.transfermarkt.technology/portrait/header/743597-1708426107.jpg?lm=1
Ismaïla Sarr,26,Crystal Palace,Right Winger,Attack,Senegal,€18.00m,https://www.transfermarkt.us/ismaila-sarr/profil/spieler/410225,ismaila-sarr,410225,Premier League,https://img.a.transfermarkt.technology/portrait/header/410225-1668162683.jpg?lm=1
Eddie Nketiah,25,Crystal Palace,Centre-Forward,Attack,England,€30.00m,https://www.transfermarkt.us/eddie-nketiah/profil/spieler/340324,eddie-nketiah,340324,Premier League,https://img.a.transfermarkt.technology/portrait/header/340324-1730795033.jpg?lm=1
Jean-Philippe Mateta,27,Crystal Palace,Centre-Forward,Attack,France,€20.00m,https://www.transfermarkt.us/jean-philippe-mateta/profil/spieler/420002,jean-philippe-mateta,420002,Premier League,https://img.a.transfermarkt.technology/portrait/header/420002-1723202650.jpg?lm=1
Jordan Pickford,30,Everton FC,Goalkeeper,Goalkeeper,England,€22.00m,https://www.transfermarkt.us/jordan-pickford/profil/spieler/130164,jordan-pickford,130164,Premier League,https://img.a.transfermarkt.technology/portrait/header/130164-1668499964.jpg?lm=1
João Virgínia,25,Everton FC,Goalkeeper,Goalkeeper,Portugal,€0.8m,https://www.transfermarkt.us/joao-virginia/profil/spieler/329813,joao-virginia,329813,Premier League,https://img.a.transfermarkt.technology/portrait/header/329813-1557498511.jpg?lm=1
Asmir Begovic,37,Everton FC,Goalkeeper,Goalkeeper,Bosnia-Herzegovina,€0.3m,https://www.transfermarkt.us/asmir-begovic/profil/spieler/33873,asmir-begovic,33873,Premier League,https://img.a.transfermarkt.technology/portrait/header/33873-1520608555.jpg?lm=1
Jarrad Branthwaite,22,Everton FC,Centre-Back,Defender,England,€42.00m,https://www.transfermarkt.us/jarrad-branthwaite/profil/spieler/661053,jarrad-branthwaite,661053,Premier League,https://img.a.transfermarkt.technology/portrait/header/661053-1687975679.jpg?lm=1
Jake O'Brien,23,Everton FC,Centre-Back,Defender,Ireland,€15.00m,https://www.transfermarkt.us/jake-obrien/profil/spieler/711544,jake-obrien,711544,Premier League,https://img.a.transfermarkt.technology/portrait/header/711544-1662362868.jpg?lm=1
James Tarkowski,32,Everton FC,Centre-Back,Defender,England,€13.00m,https://www.transfermarkt.us/james-tarkowski/profil/spieler/173504,james-tarkowski,173504,Premier League,https://img.a.transfermarkt.technology/portrait/header/173504-1655979328.jpg?lm=1
Michael Keane,31,Everton FC,Centre-Back,Defender,England,€6.00m,https://www.transfermarkt.us/michael-keane/profil/spieler/118534,michael-keane,118534,Premier League,https://img.a.transfermarkt.technology/portrait/header/118534-1687967021.jpg?lm=1
Vitaliy Mykolenko,25,Everton FC,Left-Back,Defender,Ukraine,€28.00m,https://www.transfermarkt.us/vitaliy-mykolenko/profil/spieler/404842,vitaliy-mykolenko,404842,Premier League,https://img.a.transfermarkt.technology/portrait/header/404842-1708012303.jpg?lm=1
Ashley Young,39,Everton FC,Left-Back,Defender,England,€0.5m,https://www.transfermarkt.us/ashley-young/profil/spieler/14086,ashley-young,14086,Premier League,https://img.a.transfermarkt.technology/portrait/header/14086-1700736434.jpg?lm=1
Nathan Patterson,23,Everton FC,Right-Back,Defender,Scotland,€15.00m,https://www.transfermarkt.us/nathan-patterson/profil/spieler/424015,nathan-patterson,424015,Premier League,https://img.a.transfermarkt.technology/portrait/header/424015-1596699245.jpg?lm=1
Séamus Coleman,36,Everton FC,Right-Back,Defender,Ireland,€0.5m,https://www.transfermarkt.us/seamus-coleman/profil/spieler/68390,seamus-coleman,68390,Premier League,https://img.a.transfermarkt.technology/portrait/header/68390-1627488566.jpg?lm=1
James Garner,23,Everton FC,Defensive Midfield,Midfield,England,€22.00m,https://www.transfermarkt.us/james-garner/profil/spieler/505219,james-garner,505219,Premier League,https://img.a.transfermarkt.technology/portrait/header/505219-1662067244.jpg?lm=1
Orel Mangala,26,Everton FC,Defensive Midfield,Midfield,Belgium,€20.00m,https://www.transfermarkt.us/orel-mangala/profil/spieler/289592,orel-mangala,289592,Premier League,https://img.a.transfermarkt.technology/portrait/header/289592-1657181518.jpg?lm=1
Abdoulaye Doucouré,31,Everton FC,Central Midfield,Midfield,Mali,€10.00m,https://www.transfermarkt.us/abdoulaye-doucoure/profil/spieler/127187,abdoulaye-doucoure,127187,Premier League,https://img.a.transfermarkt.technology/portrait/header/127187-1687966805.jpg?lm=1
Tim Iroegbunam,21,Everton FC,Central Midfield,Midfield,England,€10.00m,https://www.transfermarkt.us/tim-iroegbunam/profil/spieler/696589,tim-iroegbunam,696589,Premier League,https://img.a.transfermarkt.technology/portrait/header/696589-1650877564.jpg?lm=1
Idrissa Gueye,35,Everton FC,Central Midfield,Midfield,Senegal,€2.00m,https://www.transfermarkt.us/idrissa-gueye/profil/spieler/126665,idrissa-gueye,126665,Premier League,https://img.a.transfermarkt.technology/portrait/header/126665-1602849128.jpg?lm=1
Dwight McNeil,25,Everton FC,Left Winger,Attack,England,€22.00m,https://www.transfermarkt.us/dwight-mcneil/profil/spieler/584769,dwight-mcneil,584769,Premier League,https://img.a.transfermarkt.technology/portrait/header/584769-1700651579.jpg?lm=1
Iliman Ndiaye,24,Everton FC,Left Winger,Attack,Senegal,€15.00m,https://www.transfermarkt.us/iliman-ndiaye/profil/spieler/623570,iliman-ndiaye,623570,Premier League,https://img.a.transfermarkt.technology/portrait/header/623570-1651653048.png?lm=1
Jesper Lindstrøm,24,Everton FC,Right Winger,Attack,Denmark,€22.00m,https://www.transfermarkt.us/jesper-lindstrom/profil/spieler/513245,jesper-lindstrom,513245,Premier League,https://img.a.transfermarkt.technology/portrait/header/513245-1663065433.jpg?lm=1
Jack Harrison,28,Everton FC,Right Winger,Attack,England,€18.00m,https://www.transfermarkt.us/jack-harrison/profil/spieler/417346,jack-harrison,417346,Premier League,https://img.a.transfermarkt.technology/portrait/header/417346-1711746777.jpg?lm=1
Dominic Calvert-Lewin,27,Everton FC,Centre-Forward,Attack,England,€22.00m,https://www.transfermarkt.us/dominic-calvert-lewin/profil/spieler/306024,dominic-calvert-lewin,306024,Premier League,https://img.a.transfermarkt.technology/portrait/header/306024-1685705768.jpg?lm=1
Beto,26,Everton FC,Centre-Forward,Attack,Guinea-Bissau,€20.00m,https://www.transfermarkt.us/beto/profil/spieler/595809,beto,595809,Premier League,https://img.a.transfermarkt.technology/portrait/header/595809-1711746870.jpg?lm=1
Armando Broja,23,Everton FC,Centre-Forward,Attack,Albania,€18.00m,https://www.transfermarkt.us/armando-broja/profil/spieler/571743,armando-broja,571743,Premier League,https://img.a.transfermarkt.technology/portrait/header/571743-1662362376.jpg?lm=1
Chermiti,20,Everton FC,Centre-Forward,Attack,Portugal,€9.00m,https://www.transfermarkt.us/chermiti/profil/spieler/670688,chermiti,670688,Premier League,https://img.a.transfermarkt.technology/portrait/header/670688-1708426195.jpg?lm=1
Bernd Leno,32,Fulham FC,Goalkeeper,Goalkeeper,Germany,€13.00m,https://www.transfermarkt.us/bernd-leno/profil/spieler/72476,bernd-leno,72476,Premier League,https://img.a.transfermarkt.technology/portrait/header/72476-1642711733.jpg?lm=1
Steven Benda,26,Fulham FC,Goalkeeper,Goalkeeper,Germany,€1.00m,https://www.transfermarkt.us/steven-benda/profil/spieler/381469,steven-benda,381469,Premier League,https://img.a.transfermarkt.technology/portrait/header/381469-1547712798.jpg?lm=1
Joachim Andersen,28,Fulham FC,Centre-Back,Defender,Denmark,€35.00m,https://www.transfermarkt.us/joachim-andersen/profil/spieler/260827,joachim-andersen,260827,Premier League,https://img.a.transfermarkt.technology/portrait/header/260827-1668183482.jpg?lm=1
Issa Diop,27,Fulham FC,Centre-Back,Defender,France,€20.00m,https://www.transfermarkt.us/issa-diop/profil/spieler/272622,issa-diop,272622,Premier League,https://img.a.transfermarkt.technology/portrait/header/272622-1660565295.jpg?lm=1
Calvin Bassey,24,Fulham FC,Centre-Back,Defender,Nigeria,€16.00m,https://www.transfermarkt.us/calvin-bassey/profil/spieler/461883,calvin-bassey,461883,Premier League,https://img.a.transfermarkt.technology/portrait/header/461883-1662989506.jpg?lm=1
Jorge Cuenca,25,Fulham FC,Centre-Back,Defender,Spain,€6.00m,https://www.transfermarkt.us/jorge-cuenca/profil/spieler/494880,jorge-cuenca,494880,Premier League,https://img.a.transfermarkt.technology/portrait/header/494880-1539767956.jpg?lm=1
Antonee Robinson,27,Fulham FC,Left-Back,Defender,United States,€25.00m,https://www.transfermarkt.us/antonee-robinson/profil/spieler/349701,antonee-robinson,349701,Premier League,https://img.a.transfermarkt.technology/portrait/header/349701-1703926612.jpg?lm=1
Ryan Sessegnon,24,Fulham FC,Left-Back,Defender,England,€10.00m,https://www.transfermarkt.us/ryan-sessegnon/profil/spieler/392775,ryan-sessegnon,392775,Premier League,https://img.a.transfermarkt.technology/portrait/header/392775-1722077271.jpg?lm=1
Timothy Castagne,28,Fulham FC,Right-Back,Defender,Belgium,€17.00m,https://www.transfermarkt.us/timothy-castagne/profil/spieler/262226,timothy-castagne,262226,Premier League,https://img.a.transfermarkt.technology/portrait/header/262226-1665067689.jpg?lm=1
Kenny Tete,29,Fulham FC,Right-Back,Defender,Netherlands,€15.00m,https://www.transfermarkt.us/kenny-tete/profil/spieler/206746,kenny-tete,206746,Premier League,https://img.a.transfermarkt.technology/portrait/header/206746-1599577236.jpg?lm=1
Sander Berge,26,Fulham FC,Defensive Midfield,Midfield,Norway,€20.00m,https://www.transfermarkt.us/sander-berge/profil/spieler/333014,sander-berge,333014,Premier League,https://img.a.transfermarkt.technology/portrait/header/333014-1679676693.jpg?lm=1
Harrison Reed,29,Fulham FC,Central Midfield,Midfield,England,€13.00m,https://www.transfermarkt.us/harrison-reed/profil/spieler/226973,harrison-reed,226973,Premier League,https://img.a.transfermarkt.technology/portrait/header/226973-1628697428.jpg?lm=1
Saša Lukić,28,Fulham FC,Central Midfield,Midfield,Serbia,€10.00m,https://www.transfermarkt.us/sasa-lukic/profil/spieler/245056,sasa-lukic,245056,Premier League,https://img.a.transfermarkt.technology/portrait/header/245056-1596015377.jpg?lm=1
Tom Cairney,33,Fulham FC,Central Midfield,Midfield,Scotland,€2.00m,https://www.transfermarkt.us/tom-cairney/profil/spieler/123275,tom-cairney,123275,Premier League,https://img.a.transfermarkt.technology/portrait/header/123275-1651652849.jpg?lm=1
Emile Smith Rowe,24,Fulham FC,Attacking Midfield,Midfield,England,€28.00m,https://www.transfermarkt.us/emile-smith-rowe/profil/spieler/392765,emile-smith-rowe,392765,Premier League,https://img.a.transfermarkt.technology/portrait/header/392765-1684164628.jpg?lm=1
Andreas Pereira,28,Fulham FC,Attacking Midfield,Midfield,Brazil,€20.00m,https://www.transfermarkt.us/andreas-pereira/profil/spieler/203394,andreas-pereira,203394,Premier League,https://img.a.transfermarkt.technology/portrait/header/203394-1659355525.jpg?lm=1
Alex Iwobi,28,Fulham FC,Left Winger,Attack,Nigeria,€25.00m,https://www.transfermarkt.us/alex-iwobi/profil/spieler/242631,alex-iwobi,242631,Premier League,https://img.a.transfermarkt.technology/portrait/header/242631-1679652866.jpg?lm=1
Harry Wilson,27,Fulham FC,Right Winger,Attack,Wales,€17.00m,https://www.transfermarkt.us/harry-wilson/profil/spieler/279455,harry-wilson,279455,Premier League,https://img.a.transfermarkt.technology/portrait/header/279455-1668070758.jpg?lm=1
Reiss Nelson,24,Fulham FC,Right Winger,Attack,England,€15.00m,https://www.transfermarkt.us/reiss-nelson/profil/spieler/340325,reiss-nelson,340325,Premier League,https://img.a.transfermarkt.technology/portrait/header/340325-1667418642.jpg?lm=1
Adama Traoré,28,Fulham FC,Right Winger,Attack,Spain,€9.00m,https://www.transfermarkt.us/adama-traore/profil/spieler/204103,adama-traore,204103,Premier League,https://img.a.transfermarkt.technology/portrait/header/204103-1685622835.jpg?lm=1
Rodrigo Muniz,23,Fulham FC,Centre-Forward,Attack,Brazil,€20.00m,https://www.transfermarkt.us/rodrigo-muniz/profil/spieler/735571,rodrigo-muniz,735571,Premier League,https://img.a.transfermarkt.technology/portrait/header/735571-1657802369.jpg?lm=1
Raúl Jiménez,33,Fulham FC,Centre-Forward,Attack,Mexico,€5.00m,https://www.transfermarkt.us/raul-jimenez/profil/spieler/206040,raul-jimenez,206040,Premier League,https://img.a.transfermarkt.technology/portrait/header/206040-1668454631.jpg?lm=1
Carlos Vinícius,29,Fulham FC,Centre-Forward,Attack,Brazil,€4.00m,https://www.transfermarkt.us/carlos-vinicius/profil/spieler/525287,carlos-vinicius,525287,Premier League,https://img.a.transfermarkt.technology/portrait/header/525287-1662070180.jpg?lm=1
Arijanet Muric,26,Ipswich Town,Goalkeeper,Goalkeeper,Kosovo,€7.00m,https://www.transfermarkt.us/arijanet-muric/profil/spieler/371021,arijanet-muric,371021,Premier League,https://img.a.transfermarkt.technology/portrait/header/371021-1685718424.jpg?lm=1
Christian Walton,29,Ipswich Town,Goalkeeper,Goalkeeper,England,€0.9m,https://www.transfermarkt.us/christian-walton/profil/spieler/208379,christian-walton,208379,Premier League,https://img.a.transfermarkt.technology/portrait/header/208379-1720189930.jpg?lm=1
Cieran Slicker,22,Ipswich Town,Goalkeeper,Goalkeeper,Scotland,€0.3m,https://www.transfermarkt.us/cieran-slicker/profil/spieler/621997,cieran-slicker,621997,Premier League,https://img.a.transfermarkt.technology/portrait/header/621997-1655972071.jpg?lm=1
Jacob Greaves,24,Ipswich Town,Centre-Back,Defender,England,€20.00m,https://www.transfermarkt.us/jacob-greaves/profil/spieler/693095,jacob-greaves,693095,Premier League,https://img.a.transfermarkt.technology/portrait/header/693095-1727786112.jpg?lm=1
Dara O'Shea,25,Ipswich Town,Centre-Back,Defender,Ireland,€10.00m,https://www.transfermarkt.us/dara-oshea/profil/spieler/401320,dara-oshea,401320,Premier League,https://img.a.transfermarkt.technology/portrait/header/401320-1632909442.jpg?lm=1
Axel Tuanzebe,27,Ipswich Town,Centre-Back,Defender,DR Congo,€3.00m,https://www.transfermarkt.us/axel-tuanzebe/profil/spieler/342046,axel-tuanzebe,342046,Premier League,https://img.a.transfermarkt.technology/portrait/header/342046-1641553669.jpg?lm=1
Luke Woolfenden,26,Ipswich Town,Centre-Back,Defender,England,€2.00m,https://www.transfermarkt.us/luke-woolfenden/profil/spieler/527425,luke-woolfenden,527425,Premier League,https://img.a.transfermarkt.technology/portrait/header/527425-1664180037.jpg?lm=1
Cameron Burgess,29,Ipswich Town,Centre-Back,Defender,Australia,€1.50m,https://www.transfermarkt.us/cameron-burgess/profil/spieler/255788,cameron-burgess,255788,Premier League,https://img.a.transfermarkt.technology/portrait/header/255788-1664180001.jpg?lm=1
Leif Davis,24,Ipswich Town,Left-Back,Defender,England,€15.00m,https://www.transfermarkt.us/leif-davis/profil/spieler/596446,leif-davis,596446,Premier League,https://img.a.transfermarkt.technology/portrait/header/596446-1551183762.jpg?lm=1
Conor Townsend,31,Ipswich Town,Left-Back,Defender,England,€1.50m,https://www.transfermarkt.us/conor-townsend/profil/spieler/146509,conor-townsend,146509,Premier League,https://img.a.transfermarkt.technology/portrait/header/146509-1551181112.jpg?lm=1
Ben Johnson,24,Ipswich Town,Right-Back,Defender,England,€8.00m,https://www.transfermarkt.us/ben-johnson/profil/spieler/468002,ben-johnson,468002,Premier League,https://img.a.transfermarkt.technology/portrait/header/468002-1694618190.jpg?lm=1
Harry Clarke,23,Ipswich Town,Right-Back,Defender,England,€5.00m,https://www.transfermarkt.us/harry-clarke/profil/spieler/528892,harry-clarke,528892,Premier League,https://img.a.transfermarkt.technology/portrait/header/528892-1628698186.jpg?lm=1
Kalvin Phillips,28,Ipswich Town,Defensive Midfield,Midfield,England,€22.00m,https://www.transfermarkt.us/kalvin-phillips/profil/spieler/351749,kalvin-phillips,351749,Premier League,https://img.a.transfermarkt.technology/portrait/header/351749-1661978510.jpg?lm=1
Jens Cajuste,25,Ipswich Town,Defensive Midfield,Midfield,Sweden,€10.00m,https://www.transfermarkt.us/jens-cajuste/profil/spieler/468066,jens-cajuste,468066,Premier League,https://img.a.transfermarkt.technology/portrait/header/468066-1691568301.jpg?lm=1
Jack Taylor,26,Ipswich Town,Central Midfield,Midfield,Ireland,€1.80m,https://www.transfermarkt.us/jack-taylor/profil/spieler/458178,jack-taylor,458178,Premier League,https://img.a.transfermarkt.technology/portrait/header/458178-1706522764.jpg?lm=1
Sam Morsy,33,Ipswich Town,Central Midfield,Midfield,Egypt,€0.9m,https://www.transfermarkt.us/sam-morsy/profil/spieler/123551,sam-morsy,123551,Premier League,https://img.a.transfermarkt.technology/portrait/header/123551-1658821486.jpg?lm=1
Massimo Luongo,32,Ipswich Town,Central Midfield,Midfield,Australia,€0.5m,https://www.transfermarkt.us/massimo-luongo/profil/spieler/181687,massimo-luongo,181687,Premier League,https://img.a.transfermarkt.technology/portrait/header/181687-1720191232.jpg?lm=1
Sammie Szmodics,29,Ipswich Town,Attacking Midfield,Midfield,Ireland,€10.00m,https://www.transfermarkt.us/sammie-szmodics/profil/spieler/292139,sammie-szmodics,292139,Premier League,https://img.a.transfermarkt.technology/portrait/header/292139-1708002780.jpg?lm=1
Jack Clarke,24,Ipswich Town,Left Winger,Attack,England,€15.00m,https://www.transfermarkt.us/jack-clarke/profil/spieler/559794,jack-clarke,559794,Premier League,https://img.a.transfermarkt.technology/portrait/header/559794-1708003059.jpg?lm=1
Nathan Broadhead,26,Ipswich Town,Left Winger,Attack,Wales,€5.00m,https://www.transfermarkt.us/nathan-broadhead/profil/spieler/344009,nathan-broadhead,344009,Premier League,https://img.a.transfermarkt.technology/portrait/header/344009-1629189855.jpg?lm=1
Omari Hutchinson,21,Ipswich Town,Right Winger,Attack,England,€18.00m,https://www.transfermarkt.us/omari-hutchinson/profil/spieler/741238,omari-hutchinson,741238,Premier League,https://img.a.transfermarkt.technology/portrait/header/741238-1646905031.jpg?lm=1
Chiedozie Ogbene,27,Ipswich Town,Right Winger,Attack,Ireland,€8.00m,https://www.transfermarkt.us/chiedozie-ogbene/profil/spieler/392591,chiedozie-ogbene,392591,Premier League,https://img.a.transfermarkt.technology/portrait/header/392591-1700737518.jpg?lm=1
Wes Burns,30,Ipswich Town,Right Winger,Attack,Wales,€2.00m,https://www.transfermarkt.us/wes-burns/profil/spieler/255731,wes-burns,255731,Premier League,https://img.a.transfermarkt.technology/portrait/header/255731-1664179868.jpg?lm=1
Conor Chaplin,27,Ipswich Town,Second Striker,Attack,England,€7.00m,https://www.transfermarkt.us/conor-chaplin/profil/spieler/349503,conor-chaplin,349503,Premier League,https://img.a.transfermarkt.technology/portrait/header/349503-1612349000.jpg?lm=1
Liam Delap,21,Ipswich Town,Centre-Forward,Attack,England,€15.00m,https://www.transfermarkt.us/liam-delap/profil/spieler/610849,liam-delap,610849,Premier League,https://img.a.transfermarkt.technology/portrait/header/610849-1601282009.jpg?lm=1
George Hirst,25,Ipswich Town,Centre-Forward,Attack,England,€4.00m,https://www.transfermarkt.us/george-hirst/profil/spieler/420808,george-hirst,420808,Premier League,https://img.a.transfermarkt.technology/portrait/header/420808-1548432046.jpg?lm=1
Ali Al-Hamadi,22,Ipswich Town,Centre-Forward,Attack,Iraq,€2.00m,https://www.transfermarkt.us/ali-al-hamadi/profil/spieler/610581,ali-al-hamadi,610581,Premier League,https://img.a.transfermarkt.technology/portrait/header/610581-1705017216.png?lm=1
Mads Hermansen,24,Leicester City,Goalkeeper,Goalkeeper,Denmark,€9.00m,https://www.transfermarkt.us/mads-hermansen/profil/spieler/400536,mads-hermansen,400536,Premier League,https://img.a.transfermarkt.technology/portrait/header/400536-1707386039.jpg?lm=1
Daniel Iversen,27,Leicester City,Goalkeeper,Goalkeeper,Denmark,€3.00m,https://www.transfermarkt.us/daniel-iversen/profil/spieler/260841,daniel-iversen,260841,Premier League,https://img.a.transfermarkt.technology/portrait/header/260841-1683029575.jpg?lm=1
Danny Ward,31,Leicester City,Goalkeeper,Goalkeeper,Wales,€1.80m,https://www.transfermarkt.us/danny-ward/profil/spieler/203026,danny-ward,203026,Premier League,https://img.a.transfermarkt.technology/portrait/header/203026-1668070552.jpg?lm=1
Jakub Stolarczyk,23,Leicester City,Goalkeeper,Goalkeeper,Poland,€0.4m,https://www.transfermarkt.us/jakub-stolarczyk/profil/spieler/486144,jakub-stolarczyk,486144,Premier League,https://img.a.transfermarkt.technology/portrait/header/486144-1692967745.jpg?lm=1
Wout Faes,26,Leicester City,Centre-Back,Defender,Belgium,€20.00m,https://www.transfermarkt.us/wout-faes/profil/spieler/292808,wout-faes,292808,Premier League,https://img.a.transfermarkt.technology/portrait/header/292808-1668080038.jpg?lm=1
Caleb Okoli,23,Leicester City,Centre-Back,Defender,Italy,€12.00m,https://www.transfermarkt.us/caleb-okoli/profil/spieler/461833,caleb-okoli,461833,Premier League,https://img.a.transfermarkt.technology/portrait/header/461833-1652094910.jpg?lm=1
Conor Coady,31,Leicester City,Centre-Back,Defender,England,€3.00m,https://www.transfermarkt.us/conor-coady/profil/spieler/128901,conor-coady,128901,Premier League,https://img.a.transfermarkt.technology/portrait/header/128901-1668090438.jpg?lm=1
Jannik Vestergaard,32,Leicester City,Centre-Back,Defender,Denmark,€3.00m,https://www.transfermarkt.us/jannik-vestergaard/profil/spieler/99331,jannik-vestergaard,99331,Premier League,https://img.a.transfermarkt.technology/portrait/header/99331-1701083132.jpg?lm=1
Victor Kristiansen,21,Leicester City,Left-Back,Defender,Denmark,€15.00m,https://www.transfermarkt.us/victor-kristiansen/profil/spieler/564529,victor-kristiansen,564529,Premier League,https://img.a.transfermarkt.technology/portrait/header/564529-1718628197.jpg?lm=1
Luke Thomas,23,Leicester City,Left-Back,Defender,England,€6.00m,https://www.transfermarkt.us/luke-thomas/profil/spieler/505194,luke-thomas,505194,Premier League,https://img.a.transfermarkt.technology/portrait/header/505194-1687975540.jpg?lm=1
James Justin,26,Leicester City,Right-Back,Defender,England,€15.00m,https://www.transfermarkt.us/james-justin/profil/spieler/413220,james-justin,413220,Premier League,https://img.a.transfermarkt.technology/portrait/header/413220-1600097627.jpg?lm=1
Ricardo Pereira,31,Leicester City,Right-Back,Defender,Portugal,€8.00m,https://www.transfermarkt.us/ricardo-pereira/profil/spieler/215876,ricardo-pereira,215876,Premier League,https://img.a.transfermarkt.technology/portrait/header/215876-1720192308.jpg?lm=1
Oliver Skipp,24,Leicester City,Defensive Midfield,Midfield,England,€18.00m,https://www.transfermarkt.us/oliver-skipp/profil/spieler/406638,oliver-skipp,406638,Premier League,https://img.a.transfermarkt.technology/portrait/header/406638-1572887410.jpg?lm=1
Wilfred Ndidi,27,Leicester City,Defensive Midfield,Midfield,Nigeria,€16.00m,https://www.transfermarkt.us/wilfred-ndidi/profil/spieler/274839,wilfred-ndidi,274839,Premier League,https://img.a.transfermarkt.technology/portrait/header/274839-1718269781.jpg?lm=1
Boubakary Soumaré,25,Leicester City,Defensive Midfield,Midfield,France,€14.00m,https://www.transfermarkt.us/boubakary-soumare/profil/spieler/344605,boubakary-soumare,344605,Premier League,https://img.a.transfermarkt.technology/portrait/header/344605-1591172562.jpg?lm=1
Harry Winks,28,Leicester City,Defensive Midfield,Midfield,England,€12.00m,https://www.transfermarkt.us/harry-winks/profil/spieler/249126,harry-winks,249126,Premier League,https://img.a.transfermarkt.technology/portrait/header/249126-1663679564.jpg?lm=1
Hamza Choudhury,27,Leicester City,Defensive Midfield,Midfield,England,€4.50m,https://www.transfermarkt.us/hamza-choudhury/profil/spieler/341501,hamza-choudhury,341501,Premier League,https://img.a.transfermarkt.technology/portrait/header/341501-1559900777.jpg?lm=1
Michael Golding,18,Leicester City,Central Midfield,Midfield,England,€2.00m,https://www.transfermarkt.us/michael-golding/profil/spieler/936842,michael-golding,936842,Premier League,https://img.a.transfermarkt.technology/portrait/header/936842-1715156410.jpg?lm=1
Bilal El Khannouss,20,Leicester City,Attacking Midfield,Midfield,Morocco,€30.00m,https://www.transfermarkt.us/bilal-el-khannouss/profil/spieler/654982,bilal-el-khannouss,654982,Premier League,https://img.a.transfermarkt.technology/portrait/header/654982-1714038053.png?lm=1
Facundo Buonanotte,19,Leicester City,Attacking Midfield,Midfield,Argentina,€18.00m,https://www.transfermarkt.us/facundo-buonanotte/profil/spieler/983989,facundo-buonanotte,983989,Premier League,https://img.a.transfermarkt.technology/portrait/header/983989-1682588141.jpg?lm=1
Stephy Mavididi,26,Leicester City,Left Winger,Attack,England,€11.00m,https://www.transfermarkt.us/stephy-mavididi/profil/spieler/340328,stephy-mavididi,340328,Premier League,https://img.a.transfermarkt.technology/portrait/header/340328-1707385825.jpg?lm=1
Issahaku Fatawu,20,Leicester City,Right Winger,Attack,Ghana,€13.00m,https://www.transfermarkt.us/issahaku-fatawu/profil/spieler/864121,issahaku-fatawu,864121,Premier League,https://img.a.transfermarkt.technology/portrait/header/864121-1666100254.jpg?lm=1
Bobby De Cordova-Reid,31,Leicester City,Right Winger,Attack,Jamaica,€5.00m,https://www.transfermarkt.us/bobby-de-cordova-reid/profil/spieler/186186,bobby-de-cordova-reid,186186,Premier League,https://img.a.transfermarkt.technology/portrait/header/186186-1657802404.jpg?lm=1
Kasey McAteer,23,Leicester City,Right Winger,Attack,Ireland,€0.9m,https://www.transfermarkt.us/kasey-mcateer/profil/spieler/621193,kasey-mcateer,621193,Premier League,https://img.a.transfermarkt.technology/portrait/header/621193-1731659829.jpg?lm=1
Odsonne Edouard,26,Leicester City,Centre-Forward,Attack,France,€18.00m,https://www.transfermarkt.us/odsonne-edouard/profil/spieler/344152,odsonne-edouard,344152,Premier League,https://img.a.transfermarkt.technology/portrait/header/344152-1598301744.jpg?lm=1
Patson Daka,26,Leicester City,Centre-Forward,Attack,Zambia,€12.00m,https://www.transfermarkt.us/patson-daka/profil/spieler/365172,patson-daka,365172,Premier League,https://img.a.transfermarkt.technology/portrait/header/365172-1638810490.jpg?lm=1
Jordan Ayew,33,Leicester City,Centre-Forward,Attack,Ghana,€4.00m,https://www.transfermarkt.us/jordan-ayew/profil/spieler/108354,jordan-ayew,108354,Premier League,https://img.a.transfermarkt.technology/portrait/header/108354-1668429913.jpg?lm=1
Jamie Vardy,37,Leicester City,Centre-Forward,Attack,England,€1.00m,https://www.transfermarkt.us/jamie-vardy/profil/spieler/197838,jamie-vardy,197838,Premier League,https://img.a.transfermarkt.technology/portrait/header/197838-1683031278.jpg?lm=1
Alisson,32,Liverpool FC,Goalkeeper,Goalkeeper,Brazil,€28.00m,https://www.transfermarkt.us/alisson/profil/spieler/105470,alisson,105470,Premier League,https://img.a.transfermarkt.technology/portrait/header/105470-1668522221.jpg?lm=1
Caoimhín Kelleher,26,Liverpool FC,Goalkeeper,Goalkeeper,Ireland,€20.00m,https://www.transfermarkt.us/caoimhin-kelleher/profil/spieler/340918,caoimhin-kelleher,340918,Premier League,https://img.a.transfermarkt.technology/portrait/header/340918-1708933663.jpg?lm=1
Vitezslav Jaros,23,Liverpool FC,Goalkeeper,Goalkeeper,Czech Republic,€5.00m,https://www.transfermarkt.us/vitezslav-jaros/profil/spieler/486604,vitezslav-jaros,486604,Premier League,https://img.a.transfermarkt.technology/portrait/header/486604-1696603392.jpg?lm=1
Ibrahima Konaté,25,Liverpool FC,Centre-Back,Defender,France,€45.00m,https://www.transfermarkt.us/ibrahima-konate/profil/spieler/357119,ibrahima-konate,357119,Premier League,https://img.a.transfermarkt.technology/portrait/header/357119-1669190550.jpg?lm=1
Virgil van Dijk,33,Liverpool FC,Centre-Back,Defender,Netherlands,€30.00m,https://www.transfermarkt.us/virgil-van-dijk/profil/spieler/139208,virgil-van-dijk,139208,Premier League,https://img.a.transfermarkt.technology/portrait/header/139208-1702049837.jpg?lm=1
Joe Gomez,27,Liverpool FC,Centre-Back,Defender,England,€28.00m,https://www.transfermarkt.us/joe-gomez/profil/spieler/256178,joe-gomez,256178,Premier League,https://img.a.transfermarkt.technology/portrait/header/256178-1595946530.jpg?lm=1
Jarell Quansah,21,Liverpool FC,Centre-Back,Defender,England,€22.00m,https://www.transfermarkt.us/jarell-quansah/profil/spieler/632349,jarell-quansah,632349,Premier League,https://img.a.transfermarkt.technology/portrait/header/632349-1633426240.jpg?lm=1
Andrew Robertson,30,Liverpool FC,Left-Back,Defender,Scotland,€30.00m,https://www.transfermarkt.us/andrew-robertson/profil/spieler/234803,andrew-robertson,234803,Premier League,https://img.a.transfermarkt.technology/portrait/header/234803-1709147379.jpg?lm=1
Konstantinos Tsimikas,28,Liverpool FC,Left-Back,Defender,Greece,€22.00m,https://www.transfermarkt.us/konstantinos-tsimikas/profil/spieler/338070,konstantinos-tsimikas,338070,Premier League,https://img.a.transfermarkt.technology/portrait/header/338070-1682088468.jpg?lm=1
Trent Alexander-Arnold,26,Liverpool FC,Right-Back,Defender,England,€70.00m,https://www.transfermarkt.us/trent-alexander-arnold/profil/spieler/314353,trent-alexander-arnold,314353,Premier League,https://img.a.transfermarkt.technology/portrait/header/314353-1701680958.jpg?lm=1
Conor Bradley,21,Liverpool FC,Right-Back,Defender,Northern Ireland,€15.00m,https://www.transfermarkt.us/conor-bradley/profil/spieler/624258,conor-bradley,624258,Premier League,https://img.a.transfermarkt.technology/portrait/header/624258-1708933100.jpg?lm=1
Wataru Endo,31,Liverpool FC,Defensive Midfield,Midfield,Japan,€13.00m,https://www.transfermarkt.us/wataru-endo/profil/spieler/146310,wataru-endo,146310,Premier League,https://img.a.transfermarkt.technology/portrait/header/146310-1657181542.jpg?lm=1
Tyler Morton,22,Liverpool FC,Defensive Midfield,Midfield,England,€8.00m,https://www.transfermarkt.us/tyler-morton/profil/spieler/618494,tyler-morton,618494,Premier League,https://img.a.transfermarkt.technology/portrait/header/618494-1719220555.jpg?lm=1
Alexis Mac Allister,25,Liverpool FC,Central Midfield,Midfield,Argentina,€75.00m,https://www.transfermarkt.us/alexis-mac-allister/profil/spieler/534033,alexis-mac-allister,534033,Premier League,https://img.a.transfermarkt.technology/portrait/header/534033-1669835342.jpg?lm=1
Ryan Gravenberch,22,Liverpool FC,Central Midfield,Midfield,Netherlands,€40.00m,https://www.transfermarkt.us/ryan-gravenberch/profil/spieler/478573,ryan-gravenberch,478573,Premier League,https://img.a.transfermarkt.technology/portrait/header/478573-1718097194.jpg?lm=1
Curtis Jones,23,Liverpool FC,Central Midfield,Midfield,England,€35.00m,https://www.transfermarkt.us/curtis-jones/profil/spieler/433188,curtis-jones,433188,Premier League,https://img.a.transfermarkt.technology/portrait/header/433188-1701681163.jpg?lm=1
Harvey Elliott,21,Liverpool FC,Central Midfield,Midfield,England,€35.00m,https://www.transfermarkt.us/harvey-elliott/profil/spieler/565822,harvey-elliott,565822,Premier League,https://img.a.transfermarkt.technology/portrait/header/565822-1665128076.jpg?lm=1
Dominik Szoboszlai,24,Liverpool FC,Attacking Midfield,Midfield,Hungary,€75.00m,https://www.transfermarkt.us/dominik-szoboszlai/profil/spieler/451276,dominik-szoboszlai,451276,Premier League,https://img.a.transfermarkt.technology/portrait/header/451276-1700209677.jpg?lm=1
Luis Díaz,27,Liverpool FC,Left Winger,Attack,Colombia,€80.00m,https://www.transfermarkt.us/luis-diaz/profil/spieler/480692,luis-diaz,480692,Premier League,https://img.a.transfermarkt.technology/portrait/header/480692-1697903145.jpg?lm=1
Cody Gakpo,25,Liverpool FC,Left Winger,Attack,Netherlands,€55.00m,https://www.transfermarkt.us/cody-gakpo/profil/spieler/434675,cody-gakpo,434675,Premier League,https://img.a.transfermarkt.technology/portrait/header/434675-1682690965.jpg?lm=1
Mohamed Salah,32,Liverpool FC,Right Winger,Attack,Egypt,€55.00m,https://www.transfermarkt.us/mohamed-salah/profil/spieler/148455,mohamed-salah,148455,Premier League,https://img.a.transfermarkt.technology/portrait/header/148455-1727337594.jpg?lm=1
Federico Chiesa,27,Liverpool FC,Right Winger,Attack,Italy,€30.00m,https://www.transfermarkt.us/federico-chiesa/profil/spieler/341092,federico-chiesa,341092,Premier League,https://img.a.transfermarkt.technology/portrait/header/341092-1663576975.jpg?lm=1
Darwin Núñez,25,Liverpool FC,Centre-Forward,Attack,Uruguay,€65.00m,https://www.transfermarkt.us/darwin-nunez/profil/spieler/546543,darwin-nunez,546543,Premier League,https://img.a.transfermarkt.technology/portrait/header/546543-1681827179.jpg?lm=1
Diogo Jota,27,Liverpool FC,Centre-Forward,Attack,Portugal,€50.00m,https://www.transfermarkt.us/diogo-jota/profil/spieler/340950,diogo-jota,340950,Premier League,https://img.a.transfermarkt.technology/portrait/header/340950-1716296423.jpg?lm=1
Ederson,31,Manchester City,Goalkeeper,Goalkeeper,Brazil,€35.00m,https://www.transfermarkt.us/ederson/profil/spieler/238223,ederson,238223,Premier League,https://img.a.transfermarkt.technology/portrait/header/238223-1713391842.jpg?lm=1
Stefan Ortega,32,Manchester City,Goalkeeper,Goalkeeper,Germany,€9.00m,https://www.transfermarkt.us/stefan-ortega/profil/spieler/85941,stefan-ortega,85941,Premier League,https://img.a.transfermarkt.technology/portrait/header/85941-1668065114.jpg?lm=1
Scott Carson,39,Manchester City,Goalkeeper,Goalkeeper,England,€0.2m,https://www.transfermarkt.us/scott-carson/profil/spieler/14555,scott-carson,14555,Premier League,https://img.a.transfermarkt.technology/portrait/header/14555-1666733622.jpg?lm=1
Rúben Dias,27,Manchester City,Centre-Back,Defender,Portugal,€80.00m,https://www.transfermarkt.us/ruben-dias/profil/spieler/258004,ruben-dias,258004,Premier League,https://img.a.transfermarkt.technology/portrait/header/258004-1684921271.jpg?lm=1
Manuel Akanji,29,Manchester City,Centre-Back,Defender,Switzerland,€45.00m,https://www.transfermarkt.us/manuel-akanji/profil/spieler/284730,manuel-akanji,284730,Premier League,https://img.a.transfermarkt.technology/portrait/header/284730-1684165752.jpg?lm=1
Nathan Aké,29,Manchester City,Centre-Back,Defender,Netherlands,€40.00m,https://www.transfermarkt.us/nathan-ake/profil/spieler/177476,nathan-ake,177476,Premier League,https://img.a.transfermarkt.technology/portrait/header/177476-1666733797.jpg?lm=1
John Stones,30,Manchester City,Centre-Back,Defender,England,€38.00m,https://www.transfermarkt.us/john-stones/profil/spieler/186590,john-stones,186590,Premier League,https://img.a.transfermarkt.technology/portrait/header/186590-1684764261.jpg?lm=1
Jahmai Simpson-Pusey,19,Manchester City,Centre-Back,Defender,England,€0.0m,https://www.transfermarkt.us/jahmai-simpson-pusey/profil/spieler/942497,jahmai-simpson-pusey,942497,Premier League,https://img.a.transfermarkt.technology/portrait/header/942497-1699384753.jpg?lm=1
Josko Gvardiol,22,Manchester City,Left-Back,Defender,Croatia,€75.00m,https://www.transfermarkt.us/josko-gvardiol/profil/spieler/475959,josko-gvardiol,475959,Premier League,https://img.a.transfermarkt.technology/portrait/header/475959-1713391602.jpg?lm=1
Josh Wilson-Esbrand,21,Manchester City,Left-Back,Defender,England,€4.00m,https://www.transfermarkt.us/josh-wilson-esbrand/profil/spieler/576121,josh-wilson-esbrand,576121,Premier League,https://img.a.transfermarkt.technology/portrait/header/576121-1650877302.jpg?lm=1
Rico Lewis,20,Manchester City,Right-Back,Defender,England,€40.00m,https://www.transfermarkt.us/rico-lewis/profil/spieler/701057,rico-lewis,701057,Premier League,https://img.a.transfermarkt.technology/portrait/header/701057-1684856684.jpg?lm=1
Kyle Walker,34,Manchester City,Right-Back,Defender,England,€13.00m,https://www.transfermarkt.us/kyle-walker/profil/spieler/95424,kyle-walker,95424,Premier League,https://img.a.transfermarkt.technology/portrait/header/95424-1668090663.jpg?lm=1
Rodri,28,Manchester City,Defensive Midfield,Midfield,Spain,€130.00m,https://www.transfermarkt.us/rodri/profil/spieler/357565,rodri,357565,Premier League,https://img.a.transfermarkt.technology/portrait/header/357565-1682587890.jpg?lm=1
Matheus Nunes,26,Manchester City,Central Midfield,Midfield,Portugal,€40.00m,https://www.transfermarkt.us/matheus-nunes/profil/spieler/601883,matheus-nunes,601883,Premier League,https://img.a.transfermarkt.technology/portrait/header/601883-1693561106.jpg?lm=1
Mateo Kovacic,30,Manchester City,Central Midfield,Midfield,Croatia,€30.00m,https://www.transfermarkt.us/mateo-kovacic/profil/spieler/51471,mateo-kovacic,51471,Premier League,https://img.a.transfermarkt.technology/portrait/header/51471-1682668192.jpg?lm=1
İlkay Gündoğan,34,Manchester City,Central Midfield,Midfield,Germany,€12.00m,https://www.transfermarkt.us/ilkay-gundogan/profil/spieler/53622,ilkay-gundogan,53622,Premier League,https://img.a.transfermarkt.technology/portrait/header/53622-1689683568.jpg?lm=1
Bernardo Silva,30,Manchester City,Attacking Midfield,Midfield,Portugal,€70.00m,https://www.transfermarkt.us/bernardo-silva/profil/spieler/241641,bernardo-silva,241641,Premier League,https://img.a.transfermarkt.technology/portrait/header/241641-1684311533.jpg?lm=1
Kevin De Bruyne,33,Manchester City,Attacking Midfield,Midfield,Belgium,€45.00m,https://www.transfermarkt.us/kevin-de-bruyne/profil/spieler/88755,kevin-de-bruyne,88755,Premier League,https://img.a.transfermarkt.technology/portrait/header/88755-1713391485.jpg?lm=1
James McAtee,22,Manchester City,Attacking Midfield,Midfield,England,€12.00m,https://www.transfermarkt.us/james-mcatee/profil/spieler/583199,james-mcatee,583199,Premier League,https://img.a.transfermarkt.technology/portrait/header/583199-1692364836.jpg?lm=1
Jérémy Doku,22,Manchester City,Left Winger,Attack,Belgium,€65.00m,https://www.transfermarkt.us/jeremy-doku/profil/spieler/486049,jeremy-doku,486049,Premier League,https://img.a.transfermarkt.technology/portrait/header/486049-1666699113.jpg?lm=1
Jack Grealish,29,Manchester City,Left Winger,Attack,England,€55.00m,https://www.transfermarkt.us/jack-grealish/profil/spieler/203460,jack-grealish,203460,Premier League,https://img.a.transfermarkt.technology/portrait/header/203460-1676499047.jpg?lm=1
Phil Foden,24,Manchester City,Right Winger,Attack,England,€150.00m,https://www.transfermarkt.us/phil-foden/profil/spieler/406635,phil-foden,406635,Premier League,https://img.a.transfermarkt.technology/portrait/header/406635-1668524492.jpg?lm=1
Savinho,20,Manchester City,Right Winger,Attack,Brazil,€50.00m,https://www.transfermarkt.us/savinho/profil/spieler/743591,savinho,743591,Premier League,https://img.a.transfermarkt.technology/portrait/header/743591-1719653229.jpg?lm=1
Oscar Bobb,21,Manchester City,Right Winger,Attack,Norway,€25.00m,https://www.transfermarkt.us/oscar-bobb/profil/spieler/661207,oscar-bobb,661207,Premier League,https://img.a.transfermarkt.technology/portrait/header/661207-1709018293.jpg?lm=1
Erling Haaland,24,Manchester City,Centre-Forward,Attack,Norway,€200.00m,https://www.transfermarkt.us/erling-haaland/profil/spieler/418560,erling-haaland,418560,Premier League,https://img.a.transfermarkt.technology/portrait/header/418560-1709108116.png?lm=1
André Onana,28,Manchester United,Goalkeeper,Goalkeeper,Cameroon,€35.00m,https://www.transfermarkt.us/andre-onana/profil/spieler/234509,andre-onana,234509,Premier League,https://img.a.transfermarkt.technology/portrait/header/234509-1686929812.jpg?lm=1
Altay Bayındır,26,Manchester United,Goalkeeper,Goalkeeper,Türkiye,€10.00m,https://www.transfermarkt.us/altay-bayindir/profil/spieler/336077,altay-bayindir,336077,Premier League,https://img.a.transfermarkt.technology/portrait/header/336077-1699471821.jpg?lm=1
Tom Heaton,38,Manchester United,Goalkeeper,Goalkeeper,England,€0.25m,https://www.transfermarkt.us/tom-heaton/profil/spieler/34130,tom-heaton,34130,Premier League,https://img.a.transfermarkt.technology/portrait/header/34130-1688121718.jpg?lm=1
Matthijs de Ligt,25,Manchester United,Centre-Back,Defender,Netherlands,€55.00m,https://www.transfermarkt.us/matthijs-de-ligt/profil/spieler/326031,matthijs-de-ligt,326031,Premier League,https://img.a.transfermarkt.technology/portrait/header/326031-1700659567.jpg?lm=1
Leny Yoro,19,Manchester United,Centre-Back,Defender,France,€55.00m,https://www.transfermarkt.us/leny-yoro/profil/spieler/923831,leny-yoro,923831,Premier League,https://img.a.transfermarkt.technology/portrait/header/923831-1701768506.jpg?lm=1
Lisandro Martínez,26,Manchester United,Centre-Back,Defender,Argentina,€50.00m,https://www.transfermarkt.us/lisandro-martinez/profil/spieler/480762,lisandro-martinez,480762,Premier League,https://img.a.transfermarkt.technology/portrait/header/480762-1680681507.jpg?lm=1
Harry Maguire,31,Manchester United,Centre-Back,Defender,England,€18.00m,https://www.transfermarkt.us/harry-maguire/profil/spieler/177907,harry-maguire,177907,Premier League,https://img.a.transfermarkt.technology/portrait/header/177907-1663841733.jpg?lm=1
Victor Lindelöf,30,Manchester United,Centre-Back,Defender,Sweden,€15.00m,https://www.transfermarkt.us/victor-lindelof/profil/spieler/184573,victor-lindelof,184573,Premier League,https://img.a.transfermarkt.technology/portrait/header/184573-1695244778.jpg?lm=1
Jonny Evans,36,Manchester United,Centre-Back,Defender,Northern Ireland,€2.00m,https://www.transfermarkt.us/jonny-evans/profil/spieler/42412,jonny-evans,42412,Premier League,https://img.a.transfermarkt.technology/portrait/header/42412-1699471667.jpg?lm=1
Luke Shaw,29,Manchester United,Left-Back,Defender,England,€28.00m,https://www.transfermarkt.us/luke-shaw/profil/spieler/183288,luke-shaw,183288,Premier League,https://img.a.transfermarkt.technology/portrait/header/183288-1668500175.jpg?lm=1
Tyrell Malacia,25,Manchester United,Left-Back,Defender,Netherlands,€18.00m,https://www.transfermarkt.us/tyrell-malacia/profil/spieler/339340,tyrell-malacia,339340,Premier League,https://img.a.transfermarkt.technology/portrait/header/339340-1657096025.jpg?lm=1
Diogo Dalot,25,Manchester United,Right-Back,Defender,Portugal,€40.00m,https://www.transfermarkt.us/diogo-dalot/profil/spieler/357147,diogo-dalot,357147,Premier League,https://img.a.transfermarkt.technology/portrait/header/357147-1727785546.jpg?lm=1
Noussair Mazraoui,27,Manchester United,Right-Back,Defender,Morocco,€30.00m,https://www.transfermarkt.us/noussair-mazraoui/profil/spieler/340456,noussair-mazraoui,340456,Premier League,https://img.a.transfermarkt.technology/portrait/header/340456-1700207898.jpg?lm=1
Manuel Ugarte,23,Manchester United,Defensive Midfield,Midfield,Uruguay,€50.00m,https://www.transfermarkt.us/manuel-ugarte/profil/spieler/476701,manuel-ugarte,476701,Premier League,https://img.a.transfermarkt.technology/portrait/header/476701-1715107512.jpg?lm=1
Casemiro,32,Manchester United,Defensive Midfield,Midfield,Brazil,€15.00m,https://www.transfermarkt.us/casemiro/profil/spieler/16306,casemiro,16306,Premier League,https://img.a.transfermarkt.technology/portrait/header/16306-1699018876.jpg?lm=1
Toby Collyer,20,Manchester United,Defensive Midfield,Midfield,England,€2.00m,https://www.transfermarkt.us/toby-collyer/profil/spieler/654253,toby-collyer,654253,Premier League,https://img.a.transfermarkt.technology/portrait/header/654253-1709159230.jpg?lm=1
Kobbie Mainoo,19,Manchester United,Central Midfield,Midfield,England,€55.00m,https://www.transfermarkt.us/kobbie-mainoo/profil/spieler/820374,kobbie-mainoo,820374,Premier League,https://img.a.transfermarkt.technology/portrait/header/820374-1719349758.jpg?lm=1
Christian Eriksen,32,Manchester United,Central Midfield,Midfield,Denmark,€8.00m,https://www.transfermarkt.us/christian-eriksen/profil/spieler/69633,christian-eriksen,69633,Premier League,https://img.a.transfermarkt.technology/portrait/header/69633-1718628122.jpg?lm=1
Daniel Gore,20,Manchester United,Central Midfield,Midfield,England,€0.9m,https://www.transfermarkt.us/daniel-gore/profil/spieler/747153,daniel-gore,747153,Premier League,https://img.a.transfermarkt.technology/portrait/header/747153-1693217936.jpg?lm=1
Bruno Fernandes,30,Manchester United,Attacking Midfield,Midfield,Portugal,€65.00m,https://www.transfermarkt.us/bruno-fernandes/profil/spieler/240306,bruno-fernandes,240306,Premier League,https://img.a.transfermarkt.technology/portrait/header/240306-1683882766.jpg?lm=1
Mason Mount,25,Manchester United,Attacking Midfield,Midfield,England,€35.00m,https://www.transfermarkt.us/mason-mount/profil/spieler/346483,mason-mount,346483,Premier League,https://img.a.transfermarkt.technology/portrait/header/346483-1683291495.jpg?lm=1
Marcus Rashford,27,Manchester United,Left Winger,Attack,England,€60.00m,https://www.transfermarkt.us/marcus-rashford/profil/spieler/258923,marcus-rashford,258923,Premier League,https://img.a.transfermarkt.technology/portrait/header/258923-1674473054.jpg?lm=1
Alejandro Garnacho,20,Manchester United,Left Winger,Attack,Argentina,€50.00m,https://www.transfermarkt.us/alejandro-garnacho/profil/spieler/811779,alejandro-garnacho,811779,Premier League,https://img.a.transfermarkt.technology/portrait/header/811779-1703629085.jpg?lm=1
Amad Diallo,22,Manchester United,Right Winger,Attack,Cote d'Ivoire,€22.00m,https://www.transfermarkt.us/amad-diallo/profil/spieler/536835,amad-diallo,536835,Premier League,https://img.a.transfermarkt.technology/portrait/header/536835-1694616776.jpg?lm=1
Antony,24,Manchester United,Right Winger,Attack,Brazil,€20.00m,https://www.transfermarkt.us/antony/profil/spieler/602105,antony,602105,Premier League,https://img.a.transfermarkt.technology/portrait/header/602105-1680698738.jpg?lm=1
Rasmus Højlund,21,Manchester United,Centre-Forward,Attack,Denmark,€65.00m,https://www.transfermarkt.us/rasmus-hojlund/profil/spieler/610442,rasmus-hojlund,610442,Premier League,https://img.a.transfermarkt.technology/portrait/header/610442-1699471458.jpg?lm=1
Joshua Zirkzee,23,Manchester United,Centre-Forward,Attack,Netherlands,€50.00m,https://www.transfermarkt.us/joshua-zirkzee/profil/spieler/435648,joshua-zirkzee,435648,Premier League,https://img.a.transfermarkt.technology/portrait/header/435648-1651087961.jpg?lm=1
Ethan Wheatley,18,Manchester United,Centre-Forward,Attack,England,€0.0m,https://www.transfermarkt.us/ethan-wheatley/profil/spieler/888639,ethan-wheatley,888639,Premier League,https://img.a.transfermarkt.technology/portrait/header/888639-1714056048.jpg?lm=1
Nick Pope,32,Newcastle United,Goalkeeper,Goalkeeper,England,€16.00m,https://www.transfermarkt.us/nick-pope/profil/spieler/192080,nick-pope,192080,Premier League,https://img.a.transfermarkt.technology/portrait/header/192080-1663841362.jpg?lm=1
Odysseas Vlachodimos,30,Newcastle United,Goalkeeper,Goalkeeper,Greece,€7.00m,https://www.transfermarkt.us/odysseas-vlachodimos/profil/spieler/124419,odysseas-vlachodimos,124419,Premier League,https://img.a.transfermarkt.technology/portrait/header/124419-1706829687.jpg?lm=1
Martin Dúbravka,35,Newcastle United,Goalkeeper,Goalkeeper,Slovakia,€1.00m,https://www.transfermarkt.us/martin-dubravka/profil/spieler/74960,martin-dubravka,74960,Premier League,https://img.a.transfermarkt.technology/portrait/header/74960-1700237195.jpg?lm=1
Mark Gillespie,32,Newcastle United,Goalkeeper,Goalkeeper,England,€0.3m,https://www.transfermarkt.us/mark-gillespie/profil/spieler/142389,mark-gillespie,142389,Premier League,https://img.a.transfermarkt.technology/portrait/header/142389-1600681751.jpg?lm=1
John Ruddy,38,Newcastle United,Goalkeeper,Goalkeeper,England,€0.2m,https://www.transfermarkt.us/john-ruddy/profil/spieler/29712,john-ruddy,29712,Premier League,https://img.a.transfermarkt.technology/portrait/header/s_29712_1123_2013_03_06_1.jpg?lm=1
Sven Botman,24,Newcastle United,Centre-Back,Defender,Netherlands,€45.00m,https://www.transfermarkt.us/sven-botman/profil/spieler/361093,sven-botman,361093,Premier League,https://img.a.transfermarkt.technology/portrait/header/361093-1683290679.jpg?lm=1
Lloyd Kelly,26,Newcastle United,Centre-Back,Defender,England,€18.00m,https://www.transfermarkt.us/lloyd-kelly/profil/spieler/480116,lloyd-kelly,480116,Premier League,https://img.a.transfermarkt.technology/portrait/header/480116-1684771304.jpg?lm=1
Fabian Schär,32,Newcastle United,Centre-Back,Defender,Switzerland,€10.00m,https://www.transfermarkt.us/fabian-schar/profil/spieler/135343,fabian-schar,135343,Premier League,https://img.a.transfermarkt.technology/portrait/header/135343-1667990394.jpg?lm=1
Dan Burn,32,Newcastle United,Centre-Back,Defender,England,€8.00m,https://www.transfermarkt.us/dan-burn/profil/spieler/134270,dan-burn,134270,Premier League,https://img.a.transfermarkt.technology/portrait/header/134270-1682340860.jpg?lm=1
Jamaal Lascelles,31,Newcastle United,Centre-Back,Defender,England,€7.00m,https://www.transfermarkt.us/jamaal-lascelles/profil/spieler/183318,jamaal-lascelles,183318,Premier League,https://img.a.transfermarkt.technology/portrait/header/183318-1696454186.jpg?lm=1
Lewis Hall,20,Newcastle United,Left-Back,Defender,England,€22.00m,https://www.transfermarkt.us/lewis-hall/profil/spieler/670858,lewis-hall,670858,Premier League,https://img.a.transfermarkt.technology/portrait/header/670858-1699385942.jpg?lm=1
Matt Targett,29,Newcastle United,Left-Back,Defender,England,€8.00m,https://www.transfermarkt.us/matt-targett/profil/spieler/250478,matt-targett,250478,Premier League,https://img.a.transfermarkt.technology/portrait/header/250478-1643653374.jpg?lm=1
Alex Murphy,20,Newcastle United,Left-Back,Defender,Ireland,€0.25m,https://www.transfermarkt.us/alex-murphy/profil/spieler/900601,alex-murphy,900601,Premier League,https://img.a.transfermarkt.technology/portrait/header/900601-1714056292.jpg?lm=1
Tino Livramento,22,Newcastle United,Right-Back,Defender,England,€35.00m,https://www.transfermarkt.us/tino-livramento/profil/spieler/503981,tino-livramento,503981,Premier League,https://img.a.transfermarkt.technology/portrait/header/503981-1699383321.jpg?lm=1
Kieran Trippier,34,Newcastle United,Right-Back,Defender,England,€10.00m,https://www.transfermarkt.us/kieran-trippier/profil/spieler/95810,kieran-trippier,95810,Premier League,https://img.a.transfermarkt.technology/portrait/header/95810-1696454076.jpg?lm=1
Emil Krafth,30,Newcastle United,Right-Back,Defender,Sweden,€2.50m,https://www.transfermarkt.us/emil-krafth/profil/spieler/184528,emil-krafth,184528,Premier League,https://img.a.transfermarkt.technology/portrait/header/184528-1674210829.jpg?lm=1
Bruno Guimarães,27,Newcastle United,Defensive Midfield,Midfield,Brazil,€85.00m,https://www.transfermarkt.us/bruno-guimaraes/profil/spieler/520624,bruno-guimaraes,520624,Premier League,https://img.a.transfermarkt.technology/portrait/header/520624-1668522672.jpg?lm=1
Isaac Hayden,29,Newcastle United,Defensive Midfield,Midfield,Jamaica,€1.80m,https://www.transfermarkt.us/isaac-hayden/profil/spieler/206225,isaac-hayden,206225,Premier League,https://img.a.transfermarkt.technology/portrait/header/206225-1680273024.jpg?lm=1
Joelinton,28,Newcastle United,Central Midfield,Midfield,Brazil,€40.00m,https://www.transfermarkt.us/joelinton/profil/spieler/333241,joelinton,333241,Premier League,https://img.a.transfermarkt.technology/portrait/header/333241-1674210135.jpg?lm=1
Sandro Tonali,24,Newcastle United,Central Midfield,Midfield,Italy,€38.00m,https://www.transfermarkt.us/sandro-tonali/profil/spieler/397033,sandro-tonali,397033,Premier League,https://img.a.transfermarkt.technology/portrait/header/397033-1688389270.jpg?lm=1
Joe Willock,25,Newcastle United,Central Midfield,Midfield,England,€30.00m,https://www.transfermarkt.us/joe-willock/profil/spieler/340329,joe-willock,340329,Premier League,https://img.a.transfermarkt.technology/portrait/header/340329-1683890024.jpg?lm=1
Sean Longstaff,27,Newcastle United,Central Midfield,Midfield,England,€25.00m,https://www.transfermarkt.us/sean-longstaff/profil/spieler/346707,sean-longstaff,346707,Premier League,https://img.a.transfermarkt.technology/portrait/header/346707-1682341336.jpg?lm=1
Lewis Miley,18,Newcastle United,Central Midfield,Midfield,England,€22.00m,https://www.transfermarkt.us/lewis-miley/profil/spieler/922769,lewis-miley,922769,Premier League,https://img.a.transfermarkt.technology/portrait/header/922769-1696453881.jpg?lm=1
Anthony Gordon,23,Newcastle United,Left Winger,Attack,England,€60.00m,https://www.transfermarkt.us/anthony-gordon/profil/spieler/503733,anthony-gordon,503733,Premier League,https://img.a.transfermarkt.technology/portrait/header/503733-1660588736.jpg?lm=1
Harvey Barnes,26,Newcastle United,Left Winger,Attack,England,€35.00m,https://www.transfermarkt.us/harvey-barnes/profil/spieler/398065,harvey-barnes,398065,Premier League,https://img.a.transfermarkt.technology/portrait/header/398065-1700650664.jpg?lm=1
Garang Kuol,20,Newcastle United,Left Winger,Attack,Australia,€0.6m,https://www.transfermarkt.us/garang-kuol/profil/spieler/967948,garang-kuol,967948,Premier League,https://img.a.transfermarkt.technology/portrait/header/967948-1697908437.jpg?lm=1
Miguel Almirón,30,Newcastle United,Right Winger,Attack,Paraguay,€20.00m,https://www.transfermarkt.us/miguel-almiron/profil/spieler/272999,miguel-almiron,272999,Premier League,https://img.a.transfermarkt.technology/portrait/header/272999-1674210265.jpg?lm=1
Jacob Murphy,29,Newcastle United,Right Winger,Attack,England,€15.00m,https://www.transfermarkt.us/jacob-murphy/profil/spieler/199527,jacob-murphy,199527,Premier League,https://img.a.transfermarkt.technology/portrait/header/199527-1674210561.jpg?lm=1
Alexander Isak,25,Newcastle United,Centre-Forward,Attack,Sweden,€75.00m,https://www.transfermarkt.us/alexander-isak/profil/spieler/349066,alexander-isak,349066,Premier League,https://img.a.transfermarkt.technology/portrait/header/349066-1680791339.jpg?lm=1
Callum Wilson,32,Newcastle United,Centre-Forward,Attack,England,€13.00m,https://www.transfermarkt.us/callum-wilson/profil/spieler/123682,callum-wilson,123682,Premier League,https://img.a.transfermarkt.technology/portrait/header/123682-1668090039.jpg?lm=1
William Osula,21,Newcastle United,Centre-Forward,Attack,Denmark,€7.00m,https://www.transfermarkt.us/william-osula/profil/spieler/609556,william-osula,609556,Premier League,https://img.a.transfermarkt.technology/portrait/header/609556-1693217416.jpg?lm=1
Matz Sels,32,Nottingham Forest,Goalkeeper,Goalkeeper,Belgium,€7.00m,https://www.transfermarkt.us/matz-sels/profil/spieler/127202,matz-sels,127202,Premier League,https://img.a.transfermarkt.technology/portrait/header/127202-1665067633.jpg?lm=1
Carlos Miguel,26,Nottingham Forest,Goalkeeper,Goalkeeper,Brazil,€4.00m,https://www.transfermarkt.us/carlos-miguel/profil/spieler/641458,carlos-miguel,641458,Premier League,https://img.a.transfermarkt.technology/portrait/header/641458-1718990783.jpg?lm=1
Murillo,22,Nottingham Forest,Centre-Back,Defender,Brazil,€40.00m,https://www.transfermarkt.us/murillo/profil/spieler/1005649,murillo,1005649,Premier League,https://img.a.transfermarkt.technology/portrait/header/1005649-1709159139.jpg?lm=1
Nikola Milenković,27,Nottingham Forest,Centre-Back,Defender,Serbia,€18.00m,https://www.transfermarkt.us/nikola-milenkovic/profil/spieler/413507,nikola-milenkovic,413507,Premier League,https://img.a.transfermarkt.technology/portrait/header/413507-1661166461.jpg?lm=1
Morato,23,Nottingham Forest,Centre-Back,Defender,Brazil,€15.00m,https://www.transfermarkt.us/morato/profil/spieler/673492,morato,673492,Premier League,https://img.a.transfermarkt.technology/portrait/header/673492-1701295349.jpg?lm=1
Andrew Omobamidele,22,Nottingham Forest,Centre-Back,Defender,Ireland,€11.00m,https://www.transfermarkt.us/andrew-omobamidele/profil/spieler/621993,andrew-omobamidele,621993,Premier League,https://img.a.transfermarkt.technology/portrait/header/621993-1700738756.jpg?lm=1
Willy Boly,33,Nottingham Forest,Centre-Back,Defender,Cote d'Ivoire,€2.50m,https://www.transfermarkt.us/willy-boly/profil/spieler/142310,willy-boly,142310,Premier League,https://img.a.transfermarkt.technology/portrait/header/142310-1663057112.jpg?lm=1
Álex Moreno,31,Nottingham Forest,Left-Back,Defender,Spain,€13.00m,https://www.transfermarkt.us/alex-moreno/profil/spieler/193098,alex-moreno,193098,Premier League,https://img.a.transfermarkt.technology/portrait/header/193098-1667289023.jpg?lm=1
Harry Toffolo,29,Nottingham Forest,Left-Back,Defender,England,€5.00m,https://www.transfermarkt.us/harry-toffolo/profil/spieler/198516,harry-toffolo,198516,Premier League,https://img.a.transfermarkt.technology/portrait/header/198516-1645696821.jpg?lm=1
Neco Williams,23,Nottingham Forest,Right-Back,Defender,Wales,€17.00m,https://www.transfermarkt.us/neco-williams/profil/spieler/503680,neco-williams,503680,Premier League,https://img.a.transfermarkt.technology/portrait/header/503680-1705499825.jpg?lm=1
Ola Aina,28,Nottingham Forest,Right-Back,Defender,Nigeria,€12.00m,https://www.transfermarkt.us/ola-aina/profil/spieler/236490,ola-aina,236490,Premier League,https://img.a.transfermarkt.technology/portrait/header/236490-1707383919.jpg?lm=1
Ibrahim Sangaré,26,Nottingham Forest,Defensive Midfield,Midfield,Cote d'Ivoire,€30.00m,https://www.transfermarkt.us/ibrahim-sangare/profil/spieler/375885,ibrahim-sangare,375885,Premier League,https://img.a.transfermarkt.technology/portrait/header/375885-1700738495.jpg?lm=1
Danilo,23,Nottingham Forest,Defensive Midfield,Midfield,Brazil,€28.00m,https://www.transfermarkt.us/danilo/profil/spieler/808509,danilo,808509,Premier League,https://img.a.transfermarkt.technology/portrait/header/808509-1694614735.jpg?lm=1
Elliot Anderson,22,Nottingham Forest,Central Midfield,Midfield,England,€22.00m,https://www.transfermarkt.us/elliot-anderson/profil/spieler/567576,elliot-anderson,567576,Premier League,https://img.a.transfermarkt.technology/portrait/header/567576-1696453772.jpg?lm=1
James Ward-Prowse,30,Nottingham Forest,Central Midfield,Midfield,England,€22.00m,https://www.transfermarkt.us/james-ward-prowse/profil/spieler/181579,james-ward-prowse,181579,Premier League,https://img.a.transfermarkt.technology/portrait/header/181579-1684751045.jpg?lm=1
Nicolás Domínguez,26,Nottingham Forest,Central Midfield,Midfield,Argentina,€17.00m,https://www.transfermarkt.us/nicolas-dominguez/profil/spieler/497291,nicolas-dominguez,497291,Premier League,https://img.a.transfermarkt.technology/portrait/header/497291-1663656746.jpg?lm=1
Ryan Yates,27,Nottingham Forest,Central Midfield,Midfield,England,€12.00m,https://www.transfermarkt.us/ryan-yates/profil/spieler/425902,ryan-yates,425902,Premier League,https://img.a.transfermarkt.technology/portrait/header/425902-1684239778.jpg?lm=1
Morgan Gibbs-White,24,Nottingham Forest,Attacking Midfield,Midfield,England,€40.00m,https://www.transfermarkt.us/morgan-gibbs-white/profil/spieler/429014,morgan-gibbs-white,429014,Premier League,https://img.a.transfermarkt.technology/portrait/header/429014-1687975822.jpg?lm=1
Callum Hudson-Odoi,24,Nottingham Forest,Left Winger,Attack,England,€22.00m,https://www.transfermarkt.us/callum-hudson-odoi/profil/spieler/392768,callum-hudson-odoi,392768,Premier League,https://img.a.transfermarkt.technology/portrait/header/392768-1659969850.png?lm=1
Ramón Sosa,25,Nottingham Forest,Left Winger,Attack,Paraguay,€13.00m,https://www.transfermarkt.us/ramon-sosa/profil/spieler/745191,ramon-sosa,745191,Premier League,https://img.a.transfermarkt.technology/portrait/header/745191-1731056200.jpg?lm=1
Jota Silva,25,Nottingham Forest,Left Winger,Attack,Portugal,€12.00m,https://www.transfermarkt.us/jota-silva/profil/spieler/663244,jota-silva,663244,Premier League,https://img.a.transfermarkt.technology/portrait/header/663244-1731056081.jpg?lm=1
Anthony Elanga,22,Nottingham Forest,Right Winger,Attack,Sweden,€25.00m,https://www.transfermarkt.us/anthony-elanga/profil/spieler/583189,anthony-elanga,583189,Premier League,https://img.a.transfermarkt.technology/portrait/header/583189-1700739021.jpg?lm=1
Eric da Silva Moreira,18,Nottingham Forest,Right Winger,Attack,Germany,€1.00m,https://www.transfermarkt.us/eric-da-silva-moreira/profil/spieler/897481,eric-da-silva-moreira,897481,Premier League,https://img.a.transfermarkt.technology/portrait/header/897481-1701679168.jpg?lm=1
Taiwo Awoniyi,27,Nottingham Forest,Centre-Forward,Attack,Nigeria,€28.00m,https://www.transfermarkt.us/taiwo-awoniyi/profil/spieler/295313,taiwo-awoniyi,295313,Premier League,https://img.a.transfermarkt.technology/portrait/header/295313-1628595124.jpg?lm=1
Chris Wood,32,Nottingham Forest,Centre-Forward,Attack,New Zealand,€7.00m,https://www.transfermarkt.us/chris-wood/profil/spieler/108725,chris-wood,108725,Premier League,https://img.a.transfermarkt.technology/portrait/header/108725-1674209978.jpg?lm=1
Emmanuel Dennis,27,Nottingham Forest,Centre-Forward,Attack,Nigeria,€4.20m,https://www.transfermarkt.us/emmanuel-dennis/profil/spieler/448854,emmanuel-dennis,448854,Premier League,https://img.a.transfermarkt.technology/portrait/header/448854-1695644743.png?lm=1
Aaron Ramsdale,26,Southampton FC,Goalkeeper,Goalkeeper,England,€22.00m,https://www.transfermarkt.us/aaron-ramsdale/profil/spieler/427568,aaron-ramsdale,427568,Premier League,https://img.a.transfermarkt.technology/portrait/header/427568-1681828000.jpg?lm=1
Gavin Bazunu,22,Southampton FC,Goalkeeper,Goalkeeper,Ireland,€15.00m,https://www.transfermarkt.us/gavin-bazunu/profil/spieler/585550,gavin-bazunu,585550,Premier League,https://img.a.transfermarkt.technology/portrait/header/585550-1655476121.jpg?lm=1
Joe Lumley,29,Southampton FC,Goalkeeper,Goalkeeper,England,€0.6m,https://www.transfermarkt.us/joe-lumley/profil/spieler/336367,joe-lumley,336367,Premier League,https://img.a.transfermarkt.technology/portrait/header/336367-1709158388.jpg?lm=1
Alex McCarthy,34,Southampton FC,Goalkeeper,Goalkeeper,England,€0.5m,https://www.transfermarkt.us/alex-mccarthy/profil/spieler/95976,alex-mccarthy,95976,Premier League,https://img.a.transfermarkt.technology/portrait/header/95976-1520416774.jpg?lm=1
Taylor Harwood-Bellis,22,Southampton FC,Centre-Back,Defender,England,€22.00m,https://www.transfermarkt.us/taylor-harwood-bellis/profil/spieler/503977,taylor-harwood-bellis,503977,Premier League,https://img.a.transfermarkt.technology/portrait/header/503977-1687975943.jpg?lm=1
Armel Bella-Kotchap,22,Southampton FC,Centre-Back,Defender,Germany,€12.00m,https://www.transfermarkt.us/armel-bella-kotchap/profil/spieler/467563,armel-bella-kotchap,467563,Premier League,https://img.a.transfermarkt.technology/portrait/header/467563-1663251475.jpg?lm=1
Jan Bednarek,28,Southampton FC,Centre-Back,Defender,Poland,€11.00m,https://www.transfermarkt.us/jan-bednarek/profil/spieler/243028,jan-bednarek,243028,Premier League,https://img.a.transfermarkt.technology/portrait/header/243028-1709158468.jpg?lm=1
Ronnie Edwards,21,Southampton FC,Centre-Back,Defender,England,€3.80m,https://www.transfermarkt.us/ronnie-edwards/profil/spieler/732165,ronnie-edwards,732165,Premier League,https://img.a.transfermarkt.technology/portrait/header/732165-1641462138.jpg?lm=1
Nathan Wood,22,Southampton FC,Centre-Back,Defender,England,€3.80m,https://www.transfermarkt.us/nathan-wood/profil/spieler/503990,nathan-wood,503990,Premier League,https://img.a.transfermarkt.technology/portrait/header/503990-1720788273.jpg?lm=1
Jack Stephens,30,Southampton FC,Centre-Back,Defender,England,€2.00m,https://www.transfermarkt.us/jack-stephens/profil/spieler/163744,jack-stephens,163744,Premier League,https://img.a.transfermarkt.technology/portrait/header/163744-1720190433.jpg?lm=1
Juan Larios,20,Southampton FC,Left-Back,Defender,Spain,€4.50m,https://www.transfermarkt.us/juan-larios/profil/spieler/646738,juan-larios,646738,Premier League,https://img.a.transfermarkt.technology/portrait/header/646738-1662067003.jpg?lm=1
Ryan Manning,28,Southampton FC,Left-Back,Defender,Ireland,€3.00m,https://www.transfermarkt.us/ryan-manning/profil/spieler/262300,ryan-manning,262300,Premier League,https://img.a.transfermarkt.technology/portrait/header/262300-1720192030.jpg?lm=1
Charlie Taylor,31,Southampton FC,Left-Back,Defender,England,€3.00m,https://www.transfermarkt.us/charlie-taylor/profil/spieler/195633,charlie-taylor,195633,Premier League,https://img.a.transfermarkt.technology/portrait/header/195633-1700671881.jpg?lm=1
Kyle Walker-Peters,27,Southampton FC,Right-Back,Defender,England,€20.00m,https://www.transfermarkt.us/kyle-walker-peters/profil/spieler/341051,kyle-walker-peters,341051,Premier League,https://img.a.transfermarkt.technology/portrait/header/341051-1693826850.jpg?lm=1
Yukinari Sugawara,24,Southampton FC,Right-Back,Defender,Japan,€12.00m,https://www.transfermarkt.us/yukinari-sugawara/profil/spieler/405385,yukinari-sugawara,405385,Premier League,https://img.a.transfermarkt.technology/portrait/header/405385-1690965777.jpg?lm=1
James Bree,26,Southampton FC,Right-Back,Defender,England,€2.20m,https://www.transfermarkt.us/james-bree/profil/spieler/324223,james-bree,324223,Premier League,https://img.a.transfermarkt.technology/portrait/header/324223-1720190887.jpg?lm=1
Lesley Ugochukwu,20,Southampton FC,Defensive Midfield,Midfield,France,€25.00m,https://www.transfermarkt.us/lesley-ugochukwu/profil/spieler/711999,lesley-ugochukwu,711999,Premier League,https://img.a.transfermarkt.technology/portrait/header/711999-1666698684.jpg?lm=1
Flynn Downes,25,Southampton FC,Defensive Midfield,Midfield,England,€13.00m,https://www.transfermarkt.us/flynn-downes/profil/spieler/506189,flynn-downes,506189,Premier League,https://img.a.transfermarkt.technology/portrait/header/506189-1659355597.jpg?lm=1
Mateus Fernandes,20,Southampton FC,Central Midfield,Midfield,Portugal,€12.00m,https://www.transfermarkt.us/mateus-fernandes/profil/spieler/880245,mateus-fernandes,880245,Premier League,https://img.a.transfermarkt.technology/portrait/header/880245-1727786403.jpg?lm=1
Joe Aribo,28,Southampton FC,Central Midfield,Midfield,Nigeria,€5.00m,https://www.transfermarkt.us/joe-aribo/profil/spieler/468198,joe-aribo,468198,Premier League,https://img.a.transfermarkt.technology/portrait/header/468198-1656428996.png?lm=1
Will Smallbone,24,Southampton FC,Central Midfield,Midfield,Ireland,€5.00m,https://www.transfermarkt.us/will-smallbone/profil/spieler/444211,will-smallbone,444211,Premier League,https://img.a.transfermarkt.technology/portrait/header/444211-1595844096.jpg?lm=1
Adam Lallana,36,Southampton FC,Attacking Midfield,Midfield,England,€1.00m,https://www.transfermarkt.us/adam-lallana/profil/spieler/43530,adam-lallana,43530,Premier League,https://img.a.transfermarkt.technology/portrait/header/43530-1662663337.jpg?lm=1
Kamaldeen Sulemana,22,Southampton FC,Left Winger,Attack,Ghana,€13.00m,https://www.transfermarkt.us/kamaldeen-sulemana/profil/spieler/746695,kamaldeen-sulemana,746695,Premier League,https://img.a.transfermarkt.technology/portrait/header/746695-1666698770.jpg?lm=1
Maxwel Cornet,28,Southampton FC,Left Winger,Attack,Cote d'Ivoire,€9.00m,https://www.transfermarkt.us/maxwel-cornet/profil/spieler/234781,maxwel-cornet,234781,Premier League,https://img.a.transfermarkt.technology/portrait/header/234781-1663242689.jpg?lm=1
Ryan Fraser,30,Southampton FC,Left Winger,Attack,Scotland,€3.00m,https://www.transfermarkt.us/ryan-fraser/profil/spieler/146795,ryan-fraser,146795,Premier League,https://img.a.transfermarkt.technology/portrait/header/146795-1720190677.jpg?lm=1
Tyler Dibling,18,Southampton FC,Right Winger,Attack,England,€5.00m,https://www.transfermarkt.us/tyler-dibling/profil/spieler/866655,tyler-dibling,866655,Premier League,https://img.a.transfermarkt.technology/portrait/header/866655-1724485194.jpg?lm=1
Samuel Amo-Ameyaw,18,Southampton FC,Right Winger,Attack,England,€0.3m,https://www.transfermarkt.us/samuel-amo-ameyaw/profil/spieler/933900,samuel-amo-ameyaw,933900,Premier League,https://img.a.transfermarkt.technology/portrait/header/933900-1695110050.jpg?lm=1
Adam Armstrong,27,Southampton FC,Centre-Forward,Attack,England,€16.00m,https://www.transfermarkt.us/adam-armstrong/profil/spieler/250426,adam-armstrong,250426,Premier League,https://img.a.transfermarkt.technology/portrait/header/250426-1708002412.jpg?lm=1
Cameron Archer,22,Southampton FC,Centre-Forward,Attack,England,€13.00m,https://www.transfermarkt.us/cameron-archer/profil/spieler/533662,cameron-archer,533662,Premier League,https://img.a.transfermarkt.technology/portrait/header/533662-1641461875.jpg?lm=1
Paul Onuachu,30,Southampton FC,Centre-Forward,Attack,Nigeria,€13.00m,https://www.transfermarkt.us/paul-onuachu/profil/spieler/272855,paul-onuachu,272855,Premier League,https://img.a.transfermarkt.technology/portrait/header/272855-1695672883.png?lm=1
Ben Brereton Díaz,25,Southampton FC,Centre-Forward,Attack,Chile,€8.00m,https://www.transfermarkt.us/ben-brereton-diaz/profil/spieler/426192,ben-brereton-diaz,426192,Premier League,https://img.a.transfermarkt.technology/portrait/header/426192-1684144984.jpg?lm=1
Ross Stewart,28,Southampton FC,Centre-Forward,Attack,Scotland,€4.50m,https://www.transfermarkt.us/ross-stewart/profil/spieler/447995,ross-stewart,447995,Premier League,https://img.a.transfermarkt.technology/portrait/header/447995-1645779367.jpg?lm=1
Guglielmo Vicario,28,Tottenham Hotspur,Goalkeeper,Goalkeeper,Italy,€35.00m,https://www.transfermarkt.us/guglielmo-vicario/profil/spieler/286047,guglielmo-vicario,286047,Premier League,https://img.a.transfermarkt.technology/portrait/header/286047-1725874745.jpg?lm=1
Fraser Forster,36,Tottenham Hotspur,Goalkeeper,Goalkeeper,England,€1.20m,https://www.transfermarkt.us/fraser-forster/profil/spieler/52570,fraser-forster,52570,Premier League,https://img.a.transfermarkt.technology/portrait/header/52570-1676412801.jpg?lm=1
Brandon Austin,25,Tottenham Hotspur,Goalkeeper,Goalkeeper,England,€0.6m,https://www.transfermarkt.us/brandon-austin/profil/spieler/428016,brandon-austin,428016,Premier League,https://img.a.transfermarkt.technology/portrait/header/428016-1618736681.jpg?lm=1
Alfie Whiteman,26,Tottenham Hotspur,Goalkeeper,Goalkeeper,England,€0.5m,https://www.transfermarkt.us/alfie-whiteman/profil/spieler/282823,alfie-whiteman,282823,Premier League,https://img.a.transfermarkt.technology/portrait/header/282823-1595948936.jpg?lm=1
Cristian Romero,26,Tottenham Hotspur,Centre-Back,Defender,Argentina,€65.00m,https://www.transfermarkt.us/cristian-romero/profil/spieler/355915,cristian-romero,355915,Premier League,https://img.a.transfermarkt.technology/portrait/header/355915-1665609429.jpg?lm=1
Micky van de Ven,23,Tottenham Hotspur,Centre-Back,Defender,Netherlands,€55.00m,https://www.transfermarkt.us/micky-van-de-ven/profil/spieler/557459,micky-van-de-ven,557459,Premier League,https://img.a.transfermarkt.technology/portrait/header/557459-1657202743.jpg?lm=1
Radu Drăgușin,22,Tottenham Hotspur,Centre-Back,Defender,Romania,€25.00m,https://www.transfermarkt.us/radu-dragusin/profil/spieler/568559,radu-dragusin,568559,Premier League,https://img.a.transfermarkt.technology/portrait/header/568559-1704716630.jpg?lm=1
Ben Davies,31,Tottenham Hotspur,Centre-Back,Defender,Wales,€10.00m,https://www.transfermarkt.us/ben-davies/profil/spieler/192765,ben-davies,192765,Premier League,https://img.a.transfermarkt.technology/portrait/header/192765-1668520095.jpg?lm=1
Destiny Udogie,22,Tottenham Hotspur,Left-Back,Defender,Italy,€45.00m,https://www.transfermarkt.us/destiny-udogie/profil/spieler/556385,destiny-udogie,556385,Premier League,https://img.a.transfermarkt.technology/portrait/header/556385-1697208468.jpg?lm=1
Sergio Reguilón,27,Tottenham Hotspur,Left-Back,Defender,Spain,€12.00m,https://www.transfermarkt.us/sergio-reguilon/profil/spieler/282429,sergio-reguilon,282429,Premier League,https://img.a.transfermarkt.technology/portrait/header/282429-1705521655.jpg?lm=1
Pedro Porro,25,Tottenham Hotspur,Right-Back,Defender,Spain,€45.00m,https://www.transfermarkt.us/pedro-porro/profil/spieler/553875,pedro-porro,553875,Premier League,https://img.a.transfermarkt.technology/portrait/header/553875-1730812390.jpg?lm=1
Archie Gray,18,Tottenham Hotspur,Right-Back,Defender,England,€25.00m,https://www.transfermarkt.us/archie-gray/profil/spieler/922693,archie-gray,922693,Premier League,https://img.a.transfermarkt.technology/portrait/header/922693-1695108880.jpg?lm=1
Djed Spence,24,Tottenham Hotspur,Right-Back,Defender,England,€8.00m,https://www.transfermarkt.us/djed-spence/profil/spieler/483348,djed-spence,483348,Premier League,https://img.a.transfermarkt.technology/portrait/header/483348-1596807960.jpg?lm=1
Yves Bissouma,28,Tottenham Hotspur,Defensive Midfield,Midfield,Mali,€35.00m,https://www.transfermarkt.us/yves-bissouma/profil/spieler/410425,yves-bissouma,410425,Premier League,https://img.a.transfermarkt.technology/portrait/header/410425-1665607355.jpg?lm=1
Rodrigo Bentancur,27,Tottenham Hotspur,Defensive Midfield,Midfield,Uruguay,€35.00m,https://www.transfermarkt.us/rodrigo-bentancur/profil/spieler/354362,rodrigo-bentancur,354362,Premier League,https://img.a.transfermarkt.technology/portrait/header/354362-1596001806.jpg?lm=1
Pape Matar Sarr,22,Tottenham Hotspur,Central Midfield,Midfield,Senegal,€45.00m,https://www.transfermarkt.us/pape-matar-sarr/profil/spieler/568693,pape-matar-sarr,568693,Premier League,https://img.a.transfermarkt.technology/portrait/header/568693-1668163083.jpg?lm=1
Lucas Bergvall,18,Tottenham Hotspur,Central Midfield,Midfield,Sweden,€12.00m,https://www.transfermarkt.us/lucas-bergvall/profil/spieler/866246,lucas-bergvall,866246,Premier League,https://img.a.transfermarkt.technology/portrait/header/866246-1701861399.jpg?lm=1
James Maddison,28,Tottenham Hotspur,Attacking Midfield,Midfield,England,€70.00m,https://www.transfermarkt.us/james-maddison/profil/spieler/294057,james-maddison,294057,Premier League,https://img.a.transfermarkt.technology/portrait/header/294057-1687982662.jpg?lm=1
Dejan Kulusevski,24,Tottenham Hotspur,Attacking Midfield,Midfield,Sweden,€55.00m,https://www.transfermarkt.us/dejan-kulusevski/profil/spieler/431755,dejan-kulusevski,431755,Premier League,https://img.a.transfermarkt.technology/portrait/header/431755-1684943454.jpg?lm=1
Heung-min Son,32,Tottenham Hotspur,Left Winger,Attack,"Korea, South",€45.00m,https://www.transfermarkt.us/heung-min-son/profil/spieler/91845,heung-min-son,91845,Premier League,https://img.a.transfermarkt.technology/portrait/header/91845-1669336455.jpg?lm=1
Timo Werner,28,Tottenham Hotspur,Left Winger,Attack,Germany,€17.00m,https://www.transfermarkt.us/timo-werner/profil/spieler/170527,timo-werner,170527,Premier League,https://img.a.transfermarkt.technology/portrait/header/170527-1663686137.jpg?lm=1
Mikey Moore,17,Tottenham Hotspur,Left Winger,Attack,England,€1.00m,https://www.transfermarkt.us/mikey-moore/profil/spieler/1011147,mikey-moore,1011147,Premier League,https://img.a.transfermarkt.technology/portrait/header/1011147-1716493553.jpg?lm=1
Brennan Johnson,23,Tottenham Hotspur,Right Winger,Attack,Wales,€48.00m,https://www.transfermarkt.us/brennan-johnson/profil/spieler/470607,brennan-johnson,470607,Premier League,https://img.a.transfermarkt.technology/portrait/header/470607-1692959021.jpg?lm=1
Wilson Odobert,20,Tottenham Hotspur,Right Winger,Attack,France,€18.00m,https://www.transfermarkt.us/wilson-odobert/profil/spieler/743498,wilson-odobert,743498,Premier League,https://img.a.transfermarkt.technology/portrait/header/743498-1672838670.jpg?lm=1
Dominic Solanke,27,Tottenham Hotspur,Centre-Forward,Attack,England,€45.00m,https://www.transfermarkt.us/dominic-solanke/profil/spieler/258889,dominic-solanke,258889,Premier League,https://img.a.transfermarkt.technology/portrait/header/258889-1708340487.jpg?lm=1
Richarlison,27,Tottenham Hotspur,Centre-Forward,Attack,Brazil,€35.00m,https://www.transfermarkt.us/richarlison/profil/spieler/378710,richarlison,378710,Premier League,https://img.a.transfermarkt.technology/portrait/header/378710-1665608231.jpg?lm=1
Will Lankshear,19,Tottenham Hotspur,Centre-Forward,Attack,England,€0.0m,https://www.transfermarkt.us/will-lankshear/profil/spieler/879768,will-lankshear,879768,Premier League,https://img.a.transfermarkt.technology/portrait/header/879768-1708346356.jpg?lm=1
Alphonse Areola,31,West Ham United,Goalkeeper,Goalkeeper,France,€10.00m,https://www.transfermarkt.us/alphonse-areola/profil/spieler/120629,alphonse-areola,120629,Premier League,https://img.a.transfermarkt.technology/portrait/header/120629-1663243036.jpg?lm=1
Wes Foderingham,33,West Ham United,Goalkeeper,Goalkeeper,England,€0.9m,https://www.transfermarkt.us/wes-foderingham/profil/spieler/61697,wes-foderingham,61697,Premier League,https://img.a.transfermarkt.technology/portrait/header/61697-1596446743.jpg?lm=1
Lukasz Fabianski,39,West Ham United,Goalkeeper,Goalkeeper,Poland,€0.7m,https://www.transfermarkt.us/lukasz-fabianski/profil/spieler/29692,lukasz-fabianski,29692,Premier League,https://img.a.transfermarkt.technology/portrait/header/29692-1685709486.jpg?lm=1
Maximilian Kilman,27,West Ham United,Centre-Back,Defender,England,€38.00m,https://www.transfermarkt.us/maximilian-kilman/profil/spieler/525247,maximilian-kilman,525247,Premier League,https://img.a.transfermarkt.technology/portrait/header/525247-1688370291.jpg?lm=1
Jean-Clair Todibo,24,West Ham United,Centre-Back,Defender,France,€35.00m,https://www.transfermarkt.us/jean-clair-todibo/profil/spieler/605184,jean-clair-todibo,605184,Premier League,https://img.a.transfermarkt.technology/portrait/header/605184-1699439806.jpg?lm=1
Konstantinos Mavropanos,26,West Ham United,Centre-Back,Defender,Greece,€20.00m,https://www.transfermarkt.us/konstantinos-mavropanos/profil/spieler/415912,konstantinos-mavropanos,415912,Premier League,https://img.a.transfermarkt.technology/portrait/header/415912-1691999569.jpg?lm=1
Kaelan Casey,20,West Ham United,Centre-Back,Defender,England,€1.00m,https://www.transfermarkt.us/kaelan-casey/profil/spieler/845321,kaelan-casey,845321,Premier League,https://img.a.transfermarkt.technology/portrait/header/845321-1709883861.jpg?lm=1
Emerson,30,West Ham United,Left-Back,Defender,Italy,€12.00m,https://www.transfermarkt.us/emerson/profil/spieler/181778,emerson,181778,Premier League,https://img.a.transfermarkt.technology/portrait/header/181778-1660636930.jpg?lm=1
Aaron Cresswell,34,West Ham United,Left-Back,Defender,England,€0.9m,https://www.transfermarkt.us/aaron-cresswell/profil/spieler/92571,aaron-cresswell,92571,Premier League,https://img.a.transfermarkt.technology/portrait/header/92571-1700670925.jpg?lm=1
Aaron Wan-Bissaka,27,West Ham United,Right-Back,Defender,England,€20.00m,https://www.transfermarkt.us/aaron-wan-bissaka/profil/spieler/477758,aaron-wan-bissaka,477758,Premier League,https://img.a.transfermarkt.technology/portrait/header/477758-1617030255.jpg?lm=1
Vladimír Coufal,32,West Ham United,Right-Back,Defender,Czech Republic,€8.00m,https://www.transfermarkt.us/vladimir-coufal/profil/spieler/157672,vladimir-coufal,157672,Premier League,https://img.a.transfermarkt.technology/portrait/header/157672-1667897675.jpg?lm=1
Edson Álvarez,27,West Ham United,Defensive Midfield,Midfield,Mexico,€35.00m,https://www.transfermarkt.us/edson-alvarez/profil/spieler/401356,edson-alvarez,401356,Premier League,https://img.a.transfermarkt.technology/portrait/header/401356-1698343328.jpeg?lm=1
Tomas Soucek,29,West Ham United,Defensive Midfield,Midfield,Czech Republic,€30.00m,https://www.transfermarkt.us/tomas-soucek/profil/spieler/283628,tomas-soucek,283628,Premier League,https://img.a.transfermarkt.technology/portrait/header/283628-1704184173.jpg?lm=1
Guido Rodríguez,30,West Ham United,Defensive Midfield,Midfield,Argentina,€20.00m,https://www.transfermarkt.us/guido-rodriguez/profil/spieler/342385,guido-rodriguez,342385,Premier League,https://img.a.transfermarkt.technology/portrait/header/342385-1668181269.jpg?lm=1
Carlos Soler,27,West Ham United,Central Midfield,Midfield,Spain,€20.00m,https://www.transfermarkt.us/carlos-soler/profil/spieler/372246,carlos-soler,372246,Premier League,https://img.a.transfermarkt.technology/portrait/header/372246-1662059930.jpg?lm=1
Andy Irving,24,West Ham United,Central Midfield,Midfield,Scotland,€2.00m,https://www.transfermarkt.us/andy-irving/profil/spieler/430310,andy-irving,430310,Premier League,https://img.a.transfermarkt.technology/portrait/header/430310-1692965140.png?lm=1
Lucas Paquetá,27,West Ham United,Attacking Midfield,Midfield,Brazil,€55.00m,https://www.transfermarkt.us/lucas-paqueta/profil/spieler/444523,lucas-paqueta,444523,Premier League,https://img.a.transfermarkt.technology/portrait/header/444523-1695370009.jpg?lm=1
Crysencio Summerville,23,West Ham United,Left Winger,Attack,Netherlands,€22.00m,https://www.transfermarkt.us/crysencio-summerville/profil/spieler/474701,crysencio-summerville,474701,Premier League,https://img.a.transfermarkt.technology/portrait/header/474701-1701683744.jpg?lm=1
Mohammed Kudus,24,West Ham United,Right Winger,Attack,Ghana,€50.00m,https://www.transfermarkt.us/mohammed-kudus/profil/spieler/543499,mohammed-kudus,543499,Premier League,https://img.a.transfermarkt.technology/portrait/header/543499-1668429218.jpg?lm=1
Jarrod Bowen,27,West Ham United,Right Winger,Attack,England,€50.00m,https://www.transfermarkt.us/jarrod-bowen/profil/spieler/314875,jarrod-bowen,314875,Premier League,https://img.a.transfermarkt.technology/portrait/header/314875-1662362005.jpg?lm=1
Luis Guilherme,18,West Ham United,Right Winger,Attack,Brazil,€24.00m,https://www.transfermarkt.us/luis-guilherme/profil/spieler/991800,luis-guilherme,991800,Premier League,https://img.a.transfermarkt.technology/portrait/header/991800-1676571608.jpg?lm=1
Niclas Füllkrug,31,West Ham United,Centre-Forward,Attack,Germany,€15.00m,https://www.transfermarkt.us/niclas-fullkrug/profil/spieler/75489,niclas-fullkrug,75489,Premier League,https://img.a.transfermarkt.technology/portrait/header/75489-1709560033.jpg?lm=1
Danny Ings,32,West Ham United,Centre-Forward,Attack,England,€8.00m,https://www.transfermarkt.us/danny-ings/profil/spieler/134294,danny-ings,134294,Premier League,https://img.a.transfermarkt.technology/portrait/header/134294-1674218597.jpg?lm=1
Michail Antonio,34,West Ham United,Centre-Forward,Attack,Jamaica,€4.00m,https://www.transfermarkt.us/michail-antonio/profil/spieler/104124,michail-antonio,104124,Premier League,https://img.a.transfermarkt.technology/portrait/header/104124-1709884222.jpg?lm=1
José Sá,31,Wolverhampton Wanderers,Goalkeeper,Goalkeeper,Portugal,€10.00m,https://www.transfermarkt.us/jose-sa/profil/spieler/249994,jose-sa,249994,Premier League,https://img.a.transfermarkt.technology/portrait/header/249994-1696600015.jpg?lm=1
Sam Johnstone,31,Wolverhampton Wanderers,Goalkeeper,Goalkeeper,England,€10.00m,https://www.transfermarkt.us/sam-johnstone/profil/spieler/110864,sam-johnstone,110864,Premier League,https://img.a.transfermarkt.technology/portrait/header/110864-1672915792.jpg?lm=1
Daniel Bentley,31,Wolverhampton Wanderers,Goalkeeper,Goalkeeper,England,€2.00m,https://www.transfermarkt.us/daniel-bentley/profil/spieler/136401,daniel-bentley,136401,Premier League,https://img.a.transfermarkt.technology/portrait/header/136401-1700737411.jpg?lm=1
Tom King,29,Wolverhampton Wanderers,Goalkeeper,Goalkeeper,Wales,€0.2m,https://www.transfermarkt.us/tom-king/profil/spieler/215810,tom-king,215810,Premier League,https://img.a.transfermarkt.technology/portrait/header/215810-1621592912.jpg?lm=1
Toti,25,Wolverhampton Wanderers,Centre-Back,Defender,Portugal,€20.00m,https://www.transfermarkt.us/toti/profil/spieler/606718,toti,606718,Premier League,https://img.a.transfermarkt.technology/portrait/header/606718-1630733935.jpg?lm=1
Santiago Bueno,26,Wolverhampton Wanderers,Centre-Back,Defender,Uruguay,€8.00m,https://www.transfermarkt.us/santiago-bueno/profil/spieler/438001,santiago-bueno,438001,Premier League,https://img.a.transfermarkt.technology/portrait/header/438001-1567158917.jpg?lm=1
Yerson Mosquera,23,Wolverhampton Wanderers,Centre-Back,Defender,Colombia,€6.00m,https://www.transfermarkt.us/yerson-mosquera/profil/spieler/716276,yerson-mosquera,716276,Premier League,https://img.a.transfermarkt.technology/portrait/header/716276-1682874906.jpg?lm=1
Bastien Meupiyou,18,Wolverhampton Wanderers,Centre-Back,Defender,France,€2.50m,https://www.transfermarkt.us/bastien-meupiyou/profil/spieler/955253,bastien-meupiyou,955253,Premier League,https://img.a.transfermarkt.technology/portrait/header/955253-1703065461.jpg?lm=1
Craig Dawson,34,Wolverhampton Wanderers,Centre-Back,Defender,England,€2.00m,https://www.transfermarkt.us/craig-dawson/profil/spieler/121477,craig-dawson,121477,Premier League,https://img.a.transfermarkt.technology/portrait/header/121477-1700673087.jpg?lm=1
Rayan Aït-Nouri,23,Wolverhampton Wanderers,Left-Back,Defender,Algeria,€35.00m,https://www.transfermarkt.us/rayan-ait-nouri/profil/spieler/578391,rayan-ait-nouri,578391,Premier League,https://img.a.transfermarkt.technology/portrait/header/578391-1695656762.jpg?lm=1
Nélson Semedo,31,Wolverhampton Wanderers,Right-Back,Defender,Portugal,€12.00m,https://www.transfermarkt.us/nelson-semedo/profil/spieler/231572,nelson-semedo,231572,Premier League,https://img.a.transfermarkt.technology/portrait/header/231572-1684487147.jpg?lm=1
Pedro Lima,18,Wolverhampton Wanderers,Right-Back,Defender,Brazil,€5.00m,https://www.transfermarkt.us/pedro-lima/profil/spieler/1193867,pedro-lima,1193867,Premier League,https://img.a.transfermarkt.technology/portrait/header/1193867-1710156658.jpg?lm=1
Matt Doherty,32,Wolverhampton Wanderers,Right-Back,Defender,Ireland,€3.00m,https://www.transfermarkt.us/matt-doherty/profil/spieler/171679,matt-doherty,171679,Premier League,https://img.a.transfermarkt.technology/portrait/header/171679-1682598455.jpg?lm=1
André,23,Wolverhampton Wanderers,Defensive Midfield,Midfield,Brazil,€25.00m,https://www.transfermarkt.us/andre/profil/spieler/800176,andre,800176,Premier League,https://img.a.transfermarkt.technology/portrait/header/800176-1699348390.jpg?lm=1
Mario Lemina,31,Wolverhampton Wanderers,Defensive Midfield,Midfield,Gabon,€10.00m,https://www.transfermarkt.us/mario-lemina/profil/spieler/170934,mario-lemina,170934,Premier League,https://img.a.transfermarkt.technology/portrait/header/170934-1667549900.jpg?lm=1
Boubacar Traoré,23,Wolverhampton Wanderers,Defensive Midfield,Midfield,Mali,€6.00m,https://www.transfermarkt.us/boubacar-traore/profil/spieler/649020,boubacar-traore,649020,Premier League,https://img.a.transfermarkt.technology/portrait/header/649020-1693477837.jpg?lm=1
João Gomes,23,Wolverhampton Wanderers,Central Midfield,Midfield,Brazil,€40.00m,https://www.transfermarkt.us/joao-gomes/profil/spieler/735570,joao-gomes,735570,Premier League,https://img.a.transfermarkt.technology/portrait/header/735570-1675092223.jpg?lm=1
Jean-Ricner Bellegarde,26,Wolverhampton Wanderers,Central Midfield,Midfield,France,€18.00m,https://www.transfermarkt.us/jean-ricner-bellegarde/profil/spieler/450050,jean-ricner-bellegarde,450050,Premier League,https://img.a.transfermarkt.technology/portrait/header/450050-1618501758.jpg?lm=1
Tommy Doyle,23,Wolverhampton Wanderers,Central Midfield,Midfield,England,€10.00m,https://www.transfermarkt.us/tommy-doyle/profil/spieler/433183,tommy-doyle,433183,Premier League,https://img.a.transfermarkt.technology/portrait/header/433183-1682690588.jpg?lm=1
Luke Cundle,22,Wolverhampton Wanderers,Central Midfield,Midfield,England,€5.00m,https://www.transfermarkt.us/luke-cundle/profil/spieler/532541,luke-cundle,532541,Premier League,https://img.a.transfermarkt.technology/portrait/header/532541-1661855778.jpg?lm=1
Rodrigo Gomes,21,Wolverhampton Wanderers,Right Midfield,Midfield,Portugal,€15.00m,https://www.transfermarkt.us/rodrigo-gomes/profil/spieler/667121,rodrigo-gomes,667121,Premier League,https://img.a.transfermarkt.technology/portrait/header/667121-1658746770.jpg?lm=1
Gonçalo Guedes,28,Wolverhampton Wanderers,Left Winger,Attack,Portugal,€15.00m,https://www.transfermarkt.us/goncalo-guedes/profil/spieler/225122,goncalo-guedes,225122,Premier League,https://img.a.transfermarkt.technology/portrait/header/225122-1701334424.jpg?lm=1
Carlos Forbs,20,Wolverhampton Wanderers,Left Winger,Attack,Portugal,€8.00m,https://www.transfermarkt.us/carlos-forbs/profil/spieler/742451,carlos-forbs,742451,Premier League,https://img.a.transfermarkt.technology/portrait/header/742451-1721657852.jpg?lm=1
Enso González,19,Wolverhampton Wanderers,Left Winger,Attack,Paraguay,€4.00m,https://www.transfermarkt.us/enso-gonzalez/profil/spieler/1060740,enso-gonzalez,1060740,Premier League,https://img.a.transfermarkt.technology/portrait/header/1060740-1689793744.jpg?lm=1
Pablo Sarabia,32,Wolverhampton Wanderers,Right Winger,Attack,Spain,€8.00m,https://www.transfermarkt.us/pablo-sarabia/profil/spieler/74230,pablo-sarabia,74230,Premier League,https://img.a.transfermarkt.technology/portrait/header/74230-1602692460.jpg?lm=1
Matheus Cunha,25,Wolverhampton Wanderers,Centre-Forward,Attack,Brazil,€45.00m,https://www.transfermarkt.us/matheus-cunha/profil/spieler/517894,matheus-cunha,517894,Premier League,https://img.a.transfermarkt.technology/portrait/header/517894-1696599737.jpg?lm=1
Jørgen Strand Larsen,24,Wolverhampton Wanderers,Centre-Forward,Attack,Norway,€25.00m,https://www.transfermarkt.us/jorgen-strand-larsen/profil/spieler/429983,jorgen-strand-larsen,429983,Premier League,https://img.a.transfermarkt.technology/portrait/header/429983-1680524510.jpeg?lm=1
Hee-chan Hwang,28,Wolverhampton Wanderers,Centre-Forward,Attack,"Korea, South",€25.00m,https://www.transfermarkt.us/hee-chan-hwang/profil/spieler/292246,hee-chan-hwang,292246,Premier League,https://img.a.transfermarkt.technology/portrait/header/292246-1708341416.jpg?lm=1
Sasa Kalajdzic,27,Wolverhampton Wanderers,Centre-Forward,Attack,Austria,€5.00m,https://www.transfermarkt.us/sasa-kalajdzic/profil/spieler/369567,sasa-kalajdzic,369567,Premier League,https://img.a.transfermarkt.technology/portrait/header/369567-1624803519.jpg?lm=1
Jan Oblak,31,Atlético de Madrid,Goalkeeper,Goalkeeper,Slovenia,€28.00m,https://www.transfermarkt.us/jan-oblak/profil/spieler/121483,jan-oblak,121483,La Liga,https://img.a.transfermarkt.technology/portrait/header/121483-1719350076.jpg?lm=1
Juan Musso,30,Atlético de Madrid,Goalkeeper,Goalkeeper,Argentina,€5.00m,https://www.transfermarkt.us/juan-musso/profil/spieler/242359,juan-musso,242359,La Liga,https://img.a.transfermarkt.technology/portrait/header/242359-1663583047.jpg?lm=1
Robin Le Normand,28,Atlético de Madrid,Centre-Back,Defender,Spain,€40.00m,https://www.transfermarkt.us/robin-le-normand/profil/spieler/351809,robin-le-normand,351809,La Liga,https://img.a.transfermarkt.technology/portrait/header/351809-1707948228.jpg?lm=1
José María Giménez,29,Atlético de Madrid,Centre-Back,Defender,Uruguay,€22.00m,https://www.transfermarkt.us/jose-maria-gimenez/profil/spieler/250845,jose-maria-gimenez,250845,La Liga,https://img.a.transfermarkt.technology/portrait/header/250845-1664970029.jpg?lm=1
Clément Lenglet,29,Atlético de Madrid,Centre-Back,Defender,France,€5.00m,https://www.transfermarkt.us/clement-lenglet/profil/spieler/182904,clement-lenglet,182904,La Liga,https://img.a.transfermarkt.technology/portrait/header/182904-1599988301.jpg?lm=1
Axel Witsel,35,Atlético de Madrid,Centre-Back,Defender,Belgium,€3.50m,https://www.transfermarkt.us/axel-witsel/profil/spieler/35047,axel-witsel,35047,La Liga,https://img.a.transfermarkt.technology/portrait/header/35047-1665067807.jpg?lm=1
César Azpilicueta,35,Atlético de Madrid,Centre-Back,Defender,Spain,€2.00m,https://www.transfermarkt.us/cesar-azpilicueta/profil/spieler/57500,cesar-azpilicueta,57500,La Liga,https://img.a.transfermarkt.technology/portrait/header/57500-1668169250.jpg?lm=1
Reinildo Mandava,30,Atlético de Madrid,Left-Back,Defender,Mozambique,€9.00m,https://www.transfermarkt.us/reinildo-mandava/profil/spieler/240692,reinildo-mandava,240692,La Liga,https://img.a.transfermarkt.technology/portrait/header/240692-1666818500.jpg?lm=1
Javi Galán,30,Atlético de Madrid,Left-Back,Defender,Spain,€5.00m,https://www.transfermarkt.us/javi-galan/profil/spieler/448628,javi-galan,448628,La Liga,https://img.a.transfermarkt.technology/portrait/header/448628-1706112804.jpg?lm=1
Nahuel Molina,26,Atlético de Madrid,Right-Back,Defender,Argentina,€28.00m,https://www.transfermarkt.us/nahuel-molina/profil/spieler/424042,nahuel-molina,424042,La Liga,https://img.a.transfermarkt.technology/portrait/header/424042-1697037362.jpg?lm=1
Conor Gallagher,24,Atlético de Madrid,Central Midfield,Midfield,England,€50.00m,https://www.transfermarkt.us/conor-gallagher/profil/spieler/488362,conor-gallagher,488362,La Liga,https://img.a.transfermarkt.technology/portrait/header/488362-1668500476.jpg?lm=1
Rodrigo De Paul,30,Atlético de Madrid,Central Midfield,Midfield,Argentina,€30.00m,https://www.transfermarkt.us/rodrigo-de-paul/profil/spieler/255901,rodrigo-de-paul,255901,La Liga,https://img.a.transfermarkt.technology/portrait/header/255901-1712816368.jpg?lm=1
Pablo Barrios,21,Atlético de Madrid,Central Midfield,Midfield,Spain,€30.00m,https://www.transfermarkt.us/pablo-barrios/profil/spieler/775605,pablo-barrios,775605,La Liga,https://img.a.transfermarkt.technology/portrait/header/775605-1699431384.jpg?lm=1
Koke,32,Atlético de Madrid,Central Midfield,Midfield,Spain,€12.00m,https://www.transfermarkt.us/koke/profil/spieler/74229,koke,74229,La Liga,https://img.a.transfermarkt.technology/portrait/header/74229-1664970397.jpg?lm=1
Marcos Llorente,29,Atlético de Madrid,Right Midfield,Midfield,Spain,€30.00m,https://www.transfermarkt.us/marcos-llorente/profil/spieler/282411,marcos-llorente,282411,La Liga,https://img.a.transfermarkt.technology/portrait/header/282411-1684159821.jpg?lm=1
Thomas Lemar,29,Atlético de Madrid,Attacking Midfield,Midfield,France,€7.50m,https://www.transfermarkt.us/thomas-lemar/profil/spieler/205562,thomas-lemar,205562,La Liga,https://img.a.transfermarkt.technology/portrait/header/205562-1686662075.jpg?lm=1
Samuel Lino,24,Atlético de Madrid,Left Winger,Attack,Brazil,€30.00m,https://www.transfermarkt.us/samuel-lino/profil/spieler/694928,samuel-lino,694928,La Liga,https://img.a.transfermarkt.technology/portrait/header/694928-1695982815.jpg?lm=1
Rodrigo Riquelme,24,Atlético de Madrid,Left Winger,Attack,Spain,€25.00m,https://www.transfermarkt.us/rodrigo-riquelme/profil/spieler/461617,rodrigo-riquelme,461617,La Liga,https://img.a.transfermarkt.technology/portrait/header/461617-1701212385.jpg?lm=1
Marcos Paulo,23,Atlético de Madrid,Left Winger,Attack,Portugal,€1.00m,https://www.transfermarkt.us/marcos-paulo/profil/spieler/612496,marcos-paulo,612496,La Liga,https://img.a.transfermarkt.technology/portrait/header/612496-1558041274.png?lm=1
Ángel Correa,29,Atlético de Madrid,Right Winger,Attack,Argentina,€18.00m,https://www.transfermarkt.us/angel-correa/profil/spieler/266807,angel-correa,266807,La Liga,https://img.a.transfermarkt.technology/portrait/header/266807-1701212448.jpg?lm=1
Giuliano Simeone,21,Atlético de Madrid,Right Winger,Attack,Argentina,€3.00m,https://www.transfermarkt.us/giuliano-simeone/profil/spieler/742201,giuliano-simeone,742201,La Liga,https://img.a.transfermarkt.technology/portrait/header/742201-1644567976.jpg?lm=1
Julián Alvarez,24,Atlético de Madrid,Centre-Forward,Attack,Argentina,€75.00m,https://www.transfermarkt.us/julian-alvarez/profil/spieler/576024,julian-alvarez,576024,La Liga,https://img.a.transfermarkt.technology/portrait/header/576024-1684920938.jpg?lm=1
Antoine Griezmann,33,Atlético de Madrid,Centre-Forward,Attack,France,€25.00m,https://www.transfermarkt.us/antoine-griezmann/profil/spieler/125781,antoine-griezmann,125781,La Liga,https://img.a.transfermarkt.technology/portrait/header/125781-1719928503.jpg?lm=1
Alexander Sørloth,28,Atlético de Madrid,Centre-Forward,Attack,Norway,€25.00m,https://www.transfermarkt.us/alexander-sorloth/profil/spieler/238407,alexander-sorloth,238407,La Liga,https://img.a.transfermarkt.technology/portrait/header/238407-1716403969.jpg?lm=1
Borja Garcés,25,Atlético de Madrid,Centre-Forward,Attack,Spain,€2.00m,https://www.transfermarkt.us/borja-garces/profil/spieler/566036,borja-garces,566036,La Liga,https://img.a.transfermarkt.technology/portrait/header/566036-1635147184.jpg?lm=1
Marc-André ter Stegen,32,FC Barcelona,Goalkeeper,Goalkeeper,Germany,€20.00m,https://www.transfermarkt.us/marc-andre-ter-stegen/profil/spieler/74857,marc-andre-ter-stegen,74857,La Liga,https://img.a.transfermarkt.technology/portrait/header/74857-1674465246.jpg?lm=1
Iñaki Peña,25,FC Barcelona,Goalkeeper,Goalkeeper,Spain,€8.00m,https://www.transfermarkt.us/inaki-pena/profil/spieler/283170,inaki-pena,283170,La Liga,https://img.a.transfermarkt.technology/portrait/header/283170-1702502364.jpg?lm=1
Wojciech Szczęsny,34,FC Barcelona,Goalkeeper,Goalkeeper,Poland,€3.00m,https://www.transfermarkt.us/wojciech-szczesny/profil/spieler/44058,wojciech-szczesny,44058,La Liga,https://img.a.transfermarkt.technology/portrait/header/44058-1595847517.jpg?lm=1
Ander Astralaga,20,FC Barcelona,Goalkeeper,Goalkeeper,Spain,€1.00m,https://www.transfermarkt.us/ander-astralaga/profil/spieler/709955,ander-astralaga,709955,La Liga,https://img.a.transfermarkt.technology/portrait/header/709955-1683023993.jpg?lm=1
Ronald Araujo,25,FC Barcelona,Centre-Back,Defender,Uruguay,€70.00m,https://www.transfermarkt.us/ronald-araujo/profil/spieler/480267,ronald-araujo,480267,La Liga,https://img.a.transfermarkt.technology/portrait/header/480267-1701118351.jpg?lm=1
Pau Cubarsí,17,FC Barcelona,Centre-Back,Defender,Spain,€40.00m,https://www.transfermarkt.us/pau-cubarsi/profil/spieler/962110,pau-cubarsi,962110,La Liga,https://img.a.transfermarkt.technology/portrait/header/962110-1712779232.jpg?lm=1
Andreas Christensen,28,FC Barcelona,Centre-Back,Defender,Denmark,€30.00m,https://www.transfermarkt.us/andreas-christensen/profil/spieler/196948,andreas-christensen,196948,La Liga,https://img.a.transfermarkt.technology/portrait/header/196948-1668183241.jpg?lm=1
Eric García,23,FC Barcelona,Centre-Back,Defender,Spain,€20.00m,https://www.transfermarkt.us/eric-garcia/profil/spieler/466794,eric-garcia,466794,La Liga,https://img.a.transfermarkt.technology/portrait/header/466794-1693604801.jpg?lm=1
Iñigo Martínez,33,FC Barcelona,Centre-Back,Defender,Spain,€5.00m,https://www.transfermarkt.us/inigo-martinez/profil/spieler/158863,inigo-martinez,158863,La Liga,https://img.a.transfermarkt.technology/portrait/header/158863-1730119186.jpg?lm=1
Sergi Domínguez,19,FC Barcelona,Centre-Back,Defender,Spain,€1.00m,https://www.transfermarkt.us/sergi-dominguez/profil/spieler/741258,sergi-dominguez,741258,La Liga,https://img.a.transfermarkt.technology/portrait/header/741258-1699372417.jpg?lm=1
Alejandro Balde,21,FC Barcelona,Left-Back,Defender,Spain,€40.00m,https://www.transfermarkt.us/alejandro-balde/profil/spieler/636688,alejandro-balde,636688,La Liga,https://img.a.transfermarkt.technology/portrait/header/636688-1662836200.jpg?lm=1
Gerard Martín,22,FC Barcelona,Left-Back,Defender,Spain,€3.00m,https://www.transfermarkt.us/gerard-martin/profil/spieler/705395,gerard-martin,705395,La Liga,https://img.a.transfermarkt.technology/portrait/header/705395-1730119053.jpg?lm=1
Jules Koundé,26,FC Barcelona,Right-Back,Defender,France,€55.00m,https://www.transfermarkt.us/jules-kounde/profil/spieler/411975,jules-kounde,411975,La Liga,https://img.a.transfermarkt.technology/portrait/header/411975-1702502639.jpg?lm=1
Héctor Fort,18,FC Barcelona,Right-Back,Defender,Spain,€10.00m,https://www.transfermarkt.us/hector-fort/profil/spieler/937955,hector-fort,937955,La Liga,https://img.a.transfermarkt.technology/portrait/header/937955-1702504973.jpg?lm=1
Marc Casadó,21,FC Barcelona,Defensive Midfield,Midfield,Spain,€15.00m,https://www.transfermarkt.us/marc-casado/profil/spieler/636695,marc-casado,636695,La Liga,https://img.a.transfermarkt.technology/portrait/header/636695-1729771427.jpg?lm=1
Marc Bernal,17,FC Barcelona,Defensive Midfield,Midfield,Spain,€5.00m,https://www.transfermarkt.us/marc-bernal/profil/spieler/1018920,marc-bernal,1018920,La Liga,https://img.a.transfermarkt.technology/portrait/header/1018920-1724052540.jpg?lm=1
Gavi,20,FC Barcelona,Central Midfield,Midfield,Spain,€90.00m,https://www.transfermarkt.us/gavi/profil/spieler/646740,gavi,646740,La Liga,https://img.a.transfermarkt.technology/portrait/header/646740-1682685701.jpg?lm=1
Pedri,22,FC Barcelona,Central Midfield,Midfield,Spain,€80.00m,https://www.transfermarkt.us/pedri/profil/spieler/683840,pedri,683840,La Liga,https://img.a.transfermarkt.technology/portrait/header/683840-1620304992.jpg?lm=1
Frenkie de Jong,27,FC Barcelona,Central Midfield,Midfield,Netherlands,€60.00m,https://www.transfermarkt.us/frenkie-de-jong/profil/spieler/326330,frenkie-de-jong,326330,La Liga,https://img.a.transfermarkt.technology/portrait/header/326330-1656499973.png?lm=1
Fermín López,21,FC Barcelona,Central Midfield,Midfield,Spain,€50.00m,https://www.transfermarkt.us/fermin-lopez/profil/spieler/636703,fermin-lopez,636703,La Liga,https://img.a.transfermarkt.technology/portrait/header/636703-1698086824.jpg?lm=1
Dani Olmo,26,FC Barcelona,Attacking Midfield,Midfield,Spain,€60.00m,https://www.transfermarkt.us/dani-olmo/profil/spieler/293385,dani-olmo,293385,La Liga,https://img.a.transfermarkt.technology/portrait/header/293385-1711546268.jpg?lm=1
Pablo Torre,21,FC Barcelona,Attacking Midfield,Midfield,Spain,€5.00m,https://www.transfermarkt.us/pablo-torre/profil/spieler/720038,pablo-torre,720038,La Liga,https://img.a.transfermarkt.technology/portrait/header/720038-1724406086.jpg?lm=1
Raphinha,27,FC Barcelona,Left Winger,Attack,Brazil,€60.00m,https://www.transfermarkt.us/raphinha/profil/spieler/411295,raphinha,411295,La Liga,https://img.a.transfermarkt.technology/portrait/header/411295-1729754479.png?lm=1
Ansu Fati,22,FC Barcelona,Left Winger,Attack,Spain,€15.00m,https://www.transfermarkt.us/ansu-fati/profil/spieler/466810,ansu-fati,466810,La Liga,https://img.a.transfermarkt.technology/portrait/header/466810-1721828228.jpg?lm=1
Lamine Yamal,17,FC Barcelona,Right Winger,Attack,Spain,€150.00m,https://www.transfermarkt.us/lamine-yamal/profil/spieler/937958,lamine-yamal,937958,La Liga,https://img.a.transfermarkt.technology/portrait/header/937958-1720606123.jpg?lm=1
Ferran Torres,24,FC Barcelona,Right Winger,Attack,Spain,€30.00m,https://www.transfermarkt.us/ferran-torres/profil/spieler/398184,ferran-torres,398184,La Liga,https://img.a.transfermarkt.technology/portrait/header/398184-1699383547.jpg?lm=1
Robert Lewandowski,36,FC Barcelona,Centre-Forward,Attack,Poland,€15.00m,https://www.transfermarkt.us/robert-lewandowski/profil/spieler/38253,robert-lewandowski,38253,La Liga,https://img.a.transfermarkt.technology/portrait/header/38253-1701118759.jpg?lm=1
Pau Víctor,23,FC Barcelona,Centre-Forward,Attack,Spain,€5.00m,https://www.transfermarkt.us/pau-victor/profil/spieler/707572,pau-victor,707572,La Liga,https://img.a.transfermarkt.technology/portrait/header/707572-1724052852.jpg?lm=1
Thibaut Courtois,32,Real Madrid,Goalkeeper,Goalkeeper,Belgium,€25.00m,https://www.transfermarkt.us/thibaut-courtois/profil/spieler/108390,thibaut-courtois,108390,La Liga,https://img.a.transfermarkt.technology/portrait/header/108390-1717280733.jpg?lm=1
Andriy Lunin,25,Real Madrid,Goalkeeper,Goalkeeper,Ukraine,€25.00m,https://www.transfermarkt.us/andriy-lunin/profil/spieler/404839,andriy-lunin,404839,La Liga,https://img.a.transfermarkt.technology/portrait/header/404839-1701294131.jpg?lm=1
Éder Militão,26,Real Madrid,Centre-Back,Defender,Brazil,€60.00m,https://www.transfermarkt.us/eder-militao/profil/spieler/401530,eder-militao,401530,La Liga,https://img.a.transfermarkt.technology/portrait/header/401530-1719653438.jpg?lm=1
Antonio Rüdiger,31,Real Madrid,Centre-Back,Defender,Germany,€25.00m,https://www.transfermarkt.us/antonio-rudiger/profil/spieler/86202,antonio-rudiger,86202,La Liga,https://img.a.transfermarkt.technology/portrait/header/86202-1684484602.jpg?lm=1
David Alaba,32,Real Madrid,Centre-Back,Defender,Austria,€15.00m,https://www.transfermarkt.us/david-alaba/profil/spieler/59016,david-alaba,59016,La Liga,https://img.a.transfermarkt.technology/portrait/header/59016-1684921582.jpeg?lm=1
Jesús Vallejo,27,Real Madrid,Centre-Back,Defender,Spain,€1.00m,https://www.transfermarkt.us/jesus-vallejo/profil/spieler/251896,jesus-vallejo,251896,La Liga,https://img.a.transfermarkt.technology/portrait/header/251896-1684241186.jpg?lm=1
Raúl Asencio,21,Real Madrid,Centre-Back,Defender,Spain,€0.3m,https://www.transfermarkt.us/raul-asencio/profil/spieler/935245,raul-asencio,935245,La Liga,https://img.a.transfermarkt.technology/portrait/header/935245-1731168094.jpg?lm=1
Ferland Mendy,29,Real Madrid,Left-Back,Defender,France,€22.00m,https://www.transfermarkt.us/ferland-mendy/profil/spieler/291417,ferland-mendy,291417,La Liga,https://img.a.transfermarkt.technology/portrait/header/291417-1701294025.jpg?lm=1
Fran García,25,Real Madrid,Left-Back,Defender,Spain,€15.00m,https://www.transfermarkt.us/fran-garcia/profil/spieler/341264,fran-garcia,341264,La Liga,https://img.a.transfermarkt.technology/portrait/header/341264-1688119965.jpg?lm=1
Daniel Carvajal,32,Real Madrid,Right-Back,Defender,Spain,€12.00m,https://www.transfermarkt.us/daniel-carvajal/profil/spieler/138927,daniel-carvajal,138927,La Liga,https://img.a.transfermarkt.technology/portrait/header/138927-1721026790.jpg?lm=1
Lucas Vázquez,33,Real Madrid,Right-Back,Defender,Spain,€4.00m,https://www.transfermarkt.us/lucas-vazquez/profil/spieler/221316,lucas-vazquez,221316,La Liga,https://img.a.transfermarkt.technology/portrait/header/221316-1536655786.jpg?lm=1
Aurélien Tchouaméni,24,Real Madrid,Defensive Midfield,Midfield,France,€100.00m,https://www.transfermarkt.us/aurelien-tchouameni/profil/spieler/413112,aurelien-tchouameni,413112,La Liga,https://img.a.transfermarkt.technology/portrait/header/413112-1668500754.jpg?lm=1
Federico Valverde,26,Real Madrid,Central Midfield,Midfield,Uruguay,€130.00m,https://www.transfermarkt.us/federico-valverde/profil/spieler/369081,federico-valverde,369081,La Liga,https://img.a.transfermarkt.technology/portrait/header/369081-1731018042.jpg?lm=1
Eduardo Camavinga,22,Real Madrid,Central Midfield,Midfield,France,€100.00m,https://www.transfermarkt.us/eduardo-camavinga/profil/spieler/640428,eduardo-camavinga,640428,La Liga,https://img.a.transfermarkt.technology/portrait/header/640428-1668500874.jpg?lm=1
Luka Modric,39,Real Madrid,Central Midfield,Midfield,Croatia,€6.00m,https://www.transfermarkt.us/luka-modric/profil/spieler/27992,luka-modric,27992,La Liga,https://img.a.transfermarkt.technology/portrait/header/27992-1687776160.jpg?lm=1
Dani Ceballos,28,Real Madrid,Central Midfield,Midfield,Spain,€4.00m,https://www.transfermarkt.us/dani-ceballos/profil/spieler/319745,dani-ceballos,319745,La Liga,https://img.a.transfermarkt.technology/portrait/header/319745-1723666162.jpg?lm=1
Jude Bellingham,21,Real Madrid,Attacking Midfield,Midfield,England,€180.00m,https://www.transfermarkt.us/jude-bellingham/profil/spieler/581678,jude-bellingham,581678,La Liga,https://img.a.transfermarkt.technology/portrait/header/581678-1693987944.jpg?lm=1
Brahim Díaz,25,Real Madrid,Attacking Midfield,Midfield,Morocco,€40.00m,https://www.transfermarkt.us/brahim-diaz/profil/spieler/314678,brahim-diaz,314678,La Liga,https://img.a.transfermarkt.technology/portrait/header/314678-1632307989.jpg?lm=1
Vinicius Junior,24,Real Madrid,Left Winger,Attack,Brazil,€200.00m,https://www.transfermarkt.us/vinicius-junior/profil/spieler/371998,vinicius-junior,371998,La Liga,https://img.a.transfermarkt.technology/portrait/header/371998-1664869583.jpg?lm=1
Rodrygo,23,Real Madrid,Right Winger,Attack,Brazil,€110.00m,https://www.transfermarkt.us/rodrygo/profil/spieler/412363,rodrygo,412363,La Liga,https://img.a.transfermarkt.technology/portrait/header/412363-1693988167.jpg?lm=1
Arda Güler,19,Real Madrid,Right Winger,Attack,Türkiye,€45.00m,https://www.transfermarkt.us/arda-guler/profil/spieler/861410,arda-guler,861410,La Liga,https://img.a.transfermarkt.technology/portrait/header/861410-1699472585.jpg?lm=1
Kylian Mbappé,25,Real Madrid,Centre-Forward,Attack,France,€180.00m,https://www.transfermarkt.us/kylian-mbappe/profil/spieler/342229,kylian-mbappe,342229,La Liga,https://img.a.transfermarkt.technology/portrait/header/342229-1682683695.jpg?lm=1
Endrick,18,Real Madrid,Centre-Forward,Attack,Brazil,€60.00m,https://www.transfermarkt.us/endrick/profil/spieler/971570,endrick,971570,La Liga,https://img.a.transfermarkt.technology/portrait/header/971570-1723665994.jpg?lm=1
Rui Silva,30,Real Betis Balompié,Goalkeeper,Goalkeeper,Portugal,€8.00m,https://www.transfermarkt.us/rui-silva/profil/spieler/234811,rui-silva,234811,La Liga,https://img.a.transfermarkt.technology/portrait/header/234811-1666770953.jpg?lm=1
Adrián,37,Real Betis Balompié,Goalkeeper,Goalkeeper,Spain,€0.6m,https://www.transfermarkt.us/adrian/profil/spieler/71271,adrian,71271,La Liga,https://img.a.transfermarkt.technology/portrait/header/71271-1687166366.jpg?lm=1
Fran Vieites,25,Real Betis Balompié,Goalkeeper,Goalkeeper,Spain,€0.5m,https://www.transfermarkt.us/fran-vieites/profil/spieler/551182,fran-vieites,551182,La Liga,https://img.a.transfermarkt.technology/portrait/header/551182-1701083106.jpg?lm=1
Natan,23,Real Betis Balompié,Centre-Back,Defender,Brazil,€12.00m,https://www.transfermarkt.us/natan/profil/spieler/735568,natan,735568,La Liga,https://img.a.transfermarkt.technology/portrait/header/735568-1708553167.jpg?lm=1
Diego Llorente,31,Real Betis Balompié,Centre-Back,Defender,Spain,€7.00m,https://www.transfermarkt.us/diego-llorente/profil/spieler/246291,diego-llorente,246291,La Liga,https://img.a.transfermarkt.technology/portrait/header/246291-1675246130.jpg?lm=1
Marc Bartra,33,Real Betis Balompié,Centre-Back,Defender,Spain,€1.00m,https://www.transfermarkt.us/marc-bartra/profil/spieler/99922,marc-bartra,99922,La Liga,https://img.a.transfermarkt.technology/portrait/header/99922-1724053472.jpg?lm=1
Romain Perraud,27,Real Betis Balompié,Left-Back,Defender,France,€5.00m,https://www.transfermarkt.us/romain-perraud/profil/spieler/318523,romain-perraud,318523,La Liga,https://img.a.transfermarkt.technology/portrait/header/318523-1582538263.jpg?lm=1
Ricardo Rodríguez,32,Real Betis Balompié,Left-Back,Defender,Switzerland,€3.50m,https://www.transfermarkt.us/ricardo-rodriguez/profil/spieler/86784,ricardo-rodriguez,86784,La Liga,https://img.a.transfermarkt.technology/portrait/header/86784-1718216908.jpg?lm=1
Héctor Bellerín,29,Real Betis Balompié,Right-Back,Defender,Spain,€4.00m,https://www.transfermarkt.us/hector-bellerin/profil/spieler/191217,hector-bellerin,191217,La Liga,https://img.a.transfermarkt.technology/portrait/header/191217-1676903202.jpg?lm=1
Youssouf Sabaly,31,Real Betis Balompié,Right-Back,Defender,Senegal,€2.50m,https://www.transfermarkt.us/youssouf-sabaly/profil/spieler/135492,youssouf-sabaly,135492,La Liga,https://img.a.transfermarkt.technology/portrait/header/135492-1532700291.jpg?lm=1
Johnny Cardoso,23,Real Betis Balompié,Defensive Midfield,Midfield,United States,€20.00m,https://www.transfermarkt.us/johnny-cardoso/profil/spieler/689505,johnny-cardoso,689505,La Liga,https://img.a.transfermarkt.technology/portrait/header/689505-1708953705.jpg?lm=1
Marc Roca,28,Real Betis Balompié,Defensive Midfield,Midfield,Spain,€9.00m,https://www.transfermarkt.us/marc-roca/profil/spieler/336869,marc-roca,336869,La Liga,https://img.a.transfermarkt.technology/portrait/header/336869-1719579269.jpg?lm=1
William Carvalho,32,Real Betis Balompié,Defensive Midfield,Midfield,Portugal,€3.00m,https://www.transfermarkt.us/william-carvalho/profil/spieler/100131,william-carvalho,100131,La Liga,https://img.a.transfermarkt.technology/portrait/header/100131-1662113601.jpg?lm=1
Giovani Lo Celso,28,Real Betis Balompié,Central Midfield,Midfield,Argentina,€20.00m,https://www.transfermarkt.us/giovani-lo-celso/profil/spieler/348795,giovani-lo-celso,348795,La Liga,https://img.a.transfermarkt.technology/portrait/header/348795-1726734706.jpg?lm=1
Sergi Altimira,23,Real Betis Balompié,Central Midfield,Midfield,Spain,€3.50m,https://www.transfermarkt.us/sergi-altimira/profil/spieler/466801,sergi-altimira,466801,La Liga,https://img.a.transfermarkt.technology/portrait/header/466801-1676910380.png?lm=1
Pablo Fornals,28,Real Betis Balompié,Attacking Midfield,Midfield,Spain,€14.00m,https://www.transfermarkt.us/pablo-fornals/profil/spieler/357885,pablo-fornals,357885,La Liga,https://img.a.transfermarkt.technology/portrait/header/357885-1714124764.jpg?lm=1
Isco,32,Real Betis Balompié,Attacking Midfield,Midfield,Spain,€8.00m,https://www.transfermarkt.us/isco/profil/spieler/85288,isco,85288,La Liga,https://img.a.transfermarkt.technology/portrait/header/85288-1699613327.jpg?lm=1
Abde Ezzalzouli,22,Real Betis Balompié,Left Winger,Attack,Morocco,€12.00m,https://www.transfermarkt.us/abde-ezzalzouli/profil/spieler/724520,abde-ezzalzouli,724520,La Liga,https://img.a.transfermarkt.technology/portrait/header/724520-1636969902.jpg?lm=1
Juanmi,31,Real Betis Balompié,Left Winger,Attack,Spain,€6.00m,https://www.transfermarkt.us/juanmi/profil/spieler/126737,juanmi,126737,La Liga,https://img.a.transfermarkt.technology/portrait/header/126737-1653043231.jpg?lm=1
Assane Diao,19,Real Betis Balompié,Right Winger,Attack,Spain,€12.00m,https://www.transfermarkt.us/assane-diao/profil/spieler/1061282,assane-diao,1061282,La Liga,https://img.a.transfermarkt.technology/portrait/header/1061282-1699273116.jpg?lm=1
Aitor Ruibal,28,Real Betis Balompié,Right Winger,Attack,Spain,€3.50m,https://www.transfermarkt.us/aitor-ruibal/profil/spieler/378139,aitor-ruibal,378139,La Liga,https://img.a.transfermarkt.technology/portrait/header/378139-1583334036.jpg?lm=1
Iker Losada,23,Real Betis Balompié,Second Striker,Attack,Spain,€1.80m,https://www.transfermarkt.us/iker-losada/profil/spieler/632741,iker-losada,632741,La Liga,https://img.a.transfermarkt.technology/portrait/header/632741-1569337955.jpg?lm=1
Vitor Roque,19,Real Betis Balompié,Centre-Forward,Attack,Brazil,€30.00m,https://www.transfermarkt.us/vitor-roque/profil/spieler/943837,vitor-roque,943837,La Liga,https://img.a.transfermarkt.technology/portrait/header/943837-1704703716.jpg?lm=1
Chimy Ávila,30,Real Betis Balompié,Centre-Forward,Attack,Argentina,€3.00m,https://www.transfermarkt.us/chimy-avila/profil/spieler/167721,chimy-avila,167721,La Liga,https://img.a.transfermarkt.technology/portrait/header/167721-1708949836.jpg?lm=1
Cédric Bakambu,33,Real Betis Balompié,Centre-Forward,Attack,DR Congo,€2.50m,https://www.transfermarkt.us/cedric-bakambu/profil/spieler/127048,cedric-bakambu,127048,La Liga,https://img.a.transfermarkt.technology/portrait/header/127048-1563441766.jpg?lm=1
Álvaro Fernández,26,Sevilla FC,Goalkeeper,Goalkeeper,Spain,€2.50m,https://www.transfermarkt.us/alvaro-fernandez/profil/spieler/453704,alvaro-fernandez,453704,La Liga,https://img.a.transfermarkt.technology/portrait/header/453704-1694431085.jpg?lm=1
Ørjan Nyland,34,Sevilla FC,Goalkeeper,Goalkeeper,Norway,€1.40m,https://www.transfermarkt.us/orjan-nyland/profil/spieler/73517,orjan-nyland,73517,La Liga,https://img.a.transfermarkt.technology/portrait/header/73517-1532082757.jpg?lm=1
Loïc Badé,24,Sevilla FC,Centre-Back,Defender,France,€20.00m,https://www.transfermarkt.us/loic-bade/profil/spieler/730581,loic-bade,730581,La Liga,https://img.a.transfermarkt.technology/portrait/header/730581-1681464974.jpg?lm=1
Kike Salas,22,Sevilla FC,Centre-Back,Defender,Spain,€8.00m,https://www.transfermarkt.us/kike-salas/profil/spieler/766583,kike-salas,766583,La Liga,https://img.a.transfermarkt.technology/portrait/header/766583-1647594742.png?lm=1
Marcão,28,Sevilla FC,Centre-Back,Defender,Brazil,€4.00m,https://www.transfermarkt.us/marcao/profil/spieler/439022,marcao,439022,La Liga,https://img.a.transfermarkt.technology/portrait/header/439022-1681476532.jpg?lm=1
Tanguy Nianzou,22,Sevilla FC,Centre-Back,Defender,France,€3.00m,https://www.transfermarkt.us/tanguy-nianzou/profil/spieler/538996,tanguy-nianzou,538996,La Liga,https://img.a.transfermarkt.technology/portrait/header/538996-1681463642.jpg?lm=1
Valentín Barco,20,Sevilla FC,Left-Back,Defender,Argentina,€10.00m,https://www.transfermarkt.us/valentin-barco/profil/spieler/849410,valentin-barco,849410,La Liga,https://img.a.transfermarkt.technology/portrait/header/849410-1683292377.jpg?lm=1
Adrià Pedrosa,26,Sevilla FC,Left-Back,Defender,Spain,€6.00m,https://www.transfermarkt.us/adria-pedrosa/profil/spieler/501418,adria-pedrosa,501418,La Liga,https://img.a.transfermarkt.technology/portrait/header/501418-1583506190.jpg?lm=1
Juanlu Sánchez,21,Sevilla FC,Right-Back,Defender,Spain,€15.00m,https://www.transfermarkt.us/juanlu-sanchez/profil/spieler/676042,juanlu-sanchez,676042,La Liga,https://img.a.transfermarkt.technology/portrait/header/676042-1695240552.jpg?lm=1
Gonzalo Montiel,27,Sevilla FC,Right-Back,Defender,Argentina,€8.00m,https://www.transfermarkt.us/gonzalo-montiel/profil/spieler/402733,gonzalo-montiel,402733,La Liga,https://img.a.transfermarkt.technology/portrait/header/402733-1668181612.jpg?lm=1
José Ángel Carmona,22,Sevilla FC,Right-Back,Defender,Spain,€5.00m,https://www.transfermarkt.us/jose-angel-carmona/profil/spieler/711625,jose-angel-carmona,711625,La Liga,https://img.a.transfermarkt.technology/portrait/header/711625-1696862897.jpg?lm=1
Jesús Navas,39,Sevilla FC,Right-Back,Defender,Spain,€2.50m,https://www.transfermarkt.us/jesus-navas/profil/spieler/15956,jesus-navas,15956,La Liga,https://img.a.transfermarkt.technology/portrait/header/15956-1694503739.jpg?lm=1
Lucien Agoumé,22,Sevilla FC,Defensive Midfield,Midfield,France,€6.00m,https://www.transfermarkt.us/lucien-agoume/profil/spieler/569384,lucien-agoume,569384,La Liga,https://img.a.transfermarkt.technology/portrait/header/569384-1656577561.jpg?lm=1
Nemanja Gudelj,33,Sevilla FC,Defensive Midfield,Midfield,Serbia,€3.50m,https://www.transfermarkt.us/nemanja-gudelj/profil/spieler/74294,nemanja-gudelj,74294,La Liga,https://img.a.transfermarkt.technology/portrait/header/74294-1718893660.jpg?lm=1
Albert Sambi Lokonga,25,Sevilla FC,Central Midfield,Midfield,Belgium,€12.00m,https://www.transfermarkt.us/albert-sambi-lokonga/profil/spieler/381967,albert-sambi-lokonga,381967,La Liga,https://img.a.transfermarkt.technology/portrait/header/381967-1678466372.jpg?lm=1
Djibril Sow,27,Sevilla FC,Central Midfield,Midfield,Switzerland,€7.50m,https://www.transfermarkt.us/djibril-sow/profil/spieler/212723,djibril-sow,212723,La Liga,https://img.a.transfermarkt.technology/portrait/header/212723-1663065652.jpg?lm=1
Saúl Ñíguez,30,Sevilla FC,Central Midfield,Midfield,Spain,€5.00m,https://www.transfermarkt.us/saul-niguez/profil/spieler/148928,saul-niguez,148928,La Liga,https://img.a.transfermarkt.technology/portrait/header/148928-1648555027.jpg?lm=1
Manu Bueno,20,Sevilla FC,Central Midfield,Midfield,Spain,€0.5m,https://www.transfermarkt.us/manu-bueno/profil/spieler/766723,manu-bueno,766723,La Liga,https://img.a.transfermarkt.technology/portrait/header/766723-1702412015.jpg?lm=1
Pedro Ortiz,24,Sevilla FC,Central Midfield,Midfield,Spain,€0.4m,https://www.transfermarkt.us/pedro-ortiz/profil/spieler/610238,pedro-ortiz,610238,La Liga,https://img.a.transfermarkt.technology/portrait/header/610238-1540334775.jpg?lm=1
Stanis Idumbo,19,Sevilla FC,Attacking Midfield,Midfield,Belgium,€0.8m,https://www.transfermarkt.us/stanis-idumbo/profil/spieler/743387,stanis-idumbo,743387,La Liga,https://img.a.transfermarkt.technology/portrait/header/743387-1652692759.jpg?lm=1
Chidera Ejuke,26,Sevilla FC,Left Winger,Attack,Nigeria,€6.00m,https://www.transfermarkt.us/chidera-ejuke/profil/spieler/500067,chidera-ejuke,500067,La Liga,https://img.a.transfermarkt.technology/portrait/header/500067-1706264992.jpg?lm=1
Dodi Lukébakio,27,Sevilla FC,Right Winger,Attack,Belgium,€12.00m,https://www.transfermarkt.us/dodi-lukebakio/profil/spieler/303259,dodi-lukebakio,303259,La Liga,https://img.a.transfermarkt.technology/portrait/header/303259-1657098989.jpg?lm=1
Suso,31,Sevilla FC,Right Winger,Attack,Spain,€3.00m,https://www.transfermarkt.us/suso/profil/spieler/111961,suso,111961,La Liga,https://img.a.transfermarkt.technology/portrait/header/111961-1455551677.jpg?lm=1
Peque Fernández,22,Sevilla FC,Second Striker,Attack,Spain,€5.00m,https://www.transfermarkt.us/peque-fernandez/profil/spieler/639733,peque-fernandez,639733,La Liga,https://img.a.transfermarkt.technology/portrait/header/639733-1615192753.jpg?lm=1
Isaac Romero,24,Sevilla FC,Centre-Forward,Attack,Spain,€18.00m,https://www.transfermarkt.us/isaac-romero/profil/spieler/687609,isaac-romero,687609,La Liga,https://img.a.transfermarkt.technology/portrait/header/687609-1704970459.jpg?lm=1
Kelechi Iheanacho,28,Sevilla FC,Centre-Forward,Attack,Nigeria,€9.00m,https://www.transfermarkt.us/kelechi-iheanacho/profil/spieler/295330,kelechi-iheanacho,295330,La Liga,https://img.a.transfermarkt.technology/portrait/header/295330-1617442598.jpg?lm=1
Sergio Herrera,31,CA Osasuna,Goalkeeper,Goalkeeper,Spain,€6.00m,https://www.transfermarkt.us/sergio-herrera/profil/spieler/248738,sergio-herrera,248738,La Liga,https://img.a.transfermarkt.technology/portrait/header/248738-1732220099.jpg?lm=1
Aitor Fernández,33,CA Osasuna,Goalkeeper,Goalkeeper,Spain,€1.80m,https://www.transfermarkt.us/aitor-fernandez/profil/spieler/118997,aitor-fernandez,118997,La Liga,https://img.a.transfermarkt.technology/portrait/header/118997-1683281584.jpg?lm=1
Enzo Boyomo,23,CA Osasuna,Centre-Back,Defender,Cameroon,€10.00m,https://www.transfermarkt.us/enzo-boyomo/profil/spieler/541555,enzo-boyomo,541555,La Liga,https://img.a.transfermarkt.technology/portrait/header/541555-1728038860.jpg?lm=1
Jorge Herrando,23,CA Osasuna,Centre-Back,Defender,Spain,€6.00m,https://www.transfermarkt.us/jorge-herrando/profil/spieler/555500,jorge-herrando,555500,La Liga,https://img.a.transfermarkt.technology/portrait/header/555500-1732219992.jpg?lm=1
Alejandro Catena,30,CA Osasuna,Centre-Back,Defender,Spain,€4.00m,https://www.transfermarkt.us/alejandro-catena/profil/spieler/449796,alejandro-catena,449796,La Liga,https://img.a.transfermarkt.technology/portrait/header/449796-1732220159.jpg?lm=1
Unai García,32,CA Osasuna,Centre-Back,Defender,Spain,€1.20m,https://www.transfermarkt.us/unai-garcia/profil/spieler/197122,unai-garcia,197122,La Liga,https://img.a.transfermarkt.technology/portrait/header/197122-1490623673.jpg?lm=1
Abel Bretones,24,CA Osasuna,Left-Back,Defender,Spain,€3.00m,https://www.transfermarkt.us/abel-bretones/profil/spieler/658115,abel-bretones,658115,La Liga,https://img.a.transfermarkt.technology/portrait/header/658115-1690301272.jpg?lm=1
Juan Cruz,32,CA Osasuna,Left-Back,Defender,Spain,€2.20m,https://www.transfermarkt.us/juan-cruz/profil/spieler/169497,juan-cruz,169497,La Liga,https://img.a.transfermarkt.technology/portrait/header/169497-1732219962.jpg?lm=1
Jesús Areso,25,CA Osasuna,Right-Back,Defender,Spain,€7.50m,https://www.transfermarkt.us/jesus-areso/profil/spieler/488626,jesus-areso,488626,La Liga,https://img.a.transfermarkt.technology/portrait/header/488626-1675800186.jpg?lm=1
Rubén Peña,33,CA Osasuna,Right-Back,Defender,Spain,€2.20m,https://www.transfermarkt.us/ruben-pena/profil/spieler/238868,ruben-pena,238868,La Liga,https://img.a.transfermarkt.technology/portrait/header/238868-1490952343.jpg?lm=1
Nacho Vidal,29,CA Osasuna,Right-Back,Defender,Spain,€2.00m,https://www.transfermarkt.us/nacho-vidal/profil/spieler/216870,nacho-vidal,216870,La Liga,https://img.a.transfermarkt.technology/portrait/header/216870-1510233362.jpg?lm=1
Iker Muñoz,22,CA Osasuna,Defensive Midfield,Midfield,Spain,€5.00m,https://www.transfermarkt.us/iker-munoz/profil/spieler/710677,iker-munoz,710677,La Liga,https://img.a.transfermarkt.technology/portrait/header/710677-1697557434.jpg?lm=1
Lucas Torró,30,CA Osasuna,Defensive Midfield,Midfield,Spain,€4.00m,https://www.transfermarkt.us/lucas-torro/profil/spieler/213670,lucas-torro,213670,La Liga,https://img.a.transfermarkt.technology/portrait/header/213670-1732219931.jpg?lm=1
Jon Moncayola,26,CA Osasuna,Central Midfield,Midfield,Spain,€7.00m,https://www.transfermarkt.us/jon-moncayola/profil/spieler/552425,jon-moncayola,552425,La Liga,https://img.a.transfermarkt.technology/portrait/header/552425-1583310847.jpg?lm=1
Pablo Ibáñez,26,CA Osasuna,Central Midfield,Midfield,Spain,€2.50m,https://www.transfermarkt.us/pablo-ibanez/profil/spieler/785353,pablo-ibanez,785353,La Liga,https://img.a.transfermarkt.technology/portrait/header/785353-1680676751.jpg?lm=1
Aimar Oroz,23,CA Osasuna,Attacking Midfield,Midfield,Spain,€15.00m,https://www.transfermarkt.us/aimar-oroz/profil/spieler/634131,aimar-oroz,634131,La Liga,https://img.a.transfermarkt.technology/portrait/header/634131-1732220023.jpg?lm=1
Javi Martínez,24,CA Osasuna,Attacking Midfield,Midfield,Spain,€1.20m,https://www.transfermarkt.us/javi-martinez/profil/spieler/471474,javi-martinez,471474,La Liga,https://img.a.transfermarkt.technology/portrait/header/471474-1694423354.png?lm=1
Bryan Zaragoza,23,CA Osasuna,Left Winger,Attack,Spain,€12.00m,https://www.transfermarkt.us/bryan-zaragoza/profil/spieler/713644,bryan-zaragoza,713644,La Liga,https://img.a.transfermarkt.technology/portrait/header/713644-1714503809.jpg?lm=1
Moi Gómez,30,CA Osasuna,Left Winger,Attack,Spain,€3.50m,https://www.transfermarkt.us/moi-gomez/profil/spieler/175449,moi-gomez,175449,La Liga,https://img.a.transfermarkt.technology/portrait/header/175449-1664970613.jpg?lm=1
José Manuel Arnáiz,29,CA Osasuna,Left Winger,Attack,Spain,€2.00m,https://www.transfermarkt.us/jose-manuel-arnaiz/profil/spieler/364603,jose-manuel-arnaiz,364603,La Liga,https://img.a.transfermarkt.technology/portrait/header/364603-1732219584.jpg?lm=1
Rubén García,31,CA Osasuna,Right Winger,Attack,Spain,€2.50m,https://www.transfermarkt.us/ruben-garcia/profil/spieler/213260,ruben-garcia,213260,La Liga,https://img.a.transfermarkt.technology/portrait/header/213260-1583310204.jpg?lm=1
Kike Barja,27,CA Osasuna,Right Winger,Attack,Spain,€2.00m,https://www.transfermarkt.us/kike-barja/profil/spieler/298575,kike-barja,298575,La Liga,https://img.a.transfermarkt.technology/portrait/header/298575-1583310743.jpg?lm=1
Iker Benito,22,CA Osasuna,Right Winger,Attack,Spain,€0.8m,https://www.transfermarkt.us/iker-benito/profil/spieler/710679,iker-benito,710679,La Liga,https://img.a.transfermarkt.technology/portrait/header/710679-1732219683.jpg?lm=1
Ante Budimir,33,CA Osasuna,Centre-Forward,Attack,Croatia,€5.00m,https://www.transfermarkt.us/ante-budimir/profil/spieler/46413,ante-budimir,46413,La Liga,https://img.a.transfermarkt.technology/portrait/header/46413-1732219707.jpg?lm=1
Raúl García,24,CA Osasuna,Centre-Forward,Attack,Spain,€4.00m,https://www.transfermarkt.us/raul-garcia/profil/spieler/631002,raul-garcia,631002,La Liga,https://img.a.transfermarkt.technology/portrait/header/631002-1614090749.jpg?lm=1
Álex Remiro,29,Real Sociedad,Goalkeeper,Goalkeeper,Spain,€25.00m,https://www.transfermarkt.us/alex-remiro/profil/spieler/212862,alex-remiro,212862,La Liga,https://img.a.transfermarkt.technology/portrait/header/212862-1694594210.jpg?lm=1
Unai Marrero,23,Real Sociedad,Goalkeeper,Goalkeeper,Spain,€0.3m,https://www.transfermarkt.us/unai-marrero/profil/spieler/625657,unai-marrero,625657,La Liga,https://img.a.transfermarkt.technology/portrait/header/625657-1692370133.jpg?lm=1
Nayef Aguerd,28,Real Sociedad,Centre-Back,Defender,Morocco,€35.00m,https://www.transfermarkt.us/nayef-aguerd/profil/spieler/361914,nayef-aguerd,361914,La Liga,https://img.a.transfermarkt.technology/portrait/header/361914-1659355782.jpg?lm=1
Igor Zubeldia,27,Real Sociedad,Centre-Back,Defender,Spain,€22.00m,https://www.transfermarkt.us/igor-zubeldia/profil/spieler/355628,igor-zubeldia,355628,La Liga,https://img.a.transfermarkt.technology/portrait/header/355628-1664974849.jpg?lm=1
Jon Pacheco,23,Real Sociedad,Centre-Back,Defender,Spain,€15.00m,https://www.transfermarkt.us/jon-pacheco/profil/spieler/580560,jon-pacheco,580560,La Liga,https://img.a.transfermarkt.technology/portrait/header/580560-1631178086.jpg?lm=1
Aritz Elustondo,30,Real Sociedad,Centre-Back,Defender,Spain,€5.00m,https://www.transfermarkt.us/aritz-elustondo/profil/spieler/229804,aritz-elustondo,229804,La Liga,https://img.a.transfermarkt.technology/portrait/header/229804-1664970965.jpg?lm=1
Jon Martín,18,Real Sociedad,Centre-Back,Defender,Spain,€2.00m,https://www.transfermarkt.us/jon-martin/profil/spieler/1018938,jon-martin,1018938,La Liga,https://img.a.transfermarkt.technology/portrait/header/1018938-1732794896.png?lm=1
Aihen Muñoz,27,Real Sociedad,Left-Back,Defender,Spain,€8.00m,https://www.transfermarkt.us/aihen-munoz/profil/spieler/517842,aihen-munoz,517842,La Liga,https://img.a.transfermarkt.technology/portrait/header/517842-1699007158.jpg?lm=1
Javi López,22,Real Sociedad,Left-Back,Defender,Spain,€7.50m,https://www.transfermarkt.us/javi-lopez/profil/spieler/568158,javi-lopez,568158,La Liga,https://img.a.transfermarkt.technology/portrait/header/568158-1647530894.jpg?lm=1
Hamari Traoré,32,Real Sociedad,Right-Back,Defender,Mali,€6.00m,https://www.transfermarkt.us/hamari-traore/profil/spieler/297070,hamari-traore,297070,La Liga,https://img.a.transfermarkt.technology/portrait/header/297070-1664981394.jpg?lm=1
Jon Aramburu,22,Real Sociedad,Right-Back,Defender,Venezuela,€5.00m,https://www.transfermarkt.us/jon-aramburu/profil/spieler/661145,jon-aramburu,661145,La Liga,https://img.a.transfermarkt.technology/portrait/header/661145-1719915615.jpg?lm=1
Álvaro Odriozola,28,Real Sociedad,Right-Back,Defender,Spain,€1.50m,https://www.transfermarkt.us/alvaro-odriozola/profil/spieler/280730,alvaro-odriozola,280730,La Liga,https://img.a.transfermarkt.technology/portrait/header/280730-1579598607.jpg?lm=1
Martín Zubimendi,25,Real Sociedad,Defensive Midfield,Midfield,Spain,€60.00m,https://www.transfermarkt.us/martin-zubimendi/profil/spieler/423440,martin-zubimendi,423440,La Liga,https://img.a.transfermarkt.technology/portrait/header/423440-1684149419.jpg?lm=1
Urko González de Zarate,23,Real Sociedad,Defensive Midfield,Midfield,Spain,€1.20m,https://www.transfermarkt.us/urko-gonzalez-de-zarate/profil/spieler/625651,urko-gonzalez-de-zarate,625651,La Liga,https://img.a.transfermarkt.technology/portrait/header/625651-1694171507.jpg?lm=1
Beñat Turrientes,22,Real Sociedad,Central Midfield,Midfield,Spain,€20.00m,https://www.transfermarkt.us/benat-turrientes/profil/spieler/634431,benat-turrientes,634431,La Liga,https://img.a.transfermarkt.technology/portrait/header/634431-1702416501.jpg?lm=1
Luka Sucic,22,Real Sociedad,Central Midfield,Midfield,Croatia,€15.00m,https://www.transfermarkt.us/luka-sucic/profil/spieler/502722,luka-sucic,502722,La Liga,https://img.a.transfermarkt.technology/portrait/header/502722-1692998699.png?lm=1
Jon Ander Olasagasti,24,Real Sociedad,Central Midfield,Midfield,Spain,€1.20m,https://www.transfermarkt.us/jon-ander-olasagasti/profil/spieler/625660,jon-ander-olasagasti,625660,La Liga,https://img.a.transfermarkt.technology/portrait/header/625660-1695238891.jpg?lm=1
Brais Méndez,27,Real Sociedad,Attacking Midfield,Midfield,Spain,€40.00m,https://www.transfermarkt.us/brais-mendez/profil/spieler/309110,brais-mendez,309110,La Liga,https://img.a.transfermarkt.technology/portrait/header/309110-1665057568.jpg?lm=1
Arsen Zakharyan,21,Real Sociedad,Attacking Midfield,Midfield,Russia,€18.00m,https://www.transfermarkt.us/arsen-zakharyan/profil/spieler/555143,arsen-zakharyan,555143,La Liga,https://img.a.transfermarkt.technology/portrait/header/555143-1683292149.jpg?lm=1
Pablo Marín,21,Real Sociedad,Attacking Midfield,Midfield,Spain,€1.50m,https://www.transfermarkt.us/pablo-marin/profil/spieler/907813,pablo-marin,907813,La Liga,https://img.a.transfermarkt.technology/portrait/header/907813-1683212131.jpg?lm=1
Jon Magunazelaia,23,Real Sociedad,Attacking Midfield,Midfield,Spain,€1.00m,https://www.transfermarkt.us/jon-magunazelaia/profil/spieler/625655,jon-magunazelaia,625655,La Liga,https://img.a.transfermarkt.technology/portrait/header/625655-1707947912.jpg?lm=1
Ander Barrenetxea,22,Real Sociedad,Left Winger,Attack,Spain,€20.00m,https://www.transfermarkt.us/ander-barrenetxea/profil/spieler/616369,ander-barrenetxea,616369,La Liga,https://img.a.transfermarkt.technology/portrait/header/616369-1699472801.jpg?lm=1
Sheraldo Becker,29,Real Sociedad,Left Winger,Attack,Suriname,€7.50m,https://www.transfermarkt.us/sheraldo-becker/profil/spieler/188888,sheraldo-becker,188888,La Liga,https://img.a.transfermarkt.technology/portrait/header/188888-1692707512.jpg?lm=1
Takefusa Kubo,23,Real Sociedad,Right Winger,Attack,Japan,€50.00m,https://www.transfermarkt.us/takefusa-kubo/profil/spieler/405398,takefusa-kubo,405398,La Liga,https://img.a.transfermarkt.technology/portrait/header/405398-1697110254.jpg?lm=1
Sergio Gómez,24,Real Sociedad,Right Winger,Attack,Spain,€10.00m,https://www.transfermarkt.us/sergio-gomez/profil/spieler/366930,sergio-gomez,366930,La Liga,https://img.a.transfermarkt.technology/portrait/header/366930-1727678534.jpg?lm=1
Mikel Oyarzabal,27,Real Sociedad,Centre-Forward,Attack,Spain,€40.00m,https://www.transfermarkt.us/mikel-oyarzabal/profil/spieler/351478,mikel-oyarzabal,351478,La Liga,https://img.a.transfermarkt.technology/portrait/header/351478-1599987229.jpg?lm=1
Orri Óskarsson,20,Real Sociedad,Centre-Forward,Attack,Iceland,€20.00m,https://www.transfermarkt.us/orri-oskarsson/profil/spieler/660438,orri-oskarsson,660438,La Liga,https://img.a.transfermarkt.technology/portrait/header/660438-1692090952.jpg?lm=1
Umar Sadiq,27,Real Sociedad,Centre-Forward,Attack,Nigeria,€6.00m,https://www.transfermarkt.us/umar-sadiq/profil/spieler/337715,umar-sadiq,337715,La Liga,https://img.a.transfermarkt.technology/portrait/header/337715-1728040426.jpg?lm=1
Unai Simón,27,Athletic Bilbao,Goalkeeper,Goalkeeper,Spain,€30.00m,https://www.transfermarkt.us/unai-simon/profil/spieler/262396,unai-simon,262396,La Liga,https://img.a.transfermarkt.technology/portrait/header/262396-1709674901.png?lm=1
Julen Agirrezabala,23,Athletic Bilbao,Goalkeeper,Goalkeeper,Spain,€10.00m,https://www.transfermarkt.us/julen-agirrezabala/profil/spieler/625014,julen-agirrezabala,625014,La Liga,https://img.a.transfermarkt.technology/portrait/header/625014-1709674945.png?lm=1
Álex Padilla,21,Athletic Bilbao,Goalkeeper,Goalkeeper,Mexico,€2.00m,https://www.transfermarkt.us/alex-padilla/profil/spieler/834483,alex-padilla,834483,La Liga,https://img.a.transfermarkt.technology/portrait/header/834483-1709676711.png?lm=1
Dani Vivian,25,Athletic Bilbao,Centre-Back,Defender,Spain,€30.00m,https://www.transfermarkt.us/dani-vivian/profil/spieler/524000,dani-vivian,524000,La Liga,https://img.a.transfermarkt.technology/portrait/header/524000-1709674998.png?lm=1
Aitor Paredes,24,Athletic Bilbao,Centre-Back,Defender,Spain,€22.00m,https://www.transfermarkt.us/aitor-paredes/profil/spieler/591916,aitor-paredes,591916,La Liga,https://img.a.transfermarkt.technology/portrait/header/591916-1709675052.png?lm=1
Yeray Álvarez,29,Athletic Bilbao,Centre-Back,Defender,Spain,€8.00m,https://www.transfermarkt.us/yeray-alvarez/profil/spieler/255488,yeray-alvarez,255488,La Liga,https://img.a.transfermarkt.technology/portrait/header/255488-1709675129.png?lm=1
Unai Núñez,27,Athletic Bilbao,Centre-Back,Defender,Spain,€7.00m,https://www.transfermarkt.us/unai-nunez/profil/spieler/338285,unai-nunez,338285,La Liga,https://img.a.transfermarkt.technology/portrait/header/338285-1620308088.jpg?lm=1
Yuri Berchiche,34,Athletic Bilbao,Left-Back,Defender,Spain,€1.80m,https://www.transfermarkt.us/yuri-berchiche/profil/spieler/61812,yuri-berchiche,61812,La Liga,https://img.a.transfermarkt.technology/portrait/header/61812-1709675167.png?lm=1
Adama Boiro,22,Athletic Bilbao,Left-Back,Defender,Spain,€1.50m,https://www.transfermarkt.us/adama-boiro/profil/spieler/710671,adama-boiro,710671,La Liga,https://img.a.transfermarkt.technology/portrait/header/710671-1709677000.png?lm=1
Andoni Gorosabel,28,Athletic Bilbao,Right-Back,Defender,Spain,€5.00m,https://www.transfermarkt.us/andoni-gorosabel/profil/spieler/289255,andoni-gorosabel,289255,La Liga,https://img.a.transfermarkt.technology/portrait/header/289255-1604301901.jpg?lm=1
Iñigo Lekue,31,Athletic Bilbao,Right-Back,Defender,Spain,€3.00m,https://www.transfermarkt.us/inigo-lekue/profil/spieler/255501,inigo-lekue,255501,La Liga,https://img.a.transfermarkt.technology/portrait/header/255501-1709675295.png?lm=1
Óscar de Marcos,35,Athletic Bilbao,Right-Back,Defender,Spain,€1.50m,https://www.transfermarkt.us/oscar-de-marcos/profil/spieler/96718,oscar-de-marcos,96718,La Liga,https://img.a.transfermarkt.technology/portrait/header/96718-1709675357.png?lm=1
Mikel Vesga,31,Athletic Bilbao,Defensive Midfield,Midfield,Spain,€4.00m,https://www.transfermarkt.us/mikel-vesga/profil/spieler/300168,mikel-vesga,300168,La Liga,https://img.a.transfermarkt.technology/portrait/header/300168-1709675412.png?lm=1
Beñat Prados,23,Athletic Bilbao,Central Midfield,Midfield,Spain,€15.00m,https://www.transfermarkt.us/benat-prados/profil/spieler/625047,benat-prados,625047,La Liga,https://img.a.transfermarkt.technology/portrait/header/625047-1709675858.png?lm=1
Iñigo Ruiz de Galarreta,31,Athletic Bilbao,Central Midfield,Midfield,Spain,€5.00m,https://www.transfermarkt.us/inigo-ruiz-de-galarreta/profil/spieler/126751,inigo-ruiz-de-galarreta,126751,La Liga,https://img.a.transfermarkt.technology/portrait/header/126751-1709675810.png?lm=1
Mikel Jauregizar,21,Athletic Bilbao,Central Midfield,Midfield,Spain,€3.00m,https://www.transfermarkt.us/mikel-jauregizar/profil/spieler/938729,mikel-jauregizar,938729,La Liga,https://img.a.transfermarkt.technology/portrait/header/938729-1709675994.png?lm=1
Ander Herrera,35,Athletic Bilbao,Central Midfield,Midfield,Spain,€2.00m,https://www.transfermarkt.us/ander-herrera/profil/spieler/99343,ander-herrera,99343,La Liga,https://img.a.transfermarkt.technology/portrait/header/99343-1709675915.png?lm=1
Oihan Sancet,24,Athletic Bilbao,Attacking Midfield,Midfield,Spain,€40.00m,https://www.transfermarkt.us/oihan-sancet/profil/spieler/571020,oihan-sancet,571020,La Liga,https://img.a.transfermarkt.technology/portrait/header/571020-1709676037.png?lm=1
Unai Gómez,21,Athletic Bilbao,Attacking Midfield,Midfield,Spain,€6.00m,https://www.transfermarkt.us/unai-gomez/profil/spieler/834752,unai-gomez,834752,La Liga,https://img.a.transfermarkt.technology/portrait/header/834752-1709676122.png?lm=1
Nico Williams,22,Athletic Bilbao,Left Winger,Attack,Spain,€70.00m,https://www.transfermarkt.us/nico-williams/profil/spieler/709187,nico-williams,709187,La Liga,https://img.a.transfermarkt.technology/portrait/header/709187-1709676169.png?lm=1
Álvaro Djaló,25,Athletic Bilbao,Left Winger,Attack,Spain,€15.00m,https://www.transfermarkt.us/alvaro-djalo/profil/spieler/671649,alvaro-djalo,671649,La Liga,https://img.a.transfermarkt.technology/portrait/header/671649-1732115086.jpg?lm=1
Álex Berenguer,29,Athletic Bilbao,Left Winger,Attack,Spain,€12.00m,https://www.transfermarkt.us/alex-berenguer/profil/spieler/338425,alex-berenguer,338425,La Liga,https://img.a.transfermarkt.technology/portrait/header/338425-1709676212.png?lm=1
Nico Serrano,21,Athletic Bilbao,Left Winger,Attack,Spain,€1.40m,https://www.transfermarkt.us/nico-serrano/profil/spieler/668183,nico-serrano,668183,La Liga,https://img.a.transfermarkt.technology/portrait/header/668183-1731352737.png?lm=1
Iñaki Williams,30,Athletic Bilbao,Right Winger,Attack,Ghana,€25.00m,https://www.transfermarkt.us/inaki-williams/profil/spieler/255508,inaki-williams,255508,La Liga,https://img.a.transfermarkt.technology/portrait/header/255508-1709676323.png?lm=1
Gorka Guruzeta,28,Athletic Bilbao,Centre-Forward,Attack,Spain,€18.00m,https://www.transfermarkt.us/gorka-guruzeta/profil/spieler/340205,gorka-guruzeta,340205,La Liga,https://img.a.transfermarkt.technology/portrait/header/340205-1709676375.png?lm=1
Javier Martón,25,Athletic Bilbao,Centre-Forward,Attack,Spain,€0.5m,https://www.transfermarkt.us/javier-marton/profil/spieler/711394,javier-marton,711394,La Liga,https://img.a.transfermarkt.technology/portrait/header/711394-1712568577.jpg?lm=1
Antonio Sivera,28,Deportivo Alavés,Goalkeeper,Goalkeeper,Spain,€6.00m,https://www.transfermarkt.us/antonio-sivera/profil/spieler/298197,antonio-sivera,298197,La Liga,https://img.a.transfermarkt.technology/portrait/header/298197-1713856039.jpg?lm=1
Jesús Owono,23,Deportivo Alavés,Goalkeeper,Goalkeeper,Equatorial Guinea,€1.00m,https://www.transfermarkt.us/jesus-owono/profil/spieler/631693,jesus-owono,631693,La Liga,https://img.a.transfermarkt.technology/portrait/header/631693-1647530906.jpg?lm=1
Abdel Abqar,25,Deportivo Alavés,Centre-Back,Defender,Morocco,€7.50m,https://www.transfermarkt.us/abdel-abqar/profil/spieler/559979,abdel-abqar,559979,La Liga,https://img.a.transfermarkt.technology/portrait/header/559979-1705337125.jpg?lm=1
Santiago Mouriño,22,Deportivo Alavés,Centre-Back,Defender,Uruguay,€2.00m,https://www.transfermarkt.us/santiago-mourino/profil/spieler/953901,santiago-mourino,953901,La Liga,https://img.a.transfermarkt.technology/portrait/header/953901-1691396102.jpg?lm=1
Moussa Diarra,24,Deportivo Alavés,Centre-Back,Defender,Mali,€2.00m,https://www.transfermarkt.us/moussa-diarra/profil/spieler/694509,moussa-diarra,694509,La Liga,https://img.a.transfermarkt.technology/portrait/header/694509-1708555512.jpg?lm=1
Adrián Pica,22,Deportivo Alavés,Centre-Back,Defender,Spain,€0.5m,https://www.transfermarkt.us/adrian-pica/profil/spieler/895458,adrian-pica,895458,La Liga,https://img.a.transfermarkt.technology/portrait/header/default.jpg?lm=1
Aleksandar Sedlar,32,Deportivo Alavés,Centre-Back,Defender,Serbia,€0.4m,https://www.transfermarkt.us/aleksandar-sedlar/profil/spieler/237499,aleksandar-sedlar,237499,La Liga,https://img.a.transfermarkt.technology/portrait/header/237499-1583331610.jpg?lm=1
Manu Sánchez,24,Deportivo Alavés,Left-Back,Defender,Spain,€6.00m,https://www.transfermarkt.us/manu-sanchez/profil/spieler/618809,manu-sanchez,618809,La Liga,https://img.a.transfermarkt.technology/portrait/header/618809-1673281847.jpg?lm=1
Nahuel Tenaglia,28,Deportivo Alavés,Right-Back,Defender,Argentina,€2.50m,https://www.transfermarkt.us/nahuel-tenaglia/profil/spieler/533568,nahuel-tenaglia,533568,La Liga,https://img.a.transfermarkt.technology/portrait/header/533568-1647530141.jpg?lm=1
Hugo Novoa,21,Deportivo Alavés,Right-Back,Defender,Spain,€2.50m,https://www.transfermarkt.us/hugo-novoa/profil/spieler/668276,hugo-novoa,668276,La Liga,https://img.a.transfermarkt.technology/portrait/header/668276-1606146927.jpg?lm=1
Antonio Blanco,24,Deportivo Alavés,Defensive Midfield,Midfield,Spain,€7.50m,https://www.transfermarkt.us/antonio-blanco/profil/spieler/495621,antonio-blanco,495621,La Liga,https://img.a.transfermarkt.technology/portrait/header/495621-1705337231.jpg?lm=1
Carlos Protesoni,26,Deportivo Alavés,Defensive Midfield,Midfield,Uruguay,€1.50m,https://www.transfermarkt.us/carlos-protesoni/profil/spieler/431190,carlos-protesoni,431190,La Liga,https://img.a.transfermarkt.technology/portrait/header/431190-1635923163.JPG?lm=1
Ander Guevara,27,Deportivo Alavés,Central Midfield,Midfield,Spain,€5.00m,https://www.transfermarkt.us/ander-guevara/profil/spieler/465967,ander-guevara,465967,La Liga,https://img.a.transfermarkt.technology/portrait/header/465967-1705338008.jpg?lm=1
Jon Guridi,29,Deportivo Alavés,Central Midfield,Midfield,Spain,€5.00m,https://www.transfermarkt.us/jon-guridi/profil/spieler/289257,jon-guridi,289257,La Liga,https://img.a.transfermarkt.technology/portrait/header/289257-1604301765.jpg?lm=1
Joan Jordán,30,Deportivo Alavés,Central Midfield,Midfield,Spain,€3.50m,https://www.transfermarkt.us/joan-jordan/profil/spieler/263727,joan-jordan,263727,La Liga,https://img.a.transfermarkt.technology/portrait/header/263727-1620305031.jpg?lm=1
Tomás Conechny,26,Deportivo Alavés,Left Winger,Attack,Argentina,€4.50m,https://www.transfermarkt.us/tomas-conechny/profil/spieler/401571,tomas-conechny,401571,La Liga,https://img.a.transfermarkt.technology/portrait/header/401571-1583953525.JPG?lm=1
Abde Rebbach,26,Deportivo Alavés,Left Winger,Attack,Algeria,€0.8m,https://www.transfermarkt.us/abde-rebbach/profil/spieler/718034,abde-rebbach,718034,La Liga,https://img.a.transfermarkt.technology/portrait/header/718034-1705337308.jpg?lm=1
Carlos Vicente,25,Deportivo Alavés,Right Winger,Attack,Spain,€8.00m,https://www.transfermarkt.us/carlos-vicente/profil/spieler/540536,carlos-vicente,540536,La Liga,https://img.a.transfermarkt.technology/portrait/header/540536-1732115480.jpg?lm=1
Luka Romero,20,Deportivo Alavés,Right Winger,Attack,Argentina,€5.00m,https://www.transfermarkt.us/luka-romero/profil/spieler/769063,luka-romero,769063,La Liga,https://img.a.transfermarkt.technology/portrait/header/769063-1695024330.jpg?lm=1
Stoichkov,31,Deportivo Alavés,Second Striker,Attack,Spain,€4.00m,https://www.transfermarkt.us/stoichkov/profil/spieler/271021,stoichkov,271021,La Liga,https://img.a.transfermarkt.technology/portrait/header/271021-1572959967.jpg?lm=1
Toni Martínez,27,Deportivo Alavés,Centre-Forward,Attack,Spain,€5.00m,https://www.transfermarkt.us/toni-martinez/profil/spieler/302371,toni-martinez,302371,La Liga,https://img.a.transfermarkt.technology/portrait/header/302371-1606396665.png?lm=1
Carlos Martín,22,Deportivo Alavés,Centre-Forward,Attack,Spain,€4.00m,https://www.transfermarkt.us/carlos-martin/profil/spieler/618813,carlos-martin,618813,La Liga,https://img.a.transfermarkt.technology/portrait/header/618813-1707924109.jpg?lm=1
Asier Villalibre,27,Deportivo Alavés,Centre-Forward,Attack,Spain,€2.50m,https://www.transfermarkt.us/asier-villalibre/profil/spieler/251897,asier-villalibre,251897,La Liga,https://img.a.transfermarkt.technology/portrait/header/251897-1709676417.png?lm=1
Kike García,35,Deportivo Alavés,Centre-Forward,Attack,Spain,€1.00m,https://www.transfermarkt.us/kike-garcia/profil/spieler/93936,kike-garcia,93936,La Liga,https://img.a.transfermarkt.technology/portrait/header/93936-1490620015.jpg?lm=1
Iván Villar,27,Celta de Vigo,Goalkeeper,Goalkeeper,Spain,€1.20m,https://www.transfermarkt.us/ivan-villar/profil/spieler/297194,ivan-villar,297194,La Liga,https://img.a.transfermarkt.technology/portrait/header/297194-1516876837.jpg?lm=1
Vicente Guaita,37,Celta de Vigo,Goalkeeper,Goalkeeper,Spain,€0.8m,https://www.transfermarkt.us/vicente-guaita/profil/spieler/64399,vicente-guaita,64399,La Liga,https://img.a.transfermarkt.technology/portrait/header/64399-1447229636.jpg?lm=1
Carl Starfelt,29,Celta de Vigo,Centre-Back,Defender,Sweden,€6.00m,https://www.transfermarkt.us/carl-starfelt/profil/spieler/258987,carl-starfelt,258987,La Liga,https://img.a.transfermarkt.technology/portrait/header/258987-1600613124.png?lm=1
Joseph Aidoo,29,Celta de Vigo,Centre-Back,Defender,Ghana,€3.00m,https://www.transfermarkt.us/joseph-aidoo/profil/spieler/358250,joseph-aidoo,358250,La Liga,https://img.a.transfermarkt.technology/portrait/header/358250-1496923402.jpg?lm=1
Carlos Domínguez,23,Celta de Vigo,Centre-Back,Defender,Spain,€3.00m,https://www.transfermarkt.us/carlos-dominguez/profil/spieler/636093,carlos-dominguez,636093,La Liga,https://img.a.transfermarkt.technology/portrait/header/636093-1629886975.jpg?lm=1
Javi Rodríguez,21,Celta de Vigo,Centre-Back,Defender,Spain,€3.00m,https://www.transfermarkt.us/javi-rodriguez/profil/spieler/1076815,javi-rodriguez,1076815,La Liga,https://img.a.transfermarkt.technology/portrait/header/1076815-1732611843.jpg?lm=1
Marcos Alonso,33,Celta de Vigo,Left-Back,Defender,Spain,€2.00m,https://www.transfermarkt.us/marcos-alonso/profil/spieler/112515,marcos-alonso,112515,La Liga,https://img.a.transfermarkt.technology/portrait/header/112515-1694505734.jpg?lm=1
Mihailo Ristic,29,Celta de Vigo,Left-Back,Defender,Serbia,€1.00m,https://www.transfermarkt.us/mihailo-ristic/profil/spieler/271455,mihailo-ristic,271455,La Liga,https://img.a.transfermarkt.technology/portrait/header/271455-1661241997.jpg?lm=1
Óscar Mingueza,25,Celta de Vigo,Right-Back,Defender,Spain,€12.00m,https://www.transfermarkt.us/oscar-mingueza/profil/spieler/331505,oscar-mingueza,331505,La Liga,https://img.a.transfermarkt.technology/portrait/header/331505-1698852962.jpg?lm=1
Javier Manquillo,30,Celta de Vigo,Right-Back,Defender,Spain,€1.80m,https://www.transfermarkt.us/javier-manquillo/profil/spieler/162029,javier-manquillo,162029,La Liga,https://img.a.transfermarkt.technology/portrait/header/162029-1700647906.jpg?lm=1
Sergio Carreira,24,Celta de Vigo,Right-Back,Defender,Spain,€1.20m,https://www.transfermarkt.us/sergio-carreira/profil/spieler/545647,sergio-carreira,545647,La Liga,https://img.a.transfermarkt.technology/portrait/header/545647-1637743729.jpg?lm=1
Damián Rodríguez,21,Celta de Vigo,Defensive Midfield,Midfield,Spain,€3.00m,https://www.transfermarkt.us/damian-rodriguez/profil/spieler/715628,damian-rodriguez,715628,La Liga,https://img.a.transfermarkt.technology/portrait/header/715628-1732612000.jpg?lm=1
Jailson,29,Celta de Vigo,Defensive Midfield,Midfield,Brazil,€1.50m,https://www.transfermarkt.us/jailson/profil/spieler/366948,jailson,366948,La Liga,https://img.a.transfermarkt.technology/portrait/header/366948-1567081021.JPG?lm=1
Fran Beltrán,25,Celta de Vigo,Central Midfield,Midfield,Spain,€6.00m,https://www.transfermarkt.us/fran-beltran/profil/spieler/423444,fran-beltran,423444,La Liga,https://img.a.transfermarkt.technology/portrait/header/423444-1693921591.jpg?lm=1
Ilaix Moriba,21,Celta de Vigo,Central Midfield,Midfield,Guinea,€3.00m,https://www.transfermarkt.us/ilaix-moriba/profil/spieler/617074,ilaix-moriba,617074,La Liga,https://img.a.transfermarkt.technology/portrait/header/617074-1695158882.jpg?lm=1
Luca de la Torre,26,Celta de Vigo,Central Midfield,Midfield,United States,€3.00m,https://www.transfermarkt.us/luca-de-la-torre/profil/spieler/315762,luca-de-la-torre,315762,La Liga,https://img.a.transfermarkt.technology/portrait/header/315762-1694588048.jpg?lm=1
Hugo Sotelo,20,Celta de Vigo,Central Midfield,Midfield,Spain,€2.50m,https://www.transfermarkt.us/hugo-sotelo/profil/spieler/892221,hugo-sotelo,892221,La Liga,https://img.a.transfermarkt.technology/portrait/header/892221-1696862451.jpg?lm=1
Jonathan Bamba,28,Celta de Vigo,Left Winger,Attack,Cote d'Ivoire,€6.00m,https://www.transfermarkt.us/jonathan-bamba/profil/spieler/292818,jonathan-bamba,292818,La Liga,https://img.a.transfermarkt.technology/portrait/header/292818-1599420401.jpg?lm=1
Williot Swedberg,20,Celta de Vigo,Left Winger,Attack,Sweden,€5.00m,https://www.transfermarkt.us/williot-swedberg/profil/spieler/764859,williot-swedberg,764859,La Liga,https://img.a.transfermarkt.technology/portrait/header/764859-1653656881.png?lm=1
Hugo Álvarez,21,Celta de Vigo,Left Winger,Attack,Spain,€3.00m,https://www.transfermarkt.us/hugo-alvarez/profil/spieler/892929,hugo-alvarez,892929,La Liga,https://img.a.transfermarkt.technology/portrait/header/892929-1715867247.jpg?lm=1
Franco Cervi,30,Celta de Vigo,Left Winger,Attack,Argentina,€1.00m,https://www.transfermarkt.us/franco-cervi/profil/spieler/341110,franco-cervi,341110,La Liga,https://img.a.transfermarkt.technology/portrait/header/341110-1603798993.jpg?lm=1
Alfon González,25,Celta de Vigo,Left Winger,Attack,Spain,€0.3m,https://www.transfermarkt.us/alfon-gonzalez/profil/spieler/357628,alfon-gonzalez,357628,La Liga,https://img.a.transfermarkt.technology/portrait/header/default.jpg?lm=1
Tadeo Allende,25,Celta de Vigo,Right Winger,Attack,Argentina,€3.00m,https://www.transfermarkt.us/tadeo-allende/profil/spieler/872184,tadeo-allende,872184,La Liga,https://img.a.transfermarkt.technology/portrait/header/872184-1657542237.JPG?lm=1
Anastasios Douvikas,25,Celta de Vigo,Centre-Forward,Attack,Greece,€6.00m,https://www.transfermarkt.us/anastasios-douvikas/profil/spieler/523318,anastasios-douvikas,523318,La Liga,https://img.a.transfermarkt.technology/portrait/header/523318-1682331342.jpg?lm=1
Borja Iglesias,31,Celta de Vigo,Centre-Forward,Attack,Spain,€5.00m,https://www.transfermarkt.us/borja-iglesias/profil/spieler/278359,borja-iglesias,278359,La Liga,https://img.a.transfermarkt.technology/portrait/header/278359-1686661509.jpg?lm=1
Iago Aspas,37,Celta de Vigo,Centre-Forward,Attack,Spain,€3.00m,https://www.transfermarkt.us/iago-aspas/profil/spieler/72047,iago-aspas,72047,La Liga,https://img.a.transfermarkt.technology/portrait/header/72047-1653042948.jpg?lm=1
Pablo Durán,23,Celta de Vigo,Centre-Forward,Attack,Spain,€0.3m,https://www.transfermarkt.us/pablo-duran/profil/spieler/905997,pablo-duran,905997,La Liga,https://img.a.transfermarkt.technology/portrait/header/default.jpg?lm=1
Giorgi Mamardashvili,24,Valencia CF,Goalkeeper,Goalkeeper,Georgia,€45.00m,https://www.transfermarkt.us/giorgi-mamardashvili/profil/spieler/502676,giorgi-mamardashvili,502676,La Liga,https://img.a.transfermarkt.technology/portrait/header/502676-1716542116.jpg?lm=1
Stole Dimitrievski,30,Valencia CF,Goalkeeper,Goalkeeper,North Macedonia,€4.00m,https://www.transfermarkt.us/stole-dimitrievski/profil/spieler/165467,stole-dimitrievski,165467,La Liga,https://img.a.transfermarkt.technology/portrait/header/165467-1541150592.jpg?lm=1
Jaume Doménech,34,Valencia CF,Goalkeeper,Goalkeeper,Spain,€0.8m,https://www.transfermarkt.us/jaume-domenech/profil/spieler/227805,jaume-domenech,227805,La Liga,https://img.a.transfermarkt.technology/portrait/header/227805-1447247048.jpg?lm=1
Cristhian Mosquera,20,Valencia CF,Centre-Back,Defender,Spain,€30.00m,https://www.transfermarkt.us/cristhian-mosquera/profil/spieler/646750,cristhian-mosquera,646750,La Liga,https://img.a.transfermarkt.technology/portrait/header/646750-1644238478.jpg?lm=1
Yarek Gasiorowski,19,Valencia CF,Centre-Back,Defender,Spain,€15.00m,https://www.transfermarkt.us/yarek-gasiorowski/profil/spieler/895334,yarek-gasiorowski,895334,La Liga,https://img.a.transfermarkt.technology/portrait/header/895334-1730461387.jpg?lm=1
César Tárrega,22,Valencia CF,Centre-Back,Defender,Spain,€4.00m,https://www.transfermarkt.us/cesar-tarrega/profil/spieler/707274,cesar-tarrega,707274,La Liga,https://img.a.transfermarkt.technology/portrait/header/707274-1698963222.jpg?lm=1
Maximiliano Caufriez,27,Valencia CF,Centre-Back,Defender,Belgium,€2.50m,https://www.transfermarkt.us/maximiliano-caufriez/profil/spieler/369267,maximiliano-caufriez,369267,La Liga,https://img.a.transfermarkt.technology/portrait/header/369267-1679507795.jpg?lm=1
Mouctar Diakhaby,27,Valencia CF,Centre-Back,Defender,Guinea,€2.00m,https://www.transfermarkt.us/mouctar-diakhaby/profil/spieler/346289,mouctar-diakhaby,346289,La Liga,https://img.a.transfermarkt.technology/portrait/header/346289-1709636432.jpg?lm=1
José Gayà,29,Valencia CF,Left-Back,Defender,Spain,€20.00m,https://www.transfermarkt.us/jose-gaya/profil/spieler/221322,jose-gaya,221322,La Liga,https://img.a.transfermarkt.technology/portrait/header/221322-1605193468.jpg?lm=1
Jesús Vázquez,21,Valencia CF,Left-Back,Defender,Spain,€4.00m,https://www.transfermarkt.us/jesus-vazquez/profil/spieler/623024,jesus-vazquez,623024,La Liga,https://img.a.transfermarkt.technology/portrait/header/623024-1644238446.jpg?lm=1
Thierry Correia,25,Valencia CF,Right-Back,Defender,Portugal,€6.00m,https://www.transfermarkt.us/thierry-correia/profil/spieler/367466,thierry-correia,367466,La Liga,https://img.a.transfermarkt.technology/portrait/header/367466-1548510976.jpg?lm=1
Dimitri Foulquier,31,Valencia CF,Right-Back,Defender,Guadeloupe,€2.50m,https://www.transfermarkt.us/dimitri-foulquier/profil/spieler/170472,dimitri-foulquier,170472,La Liga,https://img.a.transfermarkt.technology/portrait/header/170472-1447230887.jpg?lm=1
Pepelu,26,Valencia CF,Defensive Midfield,Midfield,Spain,€22.00m,https://www.transfermarkt.us/pepelu/profil/spieler/328480,pepelu,328480,La Liga,https://img.a.transfermarkt.technology/portrait/header/328480-1713971066.jpg?lm=1
Hugo Guillamón,24,Valencia CF,Defensive Midfield,Midfield,Spain,€8.00m,https://www.transfermarkt.us/hugo-guillamon/profil/spieler/495629,hugo-guillamon,495629,La Liga,https://img.a.transfermarkt.technology/portrait/header/495629-1694617306.jpg?lm=1
Enzo Barrenechea,23,Valencia CF,Defensive Midfield,Midfield,Argentina,€7.50m,https://www.transfermarkt.us/enzo-barrenechea/profil/spieler/671915,enzo-barrenechea,671915,La Liga,https://img.a.transfermarkt.technology/portrait/header/671915-1695034257.jpg?lm=1
Javi Guerra,21,Valencia CF,Central Midfield,Midfield,Spain,€20.00m,https://www.transfermarkt.us/javi-guerra/profil/spieler/834764,javi-guerra,834764,La Liga,https://img.a.transfermarkt.technology/portrait/header/834764-1696188716.jpg?lm=1
André Almeida,24,Valencia CF,Attacking Midfield,Midfield,Portugal,€15.00m,https://www.transfermarkt.us/andre-almeida/profil/spieler/375382,andre-almeida,375382,La Liga,https://img.a.transfermarkt.technology/portrait/header/375382-1547563680.png?lm=1
Luis Rioja,31,Valencia CF,Left Winger,Attack,Spain,€4.00m,https://www.transfermarkt.us/luis-rioja/profil/spieler/278837,luis-rioja,278837,La Liga,https://img.a.transfermarkt.technology/portrait/header/278837-1647530464.jpg?lm=1
Diego López,22,Valencia CF,Right Winger,Attack,Spain,€12.00m,https://www.transfermarkt.us/diego-lopez/profil/spieler/617081,diego-lopez,617081,La Liga,https://img.a.transfermarkt.technology/portrait/header/617081-1683211924.jpg?lm=1
Fran Pérez,22,Valencia CF,Right Winger,Attack,Spain,€6.00m,https://www.transfermarkt.us/fran-perez/profil/spieler/622988,fran-perez,622988,La Liga,https://img.a.transfermarkt.technology/portrait/header/622988-1683212780.jpg?lm=1
Sergi Canós,27,Valencia CF,Right Winger,Attack,Spain,€2.50m,https://www.transfermarkt.us/sergi-canos/profil/spieler/251845,sergi-canos,251845,La Liga,https://img.a.transfermarkt.technology/portrait/header/251845-1538466933.jpg?lm=1
Germán Valera,22,Valencia CF,Right Winger,Attack,Spain,€2.00m,https://www.transfermarkt.us/german-valera/profil/spieler/548188,german-valera,548188,La Liga,https://img.a.transfermarkt.technology/portrait/header/548188-1588605205.jpg?lm=1
Hugo Duro,25,Valencia CF,Centre-Forward,Attack,Spain,€16.00m,https://www.transfermarkt.us/hugo-duro/profil/spieler/573775,hugo-duro,573775,La Liga,https://img.a.transfermarkt.technology/portrait/header/573775-1683213249.jpg?lm=1
Dani Gómez,26,Valencia CF,Centre-Forward,Attack,Spain,€1.20m,https://www.transfermarkt.us/dani-gomez/profil/spieler/422460,dani-gomez,422460,La Liga,https://img.a.transfermarkt.technology/portrait/header/422460-1603806732.jpg?lm=1
Rafa Mir,27,Valencia CF,Centre-Forward,Attack,Spain,€1.00m,https://www.transfermarkt.us/rafa-mir/profil/spieler/361254,rafa-mir,361254,La Liga,https://img.a.transfermarkt.technology/portrait/header/361254-1720020544.jpg?lm=1
Luiz Júnior,23,Villarreal CF,Goalkeeper,Goalkeeper,Brazil,€6.00m,https://www.transfermarkt.us/luiz-junior/profil/spieler/712107,luiz-junior,712107,La Liga,https://img.a.transfermarkt.technology/portrait/header/712107-1618227160.jpg?lm=1
Diego Conde,26,Villarreal CF,Goalkeeper,Goalkeeper,Spain,€5.00m,https://www.transfermarkt.us/diego-conde/profil/spieler/341713,diego-conde,341713,La Liga,https://img.a.transfermarkt.technology/portrait/header/341713-1669364743.jpg?lm=1
Iker Álvarez,23,Villarreal CF,Goalkeeper,Goalkeeper,Andorra,€0.8m,https://www.transfermarkt.us/iker-alvarez/profil/spieler/547248,iker-alvarez,547248,La Liga,https://img.a.transfermarkt.technology/portrait/header/547248-1698946239.jpg?lm=1
Logan Costa,23,Villarreal CF,Centre-Back,Defender,Cape Verde,€18.00m,https://www.transfermarkt.us/logan-costa/profil/spieler/484988,logan-costa,484988,La Liga,https://img.a.transfermarkt.technology/portrait/header/484988-1708555203.jpg?lm=1
Willy Kambwala,20,Villarreal CF,Centre-Back,Defender,France,€5.00m,https://www.transfermarkt.us/willy-kambwala/profil/spieler/780630,willy-kambwala,780630,La Liga,https://img.a.transfermarkt.technology/portrait/header/780630-1705304426.jpg?lm=1
Eric Bailly,30,Villarreal CF,Centre-Back,Defender,Cote d'Ivoire,€3.00m,https://www.transfermarkt.us/eric-bailly/profil/spieler/286384,eric-bailly,286384,La Liga,https://img.a.transfermarkt.technology/portrait/header/286384-1696075364.png?lm=1
Raúl Albiol,39,Villarreal CF,Centre-Back,Defender,Spain,€1.50m,https://www.transfermarkt.us/raul-albiol/profil/spieler/15452,raul-albiol,15452,La Liga,https://img.a.transfermarkt.technology/portrait/header/15452-1664974689.jpg?lm=1
Sergi Cardona,25,Villarreal CF,Left-Back,Defender,Spain,€7.00m,https://www.transfermarkt.us/sergi-cardona/profil/spieler/678406,sergi-cardona,678406,La Liga,https://img.a.transfermarkt.technology/portrait/header/678406-1697540707.jpg?lm=1
Alfonso Pedraza,28,Villarreal CF,Left-Back,Defender,Spain,€5.00m,https://www.transfermarkt.us/alfonso-pedraza/profil/spieler/356197,alfonso-pedraza,356197,La Liga,https://img.a.transfermarkt.technology/portrait/header/356197-1620304916.jpg?lm=1
Juan Bernat,31,Villarreal CF,Left-Back,Defender,Spain,€4.00m,https://www.transfermarkt.us/juan-bernat/profil/spieler/126719,juan-bernat,126719,La Liga,https://img.a.transfermarkt.technology/portrait/header/126719-1672304606.jpg?lm=1
Juan Foyth,26,Villarreal CF,Right-Back,Defender,Argentina,€12.00m,https://www.transfermarkt.us/juan-foyth/profil/spieler/480763,juan-foyth,480763,La Liga,https://img.a.transfermarkt.technology/portrait/header/480763-1662668281.jpg?lm=1
Kiko Femenía,33,Villarreal CF,Right-Back,Defender,Spain,€1.40m,https://www.transfermarkt.us/kiko-femenia/profil/spieler/76467,kiko-femenia,76467,La Liga,https://img.a.transfermarkt.technology/portrait/header/76467-1726231817.jpg?lm=1
Pape Gueye,25,Villarreal CF,Defensive Midfield,Midfield,Senegal,€8.00m,https://www.transfermarkt.us/pape-gueye/profil/spieler/485963,pape-gueye,485963,La Liga,https://img.a.transfermarkt.technology/portrait/header/485963-1604255792.jpg?lm=1
Ramón Terrats,24,Villarreal CF,Defensive Midfield,Midfield,Spain,€4.00m,https://www.transfermarkt.us/ramon-terrats/profil/spieler/783396,ramon-terrats,783396,La Liga,https://img.a.transfermarkt.technology/portrait/header/783396-1726231968.jpg?lm=1
Santi Comesaña,28,Villarreal CF,Central Midfield,Midfield,Spain,€8.00m,https://www.transfermarkt.us/santi-comesana/profil/spieler/380598,santi-comesana,380598,La Liga,https://img.a.transfermarkt.technology/portrait/header/380598-1726231263.jpg?lm=1
Dani Parejo,35,Villarreal CF,Central Midfield,Midfield,Spain,€2.50m,https://www.transfermarkt.us/dani-parejo/profil/spieler/59561,dani-parejo,59561,La Liga,https://img.a.transfermarkt.technology/portrait/header/59561-1688725780.jpg?lm=1
Denis Suárez,30,Villarreal CF,Attacking Midfield,Midfield,Spain,€1.50m,https://www.transfermarkt.us/denis-suarez/profil/spieler/165007,denis-suarez,165007,La Liga,https://img.a.transfermarkt.technology/portrait/header/165007-1687272769.jpg?lm=1
Álex Baena,23,Villarreal CF,Left Winger,Attack,Spain,€50.00m,https://www.transfermarkt.us/alex-baena/profil/spieler/548111,alex-baena,548111,La Liga,https://img.a.transfermarkt.technology/portrait/header/548111-1714487266.jpg?lm=1
Yéremy Pino,22,Villarreal CF,Right Winger,Attack,Spain,€30.00m,https://www.transfermarkt.us/yeremy-pino/profil/spieler/568157,yeremy-pino,568157,La Liga,https://img.a.transfermarkt.technology/portrait/header/568157-1686664370.jpg?lm=1
Ilias Akhomach,20,Villarreal CF,Right Winger,Attack,Morocco,€15.00m,https://www.transfermarkt.us/ilias-akhomach/profil/spieler/709969,ilias-akhomach,709969,La Liga,https://img.a.transfermarkt.technology/portrait/header/709969-1636472170.jpg?lm=1
Nicolas Pépé,29,Villarreal CF,Right Winger,Attack,Cote d'Ivoire,€9.00m,https://www.transfermarkt.us/nicolas-pepe/profil/spieler/343052,nicolas-pepe,343052,La Liga,https://img.a.transfermarkt.technology/portrait/header/343052-1695671686.png?lm=1
Thierno Barry,22,Villarreal CF,Centre-Forward,Attack,France,€14.00m,https://www.transfermarkt.us/thierno-barry/profil/spieler/937941,thierno-barry,937941,La Liga,https://img.a.transfermarkt.technology/portrait/header/937941-1659521750.jpg?lm=1
Gerard Moreno,32,Villarreal CF,Centre-Forward,Attack,Spain,€10.00m,https://www.transfermarkt.us/gerard-moreno/profil/spieler/177467,gerard-moreno,177467,La Liga,https://img.a.transfermarkt.technology/portrait/header/177467-1726231623.jpg?lm=1
Ayoze Pérez,31,Villarreal CF,Centre-Forward,Attack,Spain,€10.00m,https://www.transfermarkt.us/ayoze-perez/profil/spieler/246968,ayoze-perez,246968,La Liga,https://img.a.transfermarkt.technology/portrait/header/246968-1716803546.jpg?lm=1
David Soria,31,Getafe CF,Goalkeeper,Goalkeeper,Spain,€5.00m,https://www.transfermarkt.us/david-soria/profil/spieler/226012,david-soria,226012,La Liga,https://img.a.transfermarkt.technology/portrait/header/226012-1696863038.jpg?lm=1
Jiri Letacek,25,Getafe CF,Goalkeeper,Goalkeeper,Czech Republic,€2.00m,https://www.transfermarkt.us/jiri-letacek/profil/spieler/339079,jiri-letacek,339079,La Liga,https://img.a.transfermarkt.technology/portrait/header/339079-1714922207.jpg?lm=1
Omar Alderete,27,Getafe CF,Centre-Back,Defender,Paraguay,€5.00m,https://www.transfermarkt.us/omar-alderete/profil/spieler/353032,omar-alderete,353032,La Liga,https://img.a.transfermarkt.technology/portrait/header/353032-1669365021.jpg?lm=1
Djené,32,Getafe CF,Centre-Back,Defender,Togo,€2.50m,https://www.transfermarkt.us/djene/profil/spieler/221150,djene,221150,La Liga,https://img.a.transfermarkt.technology/portrait/header/221150-1669364811.jpg?lm=1
Juan Berrocal,25,Getafe CF,Centre-Back,Defender,Spain,€2.20m,https://www.transfermarkt.us/juan-berrocal/profil/spieler/461843,juan-berrocal,461843,La Liga,https://img.a.transfermarkt.technology/portrait/header/461843-1626938167.jpg?lm=1
Domingos Duarte,29,Getafe CF,Centre-Back,Defender,Portugal,€1.00m,https://www.transfermarkt.us/domingos-duarte/profil/spieler/257376,domingos-duarte,257376,La Liga,https://img.a.transfermarkt.technology/portrait/header/257376-1583309064.jpg?lm=1
Nabil Aberdin,22,Getafe CF,Centre-Back,Defender,Morocco,€0.6m,https://www.transfermarkt.us/nabil-aberdin/profil/spieler/908621,nabil-aberdin,908621,La Liga,https://img.a.transfermarkt.technology/portrait/header/908621-1732137720.png?lm=1
Diego Rico,31,Getafe CF,Left-Back,Defender,Spain,€1.50m,https://www.transfermarkt.us/diego-rico/profil/spieler/249513,diego-rico,249513,La Liga,https://img.a.transfermarkt.technology/portrait/header/249513-1697221474.jpg?lm=1
Fabrizio Angileri,30,Getafe CF,Left-Back,Defender,Argentina,€1.00m,https://www.transfermarkt.us/fabrizio-angileri/profil/spieler/268506,fabrizio-angileri,268506,La Liga,https://img.a.transfermarkt.technology/portrait/header/268506-1625760521.png?lm=1
Juan Iglesias,26,Getafe CF,Right-Back,Defender,Spain,€2.80m,https://www.transfermarkt.us/juan-iglesias/profil/spieler/390688,juan-iglesias,390688,La Liga,https://img.a.transfermarkt.technology/portrait/header/390688-1632295269.jpg?lm=1
Allan Nyom,36,Getafe CF,Right-Back,Defender,Cameroon,€0.5m,https://www.transfermarkt.us/allan-nyom/profil/spieler/111508,allan-nyom,111508,La Liga,https://img.a.transfermarkt.technology/portrait/header/111508-1541162382.jpg?lm=1
Mauro Arambarri,29,Getafe CF,Central Midfield,Midfield,Uruguay,€5.00m,https://www.transfermarkt.us/mauro-arambarri/profil/spieler/290249,mauro-arambarri,290249,La Liga,https://img.a.transfermarkt.technology/portrait/header/290249-1669365106.jpg?lm=1
Luis Milla,30,Getafe CF,Central Midfield,Midfield,Spain,€3.50m,https://www.transfermarkt.us/luis-milla/profil/spieler/281989,luis-milla,281989,La Liga,https://img.a.transfermarkt.technology/portrait/header/281989-1669364960.jpg?lm=1
Carles Aleñá,26,Getafe CF,Central Midfield,Midfield,Spain,€3.00m,https://www.transfermarkt.us/carles-alena/profil/spieler/284854,carles-alena,284854,La Liga,https://img.a.transfermarkt.technology/portrait/header/284854-1669364902.jpg?lm=1
Yellu Santiago,20,Getafe CF,Central Midfield,Midfield,Spain,€1.00m,https://www.transfermarkt.us/yellu-santiago/profil/spieler/941869,yellu-santiago,941869,La Liga,https://img.a.transfermarkt.technology/portrait/header/default.jpg?lm=1
John Patrick,21,Getafe CF,Central Midfield,Midfield,Ireland,€0.2m,https://www.transfermarkt.us/john-patrick/profil/spieler/841121,john-patrick,841121,La Liga,https://img.a.transfermarkt.technology/portrait/header/841121-1732137454.jpg?lm=1
Christantus Uche,21,Getafe CF,Attacking Midfield,Midfield,Nigeria,€5.00m,https://www.transfermarkt.us/christantus-uche/profil/spieler/1124005,christantus-uche,1124005,La Liga,https://img.a.transfermarkt.technology/portrait/header/1124005-1723797368.jpg?lm=1
Alberto Risco,19,Getafe CF,Attacking Midfield,Midfield,Spain,€0.2m,https://www.transfermarkt.us/alberto-risco/profil/spieler/1255616,alberto-risco,1255616,La Liga,https://img.a.transfermarkt.technology/portrait/header/1255616-1732138298.png?lm=1
Álex Sola,25,Getafe CF,Right Winger,Attack,Spain,€4.00m,https://www.transfermarkt.us/alex-sola/profil/spieler/434990,alex-sola,434990,La Liga,https://img.a.transfermarkt.technology/portrait/header/434990-1680536108.jpg?lm=1
Carles Pérez,26,Getafe CF,Right Winger,Attack,Spain,€3.00m,https://www.transfermarkt.us/carles-perez/profil/spieler/282810,carles-perez,282810,La Liga,https://img.a.transfermarkt.technology/portrait/header/282810-1698852701.jpg?lm=1
Peter Federico,22,Getafe CF,Right Winger,Attack,Dominican Republic,€3.00m,https://www.transfermarkt.us/peter-federico/profil/spieler/710004,peter-federico,710004,La Liga,https://img.a.transfermarkt.technology/portrait/header/710004-1706697849.jpg?lm=1
Borja Mayoral,27,Getafe CF,Centre-Forward,Attack,Spain,€15.00m,https://www.transfermarkt.us/borja-mayoral/profil/spieler/298976,borja-mayoral,298976,La Liga,https://img.a.transfermarkt.technology/portrait/header/298976-1669365430.jpg?lm=1
Bertuğ Yıldırım,22,Getafe CF,Centre-Forward,Attack,Türkiye,€3.50m,https://www.transfermarkt.us/bertug-yildirim/profil/spieler/672803,bertug-yildirim,672803,La Liga,https://img.a.transfermarkt.technology/portrait/header/672803-1681998915.png?lm=1
Álvaro Rodríguez,20,Getafe CF,Centre-Forward,Attack,Uruguay,€3.50m,https://www.transfermarkt.us/alvaro-rodriguez/profil/spieler/948275,alvaro-rodriguez,948275,La Liga,https://img.a.transfermarkt.technology/portrait/header/948275-1660124773.jpg?lm=1
Augusto Batalla,28,Rayo Vallecano,Goalkeeper,Goalkeeper,Argentina,€5.00m,https://www.transfermarkt.us/augusto-batalla/profil/spieler/275218,augusto-batalla,275218,La Liga,https://img.a.transfermarkt.technology/portrait/header/275218-1656336113.JPG?lm=1
Dani Cárdenas,27,Rayo Vallecano,Goalkeeper,Goalkeeper,Spain,€1.80m,https://www.transfermarkt.us/dani-cardenas/profil/spieler/397676,dani-cardenas,397676,La Liga,https://img.a.transfermarkt.technology/portrait/header/397676-1663571879.jpg?lm=1
Abdul Mumin,26,Rayo Vallecano,Centre-Back,Defender,Ghana,€4.00m,https://www.transfermarkt.us/abdul-mumin/profil/spieler/451801,abdul-mumin,451801,La Liga,https://img.a.transfermarkt.technology/portrait/header/451801-1631003939.jpg?lm=1
Florian Lejeune,33,Rayo Vallecano,Centre-Back,Defender,France,€3.00m,https://www.transfermarkt.us/florian-lejeune/profil/spieler/127108,florian-lejeune,127108,La Liga,https://img.a.transfermarkt.technology/portrait/header/127108-1496825998.jpg?lm=1
Aridane Hernández,35,Rayo Vallecano,Centre-Back,Defender,Spain,€0.5m,https://www.transfermarkt.us/aridane-hernandez/profil/spieler/82503,aridane-hernandez,82503,La Liga,https://img.a.transfermarkt.technology/portrait/header/82503-1484149571.jpg?lm=1
Pelayo Fernández,21,Rayo Vallecano,Centre-Back,Defender,Spain,€0.5m,https://www.transfermarkt.us/pelayo-fernandez/profil/spieler/692208,pelayo-fernandez,692208,La Liga,https://img.a.transfermarkt.technology/portrait/header/default.jpg?lm=1
Alfonso Espino,32,Rayo Vallecano,Left-Back,Defender,Uruguay,€2.40m,https://www.transfermarkt.us/alfonso-espino/profil/spieler/311044,alfonso-espino,311044,La Liga,https://img.a.transfermarkt.technology/portrait/header/311044-1635328827.jpg?lm=1
Pep Chavarría,26,Rayo Vallecano,Left-Back,Defender,Spain,€2.00m,https://www.transfermarkt.us/pep-chavarria/profil/spieler/596122,pep-chavarria,596122,La Liga,https://img.a.transfermarkt.technology/portrait/header/596122-1659947697.jpg?lm=1
Andrei Rațiu,26,Rayo Vallecano,Right-Back,Defender,Romania,€4.00m,https://www.transfermarkt.us/andrei-ratiu/profil/spieler/527966,andrei-ratiu,527966,La Liga,https://img.a.transfermarkt.technology/portrait/header/527966-1716545627.jpg?lm=1
Iván Balliu,32,Rayo Vallecano,Right-Back,Defender,Albania,€2.00m,https://www.transfermarkt.us/ivan-balliu/profil/spieler/85295,ivan-balliu,85295,La Liga,https://img.a.transfermarkt.technology/portrait/header/85295-1688119678.jpg?lm=1
Gerard Gumbau,29,Rayo Vallecano,Defensive Midfield,Midfield,Spain,€3.00m,https://www.transfermarkt.us/gerard-gumbau/profil/spieler/268670,gerard-gumbau,268670,La Liga,https://img.a.transfermarkt.technology/portrait/header/268670-1499871303.jpg?lm=1
Óscar Valentín,30,Rayo Vallecano,Central Midfield,Midfield,Spain,€4.00m,https://www.transfermarkt.us/oscar-valentin/profil/spieler/517753,oscar-valentin,517753,La Liga,https://img.a.transfermarkt.technology/portrait/header/517753-1641140471.jpg?lm=1
Unai López,29,Rayo Vallecano,Central Midfield,Midfield,Spain,€3.00m,https://www.transfermarkt.us/unai-lopez/profil/spieler/192009,unai-lopez,192009,La Liga,https://img.a.transfermarkt.technology/portrait/header/192009-1726662500.jpg?lm=1
Pedro Díaz,26,Rayo Vallecano,Central Midfield,Midfield,Spain,€2.50m,https://www.transfermarkt.us/pedro-diaz/profil/spieler/363057,pedro-diaz,363057,La Liga,https://img.a.transfermarkt.technology/portrait/header/363057-1664207844.jpg?lm=1
Pathé Ciss,30,Rayo Vallecano,Central Midfield,Midfield,Senegal,€2.50m,https://www.transfermarkt.us/pathe-ciss/profil/spieler/525578,pathe-ciss,525578,La Liga,https://img.a.transfermarkt.technology/portrait/header/525578-1541089527.jpg?lm=1
James Rodríguez,33,Rayo Vallecano,Attacking Midfield,Midfield,Colombia,€5.00m,https://www.transfermarkt.us/james-rodriguez/profil/spieler/88103,james-rodriguez,88103,La Liga,https://img.a.transfermarkt.technology/portrait/header/88103-1720681352.jpg?lm=1
Randy Nteka,26,Rayo Vallecano,Attacking Midfield,Midfield,Angola,€1.50m,https://www.transfermarkt.us/randy-nteka/profil/spieler/560483,randy-nteka,560483,La Liga,https://img.a.transfermarkt.technology/portrait/header/560483-1600680162.jpg?lm=1
Oscar Trejo,36,Rayo Vallecano,Attacking Midfield,Midfield,Argentina,€1.00m,https://www.transfermarkt.us/oscar-trejo/profil/spieler/30321,oscar-trejo,30321,La Liga,https://img.a.transfermarkt.technology/portrait/header/30321-1653039805.jpg?lm=1
Joni Montiel,26,Rayo Vallecano,Attacking Midfield,Midfield,Spain,€1.00m,https://www.transfermarkt.us/joni-montiel/profil/spieler/343273,joni-montiel,343273,La Liga,https://img.a.transfermarkt.technology/portrait/header/343273-1712141506.jpg?lm=1
Álvaro García,32,Rayo Vallecano,Left Winger,Attack,Spain,€3.00m,https://www.transfermarkt.us/alvaro-garcia/profil/spieler/257062,alvaro-garcia,257062,La Liga,https://img.a.transfermarkt.technology/portrait/header/257062-1709114307.jpg?lm=1
Isi Palazón,29,Rayo Vallecano,Right Winger,Attack,Spain,€8.00m,https://www.transfermarkt.us/isi-palazon/profil/spieler/362086,isi-palazon,362086,La Liga,https://img.a.transfermarkt.technology/portrait/header/362086-1726662958.jpg?lm=1
Jorge de Frutos,27,Rayo Vallecano,Right Winger,Attack,Spain,€4.00m,https://www.transfermarkt.us/jorge-de-frutos/profil/spieler/455181,jorge-de-frutos,455181,La Liga,https://img.a.transfermarkt.technology/portrait/header/455181-1613121992.jpg?lm=1
Adrián Embarba,32,Rayo Vallecano,Right Winger,Attack,Spain,€1.80m,https://www.transfermarkt.us/adrian-embarba/profil/spieler/288318,adrian-embarba,288318,La Liga,https://img.a.transfermarkt.technology/portrait/header/288318-1583506487.jpg?lm=1
Sergio Camello,23,Rayo Vallecano,Centre-Forward,Attack,Spain,€4.00m,https://www.transfermarkt.us/sergio-camello/profil/spieler/505674,sergio-camello,505674,La Liga,https://img.a.transfermarkt.technology/portrait/header/505674-1617806102.jpg?lm=1
Raúl de Tomás,30,Rayo Vallecano,Centre-Forward,Attack,Spain,€1.00m,https://www.transfermarkt.us/raul-de-tomas/profil/spieler/162038,raul-de-tomas,162038,La Liga,https://img.a.transfermarkt.technology/portrait/header/162038-1653044438.jpg?lm=1
Sergi Guardiola,33,Rayo Vallecano,Centre-Forward,Attack,Spain,€0.8m,https://www.transfermarkt.us/sergi-guardiola/profil/spieler/256429,sergi-guardiola,256429,La Liga,https://img.a.transfermarkt.technology/portrait/header/256429-1521447903.jpg?lm=1
Dominik Greif,27,RCD Mallorca,Goalkeeper,Goalkeeper,Slovakia,€4.00m,https://www.transfermarkt.us/dominik-greif/profil/spieler/316884,dominik-greif,316884,La Liga,https://img.a.transfermarkt.technology/portrait/header/316884-1581331466.png?lm=1
Leo Román,24,RCD Mallorca,Goalkeeper,Goalkeeper,Spain,€1.80m,https://www.transfermarkt.us/leo-roman/profil/spieler/562742,leo-roman,562742,La Liga,https://img.a.transfermarkt.technology/portrait/header/562742-1648453168.jpg?lm=1
Iván Cuéllar,40,RCD Mallorca,Goalkeeper,Goalkeeper,Spain,€0.1m,https://www.transfermarkt.us/ivan-cuellar/profil/spieler/27493,ivan-cuellar,27493,La Liga,https://img.a.transfermarkt.technology/portrait/header/27493-1664289273.jpg?lm=1
Martin Valjent,28,RCD Mallorca,Centre-Back,Defender,Slovakia,€6.00m,https://www.transfermarkt.us/martin-valjent/profil/spieler/277384,martin-valjent,277384,La Liga,https://img.a.transfermarkt.technology/portrait/header/277384-1568027892.jpg?lm=1
José Copete,25,RCD Mallorca,Centre-Back,Defender,Spain,€2.80m,https://www.transfermarkt.us/jose-copete/profil/spieler/520840,jose-copete,520840,La Liga,https://img.a.transfermarkt.technology/portrait/header/520840-1674915512.JPG?lm=1
Siebe Van der Heyden,26,RCD Mallorca,Centre-Back,Defender,Belgium,€2.00m,https://www.transfermarkt.us/siebe-van-der-heyden/profil/spieler/400131,siebe-van-der-heyden,400131,La Liga,https://img.a.transfermarkt.technology/portrait/header/400131-1642262598.jpg?lm=1
Antonio Raíllo,33,RCD Mallorca,Centre-Back,Defender,Spain,€2.00m,https://www.transfermarkt.us/antonio-raillo/profil/spieler/278296,antonio-raillo,278296,La Liga,https://img.a.transfermarkt.technology/portrait/header/278296-1447228780.jpg?lm=1
Toni Lato,27,RCD Mallorca,Left-Back,Defender,Spain,€3.50m,https://www.transfermarkt.us/toni-lato/profil/spieler/320271,toni-lato,320271,La Liga,https://img.a.transfermarkt.technology/portrait/header/320271-1496906352.jpg?lm=1
Johan Mojica,32,RCD Mallorca,Left-Back,Defender,Colombia,€2.20m,https://www.transfermarkt.us/johan-mojica/profil/spieler/262939,johan-mojica,262939,La Liga,https://img.a.transfermarkt.technology/portrait/header/262939-1541161893.jpg?lm=1
Pablo Maffeo,27,RCD Mallorca,Right-Back,Defender,Argentina,€5.00m,https://www.transfermarkt.us/pablo-maffeo/profil/spieler/251876,pablo-maffeo,251876,La Liga,https://img.a.transfermarkt.technology/portrait/header/251876-1699449290.jpg?lm=1
Mateu Morey,24,RCD Mallorca,Right-Back,Defender,Spain,€0.8m,https://www.transfermarkt.us/mateu-morey/profil/spieler/388513,mateu-morey,388513,La Liga,https://img.a.transfermarkt.technology/portrait/header/388513-1661413734.jpg?lm=1
Samú Costa,24,RCD Mallorca,Defensive Midfield,Midfield,Portugal,€12.00m,https://www.transfermarkt.us/samu-costa/profil/spieler/657430,samu-costa,657430,La Liga,https://img.a.transfermarkt.technology/portrait/header/657430-1624028681.jpg?lm=1
Omar Mascarell,31,RCD Mallorca,Defensive Midfield,Midfield,Equatorial Guinea,€1.00m,https://www.transfermarkt.us/omar-mascarell/profil/spieler/142031,omar-mascarell,142031,La Liga,https://img.a.transfermarkt.technology/portrait/header/142031-1531813358.jpg?lm=1
Sergi Darder,30,RCD Mallorca,Central Midfield,Midfield,Spain,€6.00m,https://www.transfermarkt.us/sergi-darder/profil/spieler/142021,sergi-darder,142021,La Liga,https://img.a.transfermarkt.technology/portrait/header/142021-1664975574.jpg?lm=1
Manu Morlanes,25,RCD Mallorca,Central Midfield,Midfield,Spain,€2.50m,https://www.transfermarkt.us/manu-morlanes/profil/spieler/335225,manu-morlanes,335225,La Liga,https://img.a.transfermarkt.technology/portrait/header/335225-1552044533.jpg?lm=1
Antonio Sánchez,27,RCD Mallorca,Central Midfield,Midfield,Spain,€2.50m,https://www.transfermarkt.us/antonio-sanchez/profil/spieler/513031,antonio-sanchez,513031,La Liga,https://img.a.transfermarkt.technology/portrait/header/513031-1576533215.jpg?lm=1
Robert Navarro,22,RCD Mallorca,Attacking Midfield,Midfield,Spain,€6.00m,https://www.transfermarkt.us/robert-navarro/profil/spieler/563137,robert-navarro,563137,La Liga,https://img.a.transfermarkt.technology/portrait/header/563137-1567246327.jpg?lm=1
Dani Rodríguez,36,RCD Mallorca,Attacking Midfield,Midfield,Spain,€1.00m,https://www.transfermarkt.us/dani-rodriguez/profil/spieler/139435,dani-rodriguez,139435,La Liga,https://img.a.transfermarkt.technology/portrait/header/139435-1583332711.jpg?lm=1
Chiquinho,24,RCD Mallorca,Left Winger,Attack,Portugal,€3.00m,https://www.transfermarkt.us/chiquinho/profil/spieler/695454,chiquinho,695454,La Liga,https://img.a.transfermarkt.technology/portrait/header/695454-1641552728.png?lm=1
Javi Llabrés,22,RCD Mallorca,Left Winger,Attack,Spain,€0.7m,https://www.transfermarkt.us/javi-llabres/profil/spieler/706138,javi-llabres,706138,La Liga,https://img.a.transfermarkt.technology/portrait/header/706138-1702393291.jpg?lm=1
Takuma Asano,30,RCD Mallorca,Right Winger,Attack,Japan,€4.00m,https://www.transfermarkt.us/takuma-asano/profil/spieler/245744,takuma-asano,245744,La Liga,https://img.a.transfermarkt.technology/portrait/header/245744-1657284052.jpg?lm=1
Valery Fernández,25,RCD Mallorca,Right Winger,Attack,Spain,€2.50m,https://www.transfermarkt.us/valery-fernandez/profil/spieler/331496,valery-fernandez,331496,La Liga,https://img.a.transfermarkt.technology/portrait/header/331496-1715882117.jpg?lm=1
Vedat Muriqi,30,RCD Mallorca,Centre-Forward,Attack,Kosovo,€12.00m,https://www.transfermarkt.us/vedat-muriqi/profil/spieler/256267,vedat-muriqi,256267,La Liga,https://img.a.transfermarkt.technology/portrait/header/256267-1627914833.jpg?lm=1
Cyle Larin,29,RCD Mallorca,Centre-Forward,Attack,Canada,€4.00m,https://www.transfermarkt.us/cyle-larin/profil/spieler/343463,cyle-larin,343463,La Liga,https://img.a.transfermarkt.technology/portrait/header/343463-1720430112.jpg?lm=1
Abdón Prats,31,RCD Mallorca,Centre-Forward,Attack,Spain,€1.80m,https://www.transfermarkt.us/abdon-prats/profil/spieler/177452,abdon-prats,177452,La Liga,https://img.a.transfermarkt.technology/portrait/header/177452-1696950061.jpg?lm=1
Marc Domènech,17,RCD Mallorca,Centre-Forward,Attack,Spain,€0.5m,https://www.transfermarkt.us/marc-domenech/profil/spieler/1296876,marc-domenech,1296876,La Liga,https://img.a.transfermarkt.technology/portrait/header/default.jpg?lm=1
Álvaro Valles,27,UD Las Palmas,Goalkeeper,Goalkeeper,Spain,€7.50m,https://www.transfermarkt.us/alvaro-valles/profil/spieler/417913,alvaro-valles,417913,La Liga,https://img.a.transfermarkt.technology/portrait/header/417913-1679083275.JPG?lm=1
Dinko Horkas,25,UD Las Palmas,Goalkeeper,Goalkeeper,Croatia,€1.20m,https://www.transfermarkt.us/dinko-horkas/profil/spieler/357770,dinko-horkas,357770,La Liga,https://img.a.transfermarkt.technology/portrait/header/357770-1690574730.png?lm=1
Jasper Cillessen,35,UD Las Palmas,Goalkeeper,Goalkeeper,Netherlands,€1.00m,https://www.transfermarkt.us/jasper-cillessen/profil/spieler/146227,jasper-cillessen,146227,La Liga,https://img.a.transfermarkt.technology/portrait/header/146227-1660814229.jpg?lm=1
Mika Mármol,23,UD Las Palmas,Centre-Back,Defender,Spain,€15.00m,https://www.transfermarkt.us/mika-marmol/profil/spieler/617060,mika-marmol,617060,La Liga,https://img.a.transfermarkt.technology/portrait/header/617060-1638453788.jpg?lm=1
Scott McKenna,28,UD Las Palmas,Centre-Back,Defender,Scotland,€9.00m,https://www.transfermarkt.us/scott-mckenna/profil/spieler/255906,scott-mckenna,255906,La Liga,https://img.a.transfermarkt.technology/portrait/header/255906-1718274297.jpg?lm=1
Alex Suárez,31,UD Las Palmas,Centre-Back,Defender,Spain,€1.20m,https://www.transfermarkt.us/alex-suarez/profil/spieler/510396,alex-suarez,510396,La Liga,https://img.a.transfermarkt.technology/portrait/header/510396-1702391032.jpg?lm=1
Juanma Herzog,20,UD Las Palmas,Centre-Back,Defender,Spain,€1.00m,https://www.transfermarkt.us/juanma-herzog/profil/spieler/1146029,juanma-herzog,1146029,La Liga,https://img.a.transfermarkt.technology/portrait/header/default.jpg?lm=1
Álex Muñoz,30,UD Las Palmas,Left-Back,Defender,Spain,€1.20m,https://www.transfermarkt.us/alex-munoz/profil/spieler/243760,alex-munoz,243760,La Liga,https://img.a.transfermarkt.technology/portrait/header/default.jpg?lm=1
Daley Sinkgraven,29,UD Las Palmas,Left-Back,Defender,Netherlands,€1.00m,https://www.transfermarkt.us/daley-sinkgraven/profil/spieler/215099,daley-sinkgraven,215099,La Liga,https://img.a.transfermarkt.technology/portrait/header/215099-1658913308.jpg?lm=1
Marvin Park,24,UD Las Palmas,Right-Back,Defender,Spain,€2.00m,https://www.transfermarkt.us/marvin-park/profil/spieler/603940,marvin-park,603940,La Liga,https://img.a.transfermarkt.technology/portrait/header/603940-1718888602.jpg?lm=1
Viti Rozada,27,UD Las Palmas,Right-Back,Defender,Spain,€1.50m,https://www.transfermarkt.us/viti-rozada/profil/spieler/438971,viti-rozada,438971,La Liga,https://img.a.transfermarkt.technology/portrait/header/438971-1702390831.jpg?lm=1
Dário Essugo,19,UD Las Palmas,Defensive Midfield,Midfield,Portugal,€3.50m,https://www.transfermarkt.us/dario-essugo/profil/spieler/670717,dario-essugo,670717,La Liga,https://img.a.transfermarkt.technology/portrait/header/670717-1616406134.jpg?lm=1
Enzo Loiodice,24,UD Las Palmas,Central Midfield,Midfield,France,€4.00m,https://www.transfermarkt.us/enzo-loiodice/profil/spieler/581781,enzo-loiodice,581781,La Liga,https://img.a.transfermarkt.technology/portrait/header/581781-1539357288.jpg?lm=1
Javi Muñoz,29,UD Las Palmas,Central Midfield,Midfield,Spain,€3.00m,https://www.transfermarkt.us/javi-munoz/profil/spieler/282421,javi-munoz,282421,La Liga,https://img.a.transfermarkt.technology/portrait/header/282421-1698852390.jpg?lm=1
José Campaña,31,UD Las Palmas,Central Midfield,Midfield,Spain,€1.50m,https://www.transfermarkt.us/jose-campana/profil/spieler/120095,jose-campana,120095,La Liga,https://img.a.transfermarkt.technology/portrait/header/120095-1601644816.jpg?lm=1
Fabio González,27,UD Las Palmas,Central Midfield,Midfield,Spain,€0.5m,https://www.transfermarkt.us/fabio-gonzalez/profil/spieler/531062,fabio-gonzalez,531062,La Liga,https://img.a.transfermarkt.technology/portrait/header/531062-1701789610.jpg?lm=1
Alberto Moleiro,21,UD Las Palmas,Attacking Midfield,Midfield,Spain,€20.00m,https://www.transfermarkt.us/alberto-moleiro/profil/spieler/733576,alberto-moleiro,733576,La Liga,https://img.a.transfermarkt.technology/portrait/header/733576-1701157946.jpg?lm=1
Kirian Rodríguez,28,UD Las Palmas,Attacking Midfield,Midfield,Spain,€12.00m,https://www.transfermarkt.us/kirian-rodriguez/profil/spieler/566574,kirian-rodriguez,566574,La Liga,https://img.a.transfermarkt.technology/portrait/header/566574-1658407760.jpg?lm=1
Iván Gil,24,UD Las Palmas,Attacking Midfield,Midfield,Spain,€1.00m,https://www.transfermarkt.us/ivan-gil/profil/spieler/611075,ivan-gil,611075,La Liga,https://img.a.transfermarkt.technology/portrait/header/611075-1698882995.jpg?lm=1
Manu Fuster,27,UD Las Palmas,Left Winger,Attack,Spain,€2.40m,https://www.transfermarkt.us/manu-fuster/profil/spieler/511021,manu-fuster,511021,La Liga,https://img.a.transfermarkt.technology/portrait/header/511021-1683202707.jpg?lm=1
Pejiño,28,UD Las Palmas,Left Winger,Attack,Spain,€1.20m,https://www.transfermarkt.us/pejino/profil/spieler/534379,pejino,534379,La Liga,https://img.a.transfermarkt.technology/portrait/header/534379-1630918134.jpg?lm=1
Benito Ramírez,29,UD Las Palmas,Left Winger,Attack,Spain,€0.6m,https://www.transfermarkt.us/benito-ramirez/profil/spieler/282672,benito-ramirez,282672,La Liga,https://img.a.transfermarkt.technology/portrait/header/282672-1658407951.jpg?lm=1
Adnan Januzaj,29,UD Las Palmas,Right Winger,Attack,Belgium,€2.00m,https://www.transfermarkt.us/adnan-januzaj/profil/spieler/177847,adnan-januzaj,177847,La Liga,https://img.a.transfermarkt.technology/portrait/header/177847-1685115304.png?lm=1
Fábio Silva,22,UD Las Palmas,Centre-Forward,Attack,Portugal,€11.00m,https://www.transfermarkt.us/fabio-silva/profil/spieler/505653,fabio-silva,505653,La Liga,https://img.a.transfermarkt.technology/portrait/header/505653-1723794084.png?lm=1
Oli McBurnie,28,UD Las Palmas,Centre-Forward,Attack,Scotland,€4.50m,https://www.transfermarkt.us/oli-mcburnie/profil/spieler/298477,oli-mcburnie,298477,La Liga,https://img.a.transfermarkt.technology/portrait/header/298477-1700672702.jpg?lm=1
Sandro Ramírez,29,UD Las Palmas,Centre-Forward,Attack,Spain,€1.50m,https://www.transfermarkt.us/sandro-ramirez/profil/spieler/199369,sandro-ramirez,199369,La Liga,https://img.a.transfermarkt.technology/portrait/header/199369-1726230862.jpg?lm=1
Marc Cardona,29,UD Las Palmas,Centre-Forward,Attack,Spain,€1.40m,https://www.transfermarkt.us/marc-cardona/profil/spieler/443222,marc-cardona,443222,La Liga,https://img.a.transfermarkt.technology/portrait/header/443222-1532074440.jpg?lm=1
Jaime Mata,36,UD Las Palmas,Centre-Forward,Attack,Spain,€0.9m,https://www.transfermarkt.us/jaime-mata/profil/spieler/227961,jaime-mata,227961,La Liga,https://img.a.transfermarkt.technology/portrait/header/227961-1530601381.jpg?lm=1
Pau López,29,Girona FC,Goalkeeper,Goalkeeper,Spain,€7.50m,https://www.transfermarkt.us/pau-lopez/profil/spieler/286415,pau-lopez,286415,La Liga,https://img.a.transfermarkt.technology/portrait/header/286415-1666815446.jpg?lm=1
Paulo Gazzaniga,32,Girona FC,Goalkeeper,Goalkeeper,Argentina,€4.00m,https://www.transfermarkt.us/paulo-gazzaniga/profil/spieler/195488,paulo-gazzaniga,195488,La Liga,https://img.a.transfermarkt.technology/portrait/header/195488-1544621003.jpg?lm=1
Juan Carlos,36,Girona FC,Goalkeeper,Goalkeeper,Spain,€0.2m,https://www.transfermarkt.us/juan-carlos/profil/spieler/120705,juan-carlos,120705,La Liga,https://img.a.transfermarkt.technology/portrait/header/120705-1567159334.jpg?lm=1
Ladislav Krejci,25,Girona FC,Centre-Back,Defender,Czech Republic,€10.00m,https://www.transfermarkt.us/ladislav-krejci/profil/spieler/345911,ladislav-krejci,345911,La Liga,https://img.a.transfermarkt.technology/portrait/header/345911-1716965804.jpg?lm=1
Alejandro Francés,22,Girona FC,Centre-Back,Defender,Spain,€5.00m,https://www.transfermarkt.us/alejandro-frances/profil/spieler/632896,alejandro-frances,632896,La Liga,https://img.a.transfermarkt.technology/portrait/header/632896-1697808516.jpg?lm=1
Daley Blind,34,Girona FC,Centre-Back,Defender,Netherlands,€3.00m,https://www.transfermarkt.us/daley-blind/profil/spieler/12282,daley-blind,12282,La Liga,https://img.a.transfermarkt.technology/portrait/header/12282-1718096647.jpg?lm=1
David López,35,Girona FC,Centre-Back,Defender,Spain,€2.50m,https://www.transfermarkt.us/david-lopez/profil/spieler/129444,david-lopez,129444,La Liga,https://img.a.transfermarkt.technology/portrait/header/129444-1448529645.jpg?lm=1
Juanpe,33,Girona FC,Centre-Back,Defender,Spain,€1.00m,https://www.transfermarkt.us/juanpe/profil/spieler/115333,juanpe,115333,La Liga,https://img.a.transfermarkt.technology/portrait/header/115333-1510233713.jpg?lm=1
Miguel Gutiérrez,23,Girona FC,Left-Back,Defender,Spain,€25.00m,https://www.transfermarkt.us/miguel-gutierrez/profil/spieler/525299,miguel-gutierrez,525299,La Liga,https://img.a.transfermarkt.technology/portrait/header/525299-1702292659.jpg?lm=1
Arnau Martínez,21,Girona FC,Right-Back,Defender,Spain,€10.00m,https://www.transfermarkt.us/arnau-martinez/profil/spieler/826224,arnau-martinez,826224,La Liga,https://img.a.transfermarkt.technology/portrait/header/826224-1701444094.jpg?lm=1
Oriol Romeu,33,Girona FC,Defensive Midfield,Midfield,Spain,€2.00m,https://www.transfermarkt.us/oriol-romeu/profil/spieler/66100,oriol-romeu,66100,La Liga,https://img.a.transfermarkt.technology/portrait/header/66100-1701118491.jpg?lm=1
Yangel Herrera,26,Girona FC,Central Midfield,Midfield,Venezuela,€25.00m,https://www.transfermarkt.us/yangel-herrera/profil/spieler/378293,yangel-herrera,378293,La Liga,https://img.a.transfermarkt.technology/portrait/header/378293-1719230693.jpg?lm=1
Donny van de Beek,27,Girona FC,Central Midfield,Midfield,Netherlands,€5.00m,https://www.transfermarkt.us/donny-van-de-beek/profil/spieler/288255,donny-van-de-beek,288255,La Liga,https://img.a.transfermarkt.technology/portrait/header/288255-1642174403.jpg?lm=1
Jhon Solís,20,Girona FC,Central Midfield,Midfield,Colombia,€4.00m,https://www.transfermarkt.us/jhon-solis/profil/spieler/742521,jhon-solis,742521,La Liga,https://img.a.transfermarkt.technology/portrait/header/742521-1715882394.jpg?lm=1
Iván Martín,25,Girona FC,Attacking Midfield,Midfield,Spain,€15.00m,https://www.transfermarkt.us/ivan-martin/profil/spieler/341278,ivan-martin,341278,La Liga,https://img.a.transfermarkt.technology/portrait/header/341278-1703177977.jpg?lm=1
Gabriel Misehouy,19,Girona FC,Attacking Midfield,Midfield,Netherlands,€1.00m,https://www.transfermarkt.us/gabriel-misehouy/profil/spieler/646698,gabriel-misehouy,646698,La Liga,https://img.a.transfermarkt.technology/portrait/header/646698-1683294176.jpg?lm=1
Bryan Gil,23,Girona FC,Left Winger,Attack,Spain,€14.00m,https://www.transfermarkt.us/bryan-gil/profil/spieler/537382,bryan-gil,537382,La Liga,https://img.a.transfermarkt.technology/portrait/header/537382-1704812537.jpg?lm=1
Arnaut Danjuma,27,Girona FC,Left Winger,Attack,Netherlands,€13.00m,https://www.transfermarkt.us/arnaut-danjuma/profil/spieler/355861,arnaut-danjuma,355861,La Liga,https://img.a.transfermarkt.technology/portrait/header/355861-1674657323.jpg?lm=1
Viktor Tsygankov,27,Girona FC,Right Winger,Attack,Ukraine,€30.00m,https://www.transfermarkt.us/viktor-tsygankov/profil/spieler/264372,viktor-tsygankov,264372,La Liga,https://img.a.transfermarkt.technology/portrait/header/264372-1715881945.jpg?lm=1
Yáser Asprilla,21,Girona FC,Right Winger,Attack,Colombia,€18.00m,https://www.transfermarkt.us/yaser-asprilla/profil/spieler/857818,yaser-asprilla,857818,La Liga,https://img.a.transfermarkt.technology/portrait/header/857818-1691597301.jpg?lm=1
Portu,32,Girona FC,Right Winger,Attack,Spain,€3.50m,https://www.transfermarkt.us/portu/profil/spieler/99353,portu,99353,La Liga,https://img.a.transfermarkt.technology/portrait/header/99353-1669365520.jpg?lm=1
Abel Ruiz,24,Girona FC,Centre-Forward,Attack,Spain,€12.00m,https://www.transfermarkt.us/abel-ruiz/profil/spieler/340376,abel-ruiz,340376,La Liga,https://img.a.transfermarkt.technology/portrait/header/340376-1694617385.jpg?lm=1
Bojan Miovski,25,Girona FC,Centre-Forward,Attack,North Macedonia,€4.00m,https://www.transfermarkt.us/bojan-miovski/profil/spieler/476219,bojan-miovski,476219,La Liga,https://img.a.transfermarkt.technology/portrait/header/476219-1611947628.jpeg?lm=1
Cristhian Stuani,38,Girona FC,Centre-Forward,Attack,Uruguay,€1.80m,https://www.transfermarkt.us/cristhian-stuani/profil/spieler/59323,cristhian-stuani,59323,La Liga,https://img.a.transfermarkt.technology/portrait/header/59323-1726736068.jpg?lm=1
Karl Hein,22,Real Valladolid CF,Goalkeeper,Goalkeeper,Estonia,€3.00m,https://www.transfermarkt.us/karl-hein/profil/spieler/493513,karl-hein,493513,La Liga,https://img.a.transfermarkt.technology/portrait/header/493513-1662665787.jpg?lm=1
André Ferreira,28,Real Valladolid CF,Goalkeeper,Goalkeeper,Portugal,€0.8m,https://www.transfermarkt.us/andre-ferreira/profil/spieler/290346,andre-ferreira,290346,La Liga,https://img.a.transfermarkt.technology/portrait/header/290346-1548259586.jpg?lm=1
Eray Cömert,26,Real Valladolid CF,Centre-Back,Defender,Switzerland,€4.00m,https://www.transfermarkt.us/eray-comert/profil/spieler/298583,eray-comert,298583,La Liga,https://img.a.transfermarkt.technology/portrait/header/298583-1704213027.jpg?lm=1
Cenk Özkacar,24,Real Valladolid CF,Centre-Back,Defender,Türkiye,€2.50m,https://www.transfermarkt.us/cenk-ozkacar/profil/spieler/615350,cenk-ozkacar,615350,La Liga,https://img.a.transfermarkt.technology/portrait/header/615350-1641457298.jpg?lm=1
Javi Sánchez,27,Real Valladolid CF,Centre-Back,Defender,Spain,€1.50m,https://www.transfermarkt.us/javi-sanchez/profil/spieler/340853,javi-sanchez,340853,La Liga,https://img.a.transfermarkt.technology/portrait/header/340853-1448530734.jpg?lm=1
David Torres,21,Real Valladolid CF,Centre-Back,Defender,Spain,€1.00m,https://www.transfermarkt.us/david-torres/profil/spieler/857832,david-torres,857832,La Liga,https://img.a.transfermarkt.technology/portrait/header/857832-1702391225.jpg?lm=1
Juma Bah,18,Real Valladolid CF,Centre-Back,Defender,Sierra Leone,€0.5m,https://www.transfermarkt.us/juma-bah/profil/spieler/1121298,juma-bah,1121298,La Liga,https://img.a.transfermarkt.technology/portrait/header/1121298-1732218272.jpg?lm=1
Luis Pérez,29,Real Valladolid CF,Right-Back,Defender,Spain,€2.00m,https://www.transfermarkt.us/luis-perez/profil/spieler/358115,luis-perez,358115,La Liga,https://img.a.transfermarkt.technology/portrait/header/358115-1544697482.jpg?lm=1
Lucas Rosa,24,Real Valladolid CF,Right-Back,Defender,Brazil,€2.00m,https://www.transfermarkt.us/lucas-rosa/profil/spieler/468309,lucas-rosa,468309,La Liga,https://img.a.transfermarkt.technology/portrait/header/468309-1552229769.jpg?lm=1
Stanko Juric,28,Real Valladolid CF,Defensive Midfield,Midfield,Croatia,€2.20m,https://www.transfermarkt.us/stanko-juric/profil/spieler/388125,stanko-juric,388125,La Liga,https://img.a.transfermarkt.technology/portrait/header/388125-1614711691.jpg?lm=1
Mario Martín,20,Real Valladolid CF,Defensive Midfield,Midfield,Spain,€0.5m,https://www.transfermarkt.us/mario-martin/profil/spieler/948273,mario-martin,948273,La Liga,https://img.a.transfermarkt.technology/portrait/header/948273-1707861820.jpg?lm=1
César de la Hoz,32,Real Valladolid CF,Defensive Midfield,Midfield,Spain,€0.5m,https://www.transfermarkt.us/cesar-de-la-hoz/profil/spieler/226261,cesar-de-la-hoz,226261,La Liga,https://img.a.transfermarkt.technology/portrait/header/226261-1688219646.jpg?lm=1
Víctor Meseguer,25,Real Valladolid CF,Central Midfield,Midfield,Spain,€3.00m,https://www.transfermarkt.us/victor-meseguer/profil/spieler/658269,victor-meseguer,658269,La Liga,https://img.a.transfermarkt.technology/portrait/header/658269-1660121083.jpg?lm=1
Kike Pérez,27,Real Valladolid CF,Central Midfield,Midfield,Spain,€3.00m,https://www.transfermarkt.us/kike-perez/profil/spieler/527698,kike-perez,527698,La Liga,https://img.a.transfermarkt.technology/portrait/header/527698-1601535441.jpg?lm=1
Anuar,29,Real Valladolid CF,Central Midfield,Midfield,Morocco,€0.9m,https://www.transfermarkt.us/anuar/profil/spieler/327126,anuar,327126,La Liga,https://img.a.transfermarkt.technology/portrait/header/327126-1541148555.jpg?lm=1
Selim Amallah,28,Real Valladolid CF,Attacking Midfield,Midfield,Morocco,€1.50m,https://www.transfermarkt.us/selim-amallah/profil/spieler/377219,selim-amallah,377219,La Liga,https://img.a.transfermarkt.technology/portrait/header/377219-1616872969.jpg?lm=1
Chuki,20,Real Valladolid CF,Attacking Midfield,Midfield,Spain,€0.5m,https://www.transfermarkt.us/chuki/profil/spieler/926763,chuki,926763,La Liga,https://img.a.transfermarkt.technology/portrait/header/926763-1700777200.jpg?lm=1
Raúl Moro,21,Real Valladolid CF,Left Winger,Attack,Spain,€4.00m,https://www.transfermarkt.us/raul-moro/profil/spieler/624942,raul-moro,624942,La Liga,https://img.a.transfermarkt.technology/portrait/header/624942-1632729036.jpg?lm=1
Darwin Machís,31,Real Valladolid CF,Left Winger,Attack,Venezuela,€1.50m,https://www.transfermarkt.us/darwin-machis/profil/spieler/211251,darwin-machis,211251,La Liga,https://img.a.transfermarkt.technology/portrait/header/211251-1719836851.jpg?lm=1
Kenedy,28,Real Valladolid CF,Left Winger,Attack,Brazil,€1.00m,https://www.transfermarkt.us/kenedy/profil/spieler/281404,kenedy,281404,La Liga,https://img.a.transfermarkt.technology/portrait/header/281404-1455120897.jpg?lm=1
Amath Ndiaye,28,Real Valladolid CF,Right Winger,Attack,Senegal,€1.50m,https://www.transfermarkt.us/amath-ndiaye/profil/spieler/339820,amath-ndiaye,339820,La Liga,https://img.a.transfermarkt.technology/portrait/header/339820-1510233284.jpg?lm=1
Iván Sánchez,32,Real Valladolid CF,Right Winger,Attack,Spain,€1.00m,https://www.transfermarkt.us/ivan-sanchez/profil/spieler/221311,ivan-sanchez,221311,La Liga,https://img.a.transfermarkt.technology/portrait/header/221311-1601023639.jpg?lm=1
Juanmi Latasa,23,Real Valladolid CF,Centre-Forward,Attack,Spain,€2.80m,https://www.transfermarkt.us/juanmi-latasa/profil/spieler/623521,juanmi-latasa,623521,La Liga,https://img.a.transfermarkt.technology/portrait/header/623521-1696862713.jpg?lm=1
Mamadou Sylla,30,Real Valladolid CF,Centre-Forward,Attack,Senegal,€1.50m,https://www.transfermarkt.us/mamadou-sylla/profil/spieler/166683,mamadou-sylla,166683,La Liga,https://img.a.transfermarkt.technology/portrait/header/166683-1592750860.png?lm=1
Marcos André,28,Real Valladolid CF,Centre-Forward,Attack,Brazil,€1.50m,https://www.transfermarkt.us/marcos-andre/profil/spieler/481084,marcos-andre,481084,La Liga,https://img.a.transfermarkt.technology/portrait/header/481084-1601535152.jpg?lm=1
Juan Soriano,27,CD Leganés,Goalkeeper,Goalkeeper,Spain,€1.50m,https://www.transfermarkt.us/juan-soriano/profil/spieler/251892,juan-soriano,251892,La Liga,https://img.a.transfermarkt.technology/portrait/header/251892-1583333927.jpg?lm=1
Marko Dmitrovic,32,CD Leganés,Goalkeeper,Goalkeeper,Serbia,€0.9m,https://www.transfermarkt.us/marko-dmitrovic/profil/spieler/94308,marko-dmitrovic,94308,La Liga,https://img.a.transfermarkt.technology/portrait/header/94308-1669364494.jpg?lm=1
Alvin Abajas,21,CD Leganés,Goalkeeper,Goalkeeper,Spain,€0.025m,https://www.transfermarkt.us/alvin-abajas/profil/spieler/1055833,alvin-abajas,1055833,La Liga,https://img.a.transfermarkt.technology/portrait/header/default.jpg?lm=1
Jackson Porozo,24,CD Leganés,Centre-Back,Defender,Ecuador,€2.50m,https://www.transfermarkt.us/jackson-porozo/profil/spieler/491616,jackson-porozo,491616,La Liga,https://img.a.transfermarkt.technology/portrait/header/491616-1706871948.jpg?lm=1
Sergio González,32,CD Leganés,Centre-Back,Defender,Spain,€1.80m,https://www.transfermarkt.us/sergio-gonzalez/profil/spieler/308989,sergio-gonzalez,308989,La Liga,https://img.a.transfermarkt.technology/portrait/header/308989-1701789701.jpg?lm=1
Jorge Sáenz,28,CD Leganés,Centre-Back,Defender,Spain,€1.50m,https://www.transfermarkt.us/jorge-saenz/profil/spieler/340339,jorge-saenz,340339,La Liga,https://img.a.transfermarkt.technology/portrait/header/340339-1544697354.jpg?lm=1
Matija Nastasic,31,CD Leganés,Centre-Back,Defender,Serbia,€1.50m,https://www.transfermarkt.us/matija-nastasic/profil/spieler/143559,matija-nastasic,143559,La Liga,https://img.a.transfermarkt.technology/portrait/header/143559-1531813376.jpg?lm=1
Javi Hernández,26,CD Leganés,Left-Back,Defender,Spain,€2.50m,https://www.transfermarkt.us/javi-hernandez/profil/spieler/422466,javi-hernandez,422466,La Liga,https://img.a.transfermarkt.technology/portrait/header/422466-1601367999.jpg?lm=1
Enric Franquesa,27,CD Leganés,Left-Back,Defender,Spain,€1.50m,https://www.transfermarkt.us/enric-franquesa/profil/spieler/282700,enric-franquesa,282700,La Liga,https://img.a.transfermarkt.technology/portrait/header/282700-1625480292.jpg?lm=1
Valentin Rosier,28,CD Leganés,Right-Back,Defender,France,€4.00m,https://www.transfermarkt.us/valentin-rosier/profil/spieler/441170,valentin-rosier,441170,La Liga,https://img.a.transfermarkt.technology/portrait/header/441170-1666619891.png?lm=1
Adrià Altimira,23,CD Leganés,Right-Back,Defender,Spain,€2.00m,https://www.transfermarkt.us/adria-altimira/profil/spieler/466807,adria-altimira,466807,La Liga,https://img.a.transfermarkt.technology/portrait/header/466807-1704789678.jpg?lm=1
Renato Tapia,29,CD Leganés,Defensive Midfield,Midfield,Peru,€5.00m,https://www.transfermarkt.us/renato-tapia/profil/spieler/277137,renato-tapia,277137,La Liga,https://img.a.transfermarkt.technology/portrait/header/277137-1718679726.jpg?lm=1
Yvan Neyou,27,CD Leganés,Defensive Midfield,Midfield,Cameroon,€2.00m,https://www.transfermarkt.us/yvan-neyou/profil/spieler/469669,yvan-neyou,469669,La Liga,https://img.a.transfermarkt.technology/portrait/header/469669-1703762516.jpg?lm=1
Julián Chicco,26,CD Leganés,Defensive Midfield,Midfield,Argentina,€1.00m,https://www.transfermarkt.us/julian-chicco/profil/spieler/401583,julian-chicco,401583,La Liga,https://img.a.transfermarkt.technology/portrait/header/401583-1446023137.jpg?lm=1
Seydouba Cissé,23,CD Leganés,Central Midfield,Midfield,Guinea,€2.00m,https://www.transfermarkt.us/seydouba-cisse/profil/spieler/543537,seydouba-cisse,543537,La Liga,https://img.a.transfermarkt.technology/portrait/header/543537-1698881175.jpg?lm=1
Darko Brasanac,32,CD Leganés,Central Midfield,Midfield,Serbia,€1.40m,https://www.transfermarkt.us/darko-brasanac/profil/spieler/95641,darko-brasanac,95641,La Liga,https://img.a.transfermarkt.technology/portrait/header/95641-1541146477.jpg?lm=1
Óscar Rodríguez,26,CD Leganés,Attacking Midfield,Midfield,Spain,€2.50m,https://www.transfermarkt.us/oscar-rodriguez/profil/spieler/284884,oscar-rodriguez,284884,La Liga,https://img.a.transfermarkt.technology/portrait/header/284884-1697221442.jpg?lm=1
Roberto López,24,CD Leganés,Attacking Midfield,Midfield,Spain,€2.50m,https://www.transfermarkt.us/roberto-lopez/profil/spieler/569866,roberto-lopez,569866,La Liga,https://img.a.transfermarkt.technology/portrait/header/569866-1568978272.png?lm=1
Juan Cruz,24,CD Leganés,Right Winger,Attack,Spain,€3.00m,https://www.transfermarkt.us/juan-cruz/profil/spieler/585700,juan-cruz,585700,La Liga,https://img.a.transfermarkt.technology/portrait/header/585700-1667290065.jpg?lm=1
Munir El Haddadi,29,CD Leganés,Right Winger,Attack,Morocco,€2.50m,https://www.transfermarkt.us/munir-el-haddadi/profil/spieler/223725,munir-el-haddadi,223725,La Liga,https://img.a.transfermarkt.technology/portrait/header/223725-1687272900.jpg?lm=1
Dani Raba,29,CD Leganés,Right Winger,Attack,Spain,€2.20m,https://www.transfermarkt.us/dani-raba/profil/spieler/413262,dani-raba,413262,La Liga,https://img.a.transfermarkt.technology/portrait/header/413262-1530299369.jpg?lm=1
Naim García,22,CD Leganés,Right Winger,Attack,Spain,€0.5m,https://www.transfermarkt.us/naim-garcia/profil/spieler/715683,naim-garcia,715683,La Liga,https://img.a.transfermarkt.technology/portrait/header/715683-1698881493.jpg?lm=1
Sébastien Haller,30,CD Leganés,Centre-Forward,Attack,Cote d'Ivoire,€7.50m,https://www.transfermarkt.us/sebastien-haller/profil/spieler/181375,sebastien-haller,181375,La Liga,https://img.a.transfermarkt.technology/portrait/header/181375-1709560699.jpg?lm=1
Miguel de la Fuente,25,CD Leganés,Centre-Forward,Attack,Spain,€2.50m,https://www.transfermarkt.us/miguel-de-la-fuente/profil/spieler/480883,miguel-de-la-fuente,480883,La Liga,https://img.a.transfermarkt.technology/portrait/header/480883-1647530867.jpg?lm=1
Diego García,24,CD Leganés,Centre-Forward,Attack,Spain,€2.00m,https://www.transfermarkt.us/diego-garcia/profil/spieler/852727,diego-garcia,852727,La Liga,https://img.a.transfermarkt.technology/portrait/header/852727-1701788787.jpg?lm=1
Joan García,23,RCD Espanyol Barcelona,Goalkeeper,Goalkeeper,Spain,€10.00m,https://www.transfermarkt.us/joan-garcia/profil/spieler/561613,joan-garcia,561613,La Liga,https://img.a.transfermarkt.technology/portrait/header/561613-1719399406.jpg?lm=1
Fernando Pacheco,32,RCD Espanyol Barcelona,Goalkeeper,Goalkeeper,Spain,€1.00m,https://www.transfermarkt.us/fernando-pacheco/profil/spieler/172015,fernando-pacheco,172015,La Liga,https://img.a.transfermarkt.technology/portrait/header/172015-1647529834.jpg?lm=1
Ángel Fortuño,23,RCD Espanyol Barcelona,Goalkeeper,Goalkeeper,Spain,€0.3m,https://www.transfermarkt.us/angel-fortuno/profil/spieler/628487,angel-fortuno,628487,La Liga,https://img.a.transfermarkt.technology/portrait/header/default.jpg?lm=1
Marash Kumbulla,24,RCD Espanyol Barcelona,Centre-Back,Defender,Albania,€4.50m,https://www.transfermarkt.us/marash-kumbulla/profil/spieler/371371,marash-kumbulla,371371,La Liga,https://img.a.transfermarkt.technology/portrait/header/371371-1716969202.jpg?lm=1
Fernando Calero,29,RCD Espanyol Barcelona,Centre-Back,Defender,Spain,€1.80m,https://www.transfermarkt.us/fernando-calero/profil/spieler/357884,fernando-calero,357884,La Liga,https://img.a.transfermarkt.technology/portrait/header/357884-1447238696.jpg?lm=1
Leandro Cabrera,33,RCD Espanyol Barcelona,Centre-Back,Defender,Uruguay,€1.20m,https://www.transfermarkt.us/leandro-cabrera/profil/spieler/102423,leandro-cabrera,102423,La Liga,https://img.a.transfermarkt.technology/portrait/header/102423-1500024381.jpg?lm=1
Sergi Gómez,32,RCD Espanyol Barcelona,Centre-Back,Defender,Spain,€1.00m,https://www.transfermarkt.us/sergi-gomez/profil/spieler/92947,sergi-gomez,92947,La Liga,https://img.a.transfermarkt.technology/portrait/header/92947-1447159892.jpg?lm=1
Brian Oliván,30,RCD Espanyol Barcelona,Left-Back,Defender,Spain,€2.50m,https://www.transfermarkt.us/brian-olivan/profil/spieler/166677,brian-olivan,166677,La Liga,https://img.a.transfermarkt.technology/portrait/header/166677-1626938634.jpg?lm=1
Carlos Romero,23,RCD Espanyol Barcelona,Left-Back,Defender,Spain,€2.50m,https://www.transfermarkt.us/carlos-romero/profil/spieler/709372,carlos-romero,709372,La Liga,https://img.a.transfermarkt.technology/portrait/header/709372-1698946783.jpg?lm=1
Omar El Hilali,21,RCD Espanyol Barcelona,Right-Back,Defender,Morocco,€3.00m,https://www.transfermarkt.us/omar-el-hilali/profil/spieler/822331,omar-el-hilali,822331,La Liga,https://img.a.transfermarkt.technology/portrait/header/822331-1683211692.jpg?lm=1
Álvaro Tejero,28,RCD Espanyol Barcelona,Right-Back,Defender,Spain,€2.00m,https://www.transfermarkt.us/alvaro-tejero/profil/spieler/290273,alvaro-tejero,290273,La Liga,https://img.a.transfermarkt.technology/portrait/header/290273-1557741576.jpg?lm=1
Alex Král,26,RCD Espanyol Barcelona,Central Midfield,Midfield,Czech Republic,€6.00m,https://www.transfermarkt.us/alex-kral/profil/spieler/337333,alex-kral,337333,La Liga,https://img.a.transfermarkt.technology/portrait/header/337333-1691614545.jpg?lm=1
Álvaro Aguado,28,RCD Espanyol Barcelona,Central Midfield,Midfield,Spain,€2.80m,https://www.transfermarkt.us/alvaro-aguado/profil/spieler/449496,alvaro-aguado,449496,La Liga,https://img.a.transfermarkt.technology/portrait/header/449496-1659984006.jpeg?lm=1
José Gragera,24,RCD Espanyol Barcelona,Central Midfield,Midfield,Spain,€2.50m,https://www.transfermarkt.us/jose-gragera/profil/spieler/557147,jose-gragera,557147,La Liga,https://img.a.transfermarkt.technology/portrait/header/557147-1664207582.jpg?lm=1
Edu Expósito,28,RCD Espanyol Barcelona,Central Midfield,Midfield,Spain,€2.00m,https://www.transfermarkt.us/edu-exposito/profil/spieler/506248,edu-exposito,506248,La Liga,https://img.a.transfermarkt.technology/portrait/header/506248-1544776296.jpg?lm=1
Pol Lozano,25,RCD Espanyol Barcelona,Central Midfield,Midfield,Spain,€2.00m,https://www.transfermarkt.us/pol-lozano/profil/spieler/412045,pol-lozano,412045,La Liga,https://img.a.transfermarkt.technology/portrait/header/412045-1568028635.jpg?lm=1
Javi Puado,26,RCD Espanyol Barcelona,Left Winger,Attack,Spain,€8.00m,https://www.transfermarkt.us/javi-puado/profil/spieler/408471,javi-puado,408471,La Liga,https://img.a.transfermarkt.technology/portrait/header/408471-1698158226.jpg?lm=1
Naci Ünüvar,21,RCD Espanyol Barcelona,Left Winger,Attack,Türkiye,€2.50m,https://www.transfermarkt.us/naci-unuvar/profil/spieler/508639,naci-unuvar,508639,La Liga,https://img.a.transfermarkt.technology/portrait/header/508639-1694855282.jpg?lm=1
Pere Milla,32,RCD Espanyol Barcelona,Left Winger,Attack,Spain,€2.00m,https://www.transfermarkt.us/pere-milla/profil/spieler/225593,pere-milla,225593,La Liga,https://img.a.transfermarkt.technology/portrait/header/225593-1541151194.jpg?lm=1
Jofre Carreras,23,RCD Espanyol Barcelona,Right Winger,Attack,Spain,€2.50m,https://www.transfermarkt.us/jofre-carreras/profil/spieler/628498,jofre-carreras,628498,La Liga,https://img.a.transfermarkt.technology/portrait/header/628498-1701787554.jpg?lm=1
Salvi Sánchez,33,RCD Espanyol Barcelona,Right Winger,Attack,Spain,€1.20m,https://www.transfermarkt.us/salvi-sanchez/profil/spieler/246204,salvi-sanchez,246204,La Liga,https://img.a.transfermarkt.technology/portrait/header/246204-1601023429.jpg?lm=1
Antoniu Roca,22,RCD Espanyol Barcelona,Right Winger,Attack,Spain,€0.2m,https://www.transfermarkt.us/antoniu-roca/profil/spieler/834744,antoniu-roca,834744,La Liga,https://img.a.transfermarkt.technology/portrait/header/default.jpg?lm=1
Alejo Veliz,21,RCD Espanyol Barcelona,Centre-Forward,Attack,Argentina,€9.00m,https://www.transfermarkt.us/alejo-veliz/profil/spieler/888493,alejo-veliz,888493,La Liga,https://img.a.transfermarkt.technology/portrait/header/888493-1674736266.JPG?lm=1
Walid Cheddira,26,RCD Espanyol Barcelona,Centre-Forward,Attack,Morocco,€6.00m,https://www.transfermarkt.us/walid-cheddira/profil/spieler/521407,walid-cheddira,521407,La Liga,https://img.a.transfermarkt.technology/portrait/header/521407-1686124424.jpg?lm=1
Irvin Cardona,27,RCD Espanyol Barcelona,Centre-Forward,Attack,France,€2.50m,https://www.transfermarkt.us/irvin-cardona/profil/spieler/342226,irvin-cardona,342226,La Liga,https://img.a.transfermarkt.technology/portrait/header/342226-1723534120.jpg?lm=1
Omar Sadik,20,RCD Espanyol Barcelona,Centre-Forward,Attack,Morocco,€0.3m,https://www.transfermarkt.us/omar-sadik/profil/spieler/869458,omar-sadik,869458,La Liga,https://img.a.transfermarkt.technology/portrait/header/default.jpg?lm=1
Josep Martínez,26,Inter Milan,Goalkeeper,Goalkeeper,Spain,€12.00m,https://www.transfermarkt.us/josep-martinez/profil/spieler/388516,josep-martinez,388516,Serie A,https://img.a.transfermarkt.technology/portrait/header/388516-1686153132.jpg?lm=1
Yann Sommer,35,Inter Milan,Goalkeeper,Goalkeeper,Switzerland,€5.00m,https://www.transfermarkt.us/yann-sommer/profil/spieler/42205,yann-sommer,42205,Serie A,https://img.a.transfermarkt.technology/portrait/header/42205-1669897427.jpg?lm=1
Andrei Radu,27,Inter Milan,Goalkeeper,Goalkeeper,Romania,€1.50m,https://www.transfermarkt.us/andrei-radu/profil/spieler/303657,andrei-radu,303657,Serie A,https://img.a.transfermarkt.technology/portrait/header/303657-1699432718.jpg?lm=1
Raffaele Di Gennaro,31,Inter Milan,Goalkeeper,Goalkeeper,Italy,€0.3m,https://www.transfermarkt.us/raffaele-di-gennaro/profil/spieler/70580,raffaele-di-gennaro,70580,Serie A,https://img.a.transfermarkt.technology/portrait/header/70580-1692961707.jpg?lm=1
Alessandro Bastoni,25,Inter Milan,Centre-Back,Defender,Italy,€70.00m,https://www.transfermarkt.us/alessandro-bastoni/profil/spieler/315853,alessandro-bastoni,315853,Serie A,https://img.a.transfermarkt.technology/portrait/header/315853-1727024207.jpg?lm=1
Benjamin Pavard,28,Inter Milan,Centre-Back,Defender,France,€45.00m,https://www.transfermarkt.us/benjamin-pavard/profil/spieler/353366,benjamin-pavard,353366,Serie A,https://img.a.transfermarkt.technology/portrait/header/353366-1713819215.jpg?lm=1
Yann Bisseck,24,Inter Milan,Centre-Back,Defender,Germany,€25.00m,https://www.transfermarkt.us/yann-bisseck/profil/spieler/441986,yann-bisseck,441986,Serie A,https://img.a.transfermarkt.technology/portrait/header/441986-1687762536.jpg?lm=1
Stefan de Vrij,32,Inter Milan,Centre-Back,Defender,Netherlands,€7.00m,https://www.transfermarkt.us/stefan-de-vrij/profil/spieler/111196,stefan-de-vrij,111196,Serie A,https://img.a.transfermarkt.technology/portrait/header/111196-1663572651.jpg?lm=1
Tomás Palacios,21,Inter Milan,Centre-Back,Defender,Argentina,€6.00m,https://www.transfermarkt.us/tomas-palacios/profil/spieler/993645,tomas-palacios,993645,Serie A,https://img.a.transfermarkt.technology/portrait/header/993645-1724872197.jpeg?lm=1
Francesco Acerbi,36,Inter Milan,Centre-Back,Defender,Italy,€3.50m,https://www.transfermarkt.us/francesco-acerbi/profil/spieler/131075,francesco-acerbi,131075,Serie A,https://img.a.transfermarkt.technology/portrait/header/131075-1663572709.jpg?lm=1
Federico Dimarco,27,Inter Milan,Left-Back,Defender,Italy,€50.00m,https://www.transfermarkt.us/federico-dimarco/profil/spieler/198116,federico-dimarco,198116,Serie A,https://img.a.transfermarkt.technology/portrait/header/198116-1725531769.jpg?lm=1
Carlos Augusto,25,Inter Milan,Left-Back,Defender,Brazil,€22.00m,https://www.transfermarkt.us/carlos-augusto/profil/spieler/585982,carlos-augusto,585982,Serie A,https://img.a.transfermarkt.technology/portrait/header/585982-1725531744.jpg?lm=1
Denzel Dumfries,28,Inter Milan,Right-Back,Defender,Netherlands,€20.00m,https://www.transfermarkt.us/denzel-dumfries/profil/spieler/321528,denzel-dumfries,321528,Serie A,https://img.a.transfermarkt.technology/portrait/header/321528-1725532091.jpg?lm=1
Matteo Darmian,34,Inter Milan,Right-Back,Defender,Italy,€4.00m,https://www.transfermarkt.us/matteo-darmian/profil/spieler/54906,matteo-darmian,54906,Serie A,https://img.a.transfermarkt.technology/portrait/header/54906-1695027410.jpg?lm=1
Hakan Çalhanoğlu,30,Inter Milan,Defensive Midfield,Midfield,Türkiye,€45.00m,https://www.transfermarkt.us/hakan-calhanoglu/profil/spieler/126414,hakan-calhanoglu,126414,Serie A,https://img.a.transfermarkt.technology/portrait/header/126414-1709035146.jpg?lm=1
Kristjan Asllani,22,Inter Milan,Defensive Midfield,Midfield,Albania,€18.00m,https://www.transfermarkt.us/kristjan-asllani/profil/spieler/543771,kristjan-asllani,543771,Serie A,https://img.a.transfermarkt.technology/portrait/header/543771-1716969431.jpg?lm=1
Nicolò Barella,27,Inter Milan,Central Midfield,Midfield,Italy,€80.00m,https://www.transfermarkt.us/nicolo-barella/profil/spieler/255942,nicolo-barella,255942,Serie A,https://img.a.transfermarkt.technology/portrait/header/255942-1725531625.jpg?lm=1
Davide Frattesi,25,Inter Milan,Central Midfield,Midfield,Italy,€35.00m,https://www.transfermarkt.us/davide-frattesi/profil/spieler/394300,davide-frattesi,394300,Serie A,https://img.a.transfermarkt.technology/portrait/header/394300-1730126974.jpg?lm=1
Piotr Zieliński,30,Inter Milan,Central Midfield,Midfield,Poland,€22.00m,https://www.transfermarkt.us/piotr-zielinski/profil/spieler/181136,piotr-zielinski,181136,Serie A,https://img.a.transfermarkt.technology/portrait/header/181136-1692962961.jpg?lm=1
Henrikh Mkhitaryan,35,Inter Milan,Central Midfield,Midfield,Armenia,€6.00m,https://www.transfermarkt.us/henrikh-mkhitaryan/profil/spieler/55735,henrikh-mkhitaryan,55735,Serie A,https://img.a.transfermarkt.technology/portrait/header/55735-1664973670.jpg?lm=1
Tajon Buchanan,25,Inter Milan,Right Midfield,Midfield,Canada,€8.00m,https://www.transfermarkt.us/tajon-buchanan/profil/spieler/638793,tajon-buchanan,638793,Serie A,https://img.a.transfermarkt.technology/portrait/header/638793-1673727337.jpg?lm=1
Joaquín Correa,30,Inter Milan,Second Striker,Attack,Argentina,€3.00m,https://www.transfermarkt.us/joaquin-correa/profil/spieler/227081,joaquin-correa,227081,Serie A,https://img.a.transfermarkt.technology/portrait/header/227081-1724826843.jpg?lm=1
Lautaro Martínez,27,Inter Milan,Centre-Forward,Attack,Argentina,€110.00m,https://www.transfermarkt.us/lautaro-martinez/profil/spieler/406625,lautaro-martinez,406625,Serie A,https://img.a.transfermarkt.technology/portrait/header/406625-1695024988.jpg?lm=1
Marcus Thuram,27,Inter Milan,Centre-Forward,Attack,France,€65.00m,https://www.transfermarkt.us/marcus-thuram/profil/spieler/318528,marcus-thuram,318528,Serie A,https://img.a.transfermarkt.technology/portrait/header/318528-1662966601.jpg?lm=1
Mehdi Taremi,32,Inter Milan,Centre-Forward,Attack,Iran,€10.00m,https://www.transfermarkt.us/mehdi-taremi/profil/spieler/307058,mehdi-taremi,307058,Serie A,https://img.a.transfermarkt.technology/portrait/header/307058-1716551799.jpg?lm=1
Marko Arnautovic,35,Inter Milan,Centre-Forward,Attack,Austria,€4.00m,https://www.transfermarkt.us/marko-arnautovic/profil/spieler/41384,marko-arnautovic,41384,Serie A,https://img.a.transfermarkt.technology/portrait/header/41384-1716316175.jpg?lm=1
Mike Maignan,29,AC Milan,Goalkeeper,Goalkeeper,France,€38.00m,https://www.transfermarkt.us/mike-maignan/profil/spieler/182906,mike-maignan,182906,Serie A,https://img.a.transfermarkt.technology/portrait/header/182906-1681459155.jpg?lm=1
Marco Sportiello,32,AC Milan,Goalkeeper,Goalkeeper,Italy,€1.50m,https://www.transfermarkt.us/marco-sportiello/profil/spieler/199976,marco-sportiello,199976,Serie A,https://img.a.transfermarkt.technology/portrait/header/199976-1661351013.jpg?lm=1
Lorenzo Torriani,19,AC Milan,Goalkeeper,Goalkeeper,Italy,€0.5m,https://www.transfermarkt.us/lorenzo-torriani/profil/spieler/939745,lorenzo-torriani,939745,Serie A,https://img.a.transfermarkt.technology/portrait/header/939745-1730184012.jpg?lm=1
Fikayo Tomori,26,AC Milan,Centre-Back,Defender,England,€32.00m,https://www.transfermarkt.us/fikayo-tomori/profil/spieler/303254,fikayo-tomori,303254,Serie A,https://img.a.transfermarkt.technology/portrait/header/303254-1684856117.jpg?lm=1
Malick Thiaw,23,AC Milan,Centre-Back,Defender,Germany,€20.00m,https://www.transfermarkt.us/malick-thiaw/profil/spieler/521964,malick-thiaw,521964,Serie A,https://img.a.transfermarkt.technology/portrait/header/521964-1682063635.jpg?lm=1
Strahinja Pavlović,23,AC Milan,Centre-Back,Defender,Serbia,€20.00m,https://www.transfermarkt.us/strahinja-pavlovic/profil/spieler/574671,strahinja-pavlovic,574671,Serie A,https://img.a.transfermarkt.technology/portrait/header/574671-1692998611.png?lm=1
Matteo Gabbia,25,AC Milan,Centre-Back,Defender,Italy,€12.00m,https://www.transfermarkt.us/matteo-gabbia/profil/spieler/323167,matteo-gabbia,323167,Serie A,https://img.a.transfermarkt.technology/portrait/header/323167-1661351918.jpg?lm=1
Theo Hernández,27,AC Milan,Left-Back,Defender,France,€60.00m,https://www.transfermarkt.us/theo-hernandez/profil/spieler/339808,theo-hernandez,339808,Serie A,https://img.a.transfermarkt.technology/portrait/header/339808-1725532072.jpg?lm=1
Emerson Royal,25,AC Milan,Right-Back,Defender,Brazil,€18.00m,https://www.transfermarkt.us/emerson-royal/profil/spieler/476344,emerson-royal,476344,Serie A,https://img.a.transfermarkt.technology/portrait/header/476344-1665609182.jpg?lm=1
Davide Calabria,27,AC Milan,Right-Back,Defender,Italy,€10.00m,https://www.transfermarkt.us/davide-calabria/profil/spieler/262523,davide-calabria,262523,Serie A,https://img.a.transfermarkt.technology/portrait/header/262523-1684856316.jpg?lm=1
Filippo Terracciano,21,AC Milan,Right-Back,Defender,Italy,€4.50m,https://www.transfermarkt.us/filippo-terracciano/profil/spieler/631007,filippo-terracciano,631007,Serie A,https://img.a.transfermarkt.technology/portrait/header/631007-1663671440.jpg?lm=1
Álex Jiménez,19,AC Milan,Right-Back,Defender,Spain,€4.00m,https://www.transfermarkt.us/alex-jimenez/profil/spieler/741257,alex-jimenez,741257,Serie A,https://img.a.transfermarkt.technology/portrait/header/741257-1730123049.jpg?lm=1
Alessandro Florenzi,33,AC Milan,Right-Back,Defender,Italy,€2.00m,https://www.transfermarkt.us/alessandro-florenzi/profil/spieler/130365,alessandro-florenzi,130365,Serie A,https://img.a.transfermarkt.technology/portrait/header/130365-1663574873.jpg?lm=1
Youssouf Fofana,25,AC Milan,Defensive Midfield,Midfield,France,€30.00m,https://www.transfermarkt.us/youssouf-fofana/profil/spieler/569598,youssouf-fofana,569598,Serie A,https://img.a.transfermarkt.technology/portrait/header/569598-1725528517.jpg?lm=1
Ismaël Bennacer,26,AC Milan,Defensive Midfield,Midfield,Algeria,€18.00m,https://www.transfermarkt.us/ismael-bennacer/profil/spieler/351816,ismael-bennacer,351816,Serie A,https://img.a.transfermarkt.technology/portrait/header/351816-1663575089.jpg?lm=1
Tijjani Reijnders,26,AC Milan,Central Midfield,Midfield,Netherlands,€30.00m,https://www.transfermarkt.us/tijjani-reijnders/profil/spieler/460939,tijjani-reijnders,460939,Serie A,https://img.a.transfermarkt.technology/portrait/header/460939-1676466080.jpg?lm=1
Ruben Loftus-Cheek,28,AC Milan,Central Midfield,Midfield,England,€25.00m,https://www.transfermarkt.us/ruben-loftus-cheek/profil/spieler/202886,ruben-loftus-cheek,202886,Serie A,https://img.a.transfermarkt.technology/portrait/header/202886-1692879593.jpg?lm=1
Yunus Musah,22,AC Milan,Central Midfield,Midfield,United States,€22.00m,https://www.transfermarkt.us/yunus-musah/profil/spieler/503991,yunus-musah,503991,Serie A,https://img.a.transfermarkt.technology/portrait/header/503991-1684913655.jpg?lm=1
Kevin Zeroli,19,AC Milan,Central Midfield,Midfield,Italy,€3.50m,https://www.transfermarkt.us/kevin-zeroli/profil/spieler/883349,kevin-zeroli,883349,Serie A,https://img.a.transfermarkt.technology/portrait/header/883349-1696430935.jpg?lm=1
Rafael Leão,25,AC Milan,Left Winger,Attack,Portugal,€75.00m,https://www.transfermarkt.us/rafael-leao/profil/spieler/357164,rafael-leao,357164,Serie A,https://img.a.transfermarkt.technology/portrait/header/357164-1730126553.jpg?lm=1
Noah Okafor,24,AC Milan,Left Winger,Attack,Switzerland,€20.00m,https://www.transfermarkt.us/noah-okafor/profil/spieler/346890,noah-okafor,346890,Serie A,https://img.a.transfermarkt.technology/portrait/header/346890-1692879855.jpg?lm=1
Christian Pulisic,26,AC Milan,Right Winger,Attack,United States,€50.00m,https://www.transfermarkt.us/christian-pulisic/profil/spieler/315779,christian-pulisic,315779,Serie A,https://img.a.transfermarkt.technology/portrait/header/315779-1691696699.jpg?lm=1
Samuel Chukwueze,25,AC Milan,Right Winger,Attack,Nigeria,€20.00m,https://www.transfermarkt.us/samuel-chukwueze/profil/spieler/401922,samuel-chukwueze,401922,Serie A,https://img.a.transfermarkt.technology/portrait/header/401922-1692277617.jpg?lm=1
Tammy Abraham,27,AC Milan,Centre-Forward,Attack,England,€25.00m,https://www.transfermarkt.us/tammy-abraham/profil/spieler/331726,tammy-abraham,331726,Serie A,https://img.a.transfermarkt.technology/portrait/header/331726-1725531680.jpg?lm=1
Álvaro Morata,32,AC Milan,Centre-Forward,Attack,Spain,€16.00m,https://www.transfermarkt.us/alvaro-morata/profil/spieler/128223,alvaro-morata,128223,Serie A,https://img.a.transfermarkt.technology/portrait/header/128223-1719989301.jpg?lm=1
Luka Jović,26,AC Milan,Centre-Forward,Attack,Serbia,€5.00m,https://www.transfermarkt.us/luka-jovic/profil/spieler/257462,luka-jovic,257462,Serie A,https://img.a.transfermarkt.technology/portrait/header/257462-1657519856.jpg?lm=1
Michele Di Gregorio,27,Juventus FC,Goalkeeper,Goalkeeper,Italy,€18.00m,https://www.transfermarkt.us/michele-di-gregorio/profil/spieler/301238,michele-di-gregorio,301238,Serie A,https://img.a.transfermarkt.technology/portrait/header/301238-1730125609.jpg?lm=1
Mattia Perin,32,Juventus FC,Goalkeeper,Goalkeeper,Italy,€3.00m,https://www.transfermarkt.us/mattia-perin/profil/spieler/110923,mattia-perin,110923,Serie A,https://img.a.transfermarkt.technology/portrait/header/110923-1695107834.jpg?lm=1
Carlo Pinsoglio,34,Juventus FC,Goalkeeper,Goalkeeper,Italy,€0.2m,https://www.transfermarkt.us/carlo-pinsoglio/profil/spieler/75411,carlo-pinsoglio,75411,Serie A,https://img.a.transfermarkt.technology/portrait/header/75411-1663577377.jpg?lm=1
Bremer,27,Juventus FC,Centre-Back,Defender,Brazil,€60.00m,https://www.transfermarkt.us/bremer/profil/spieler/516716,bremer,516716,Serie A,https://img.a.transfermarkt.technology/portrait/header/516716-1725531520.jpg?lm=1
Federico Gatti,26,Juventus FC,Centre-Back,Defender,Italy,€25.00m,https://www.transfermarkt.us/federico-gatti/profil/spieler/509022,federico-gatti,509022,Serie A,https://img.a.transfermarkt.technology/portrait/header/509022-1725531068.jpg?lm=1
Pierre Kalulu,24,Juventus FC,Centre-Back,Defender,France,€20.00m,https://www.transfermarkt.us/pierre-kalulu/profil/spieler/585949,pierre-kalulu,585949,Serie A,https://img.a.transfermarkt.technology/portrait/header/585949-1684854558.jpg?lm=1
Danilo,33,Juventus FC,Centre-Back,Defender,Brazil,€7.00m,https://www.transfermarkt.us/danilo/profil/spieler/145707,danilo,145707,Serie A,https://img.a.transfermarkt.technology/portrait/header/145707-1663577215.jpg?lm=1
Andrea Cambiaso,24,Juventus FC,Left-Back,Defender,Italy,€30.00m,https://www.transfermarkt.us/andrea-cambiaso/profil/spieler/459658,andrea-cambiaso,459658,Serie A,https://img.a.transfermarkt.technology/portrait/header/459658-1662127057.jpg?lm=1
Juan Cabal,23,Juventus FC,Left-Back,Defender,Colombia,€9.00m,https://www.transfermarkt.us/juan-cabal/profil/spieler/686965,juan-cabal,686965,Serie A,https://img.a.transfermarkt.technology/portrait/header/686965-1692964112.jpg?lm=1
Jonas Rouhi,20,Juventus FC,Left-Back,Defender,Sweden,€2.00m,https://www.transfermarkt.us/jonas-rouhi/profil/spieler/741090,jonas-rouhi,741090,Serie A,https://img.a.transfermarkt.technology/portrait/header/741090-1655243837.jpg?lm=1
Nicolò Savona,21,Juventus FC,Right-Back,Defender,Italy,€7.00m,https://www.transfermarkt.us/nicolo-savona/profil/spieler/708072,nicolo-savona,708072,Serie A,https://img.a.transfermarkt.technology/portrait/header/708072-1730125797.jpg?lm=1
Manuel Locatelli,26,Juventus FC,Defensive Midfield,Midfield,Italy,€28.00m,https://www.transfermarkt.us/manuel-locatelli/profil/spieler/265088,manuel-locatelli,265088,Serie A,https://img.a.transfermarkt.technology/portrait/header/265088-1730125083.jpg?lm=1
Arthur Melo,28,Juventus FC,Defensive Midfield,Midfield,Brazil,€8.00m,https://www.transfermarkt.us/arthur-melo/profil/spieler/362842,arthur-melo,362842,Serie A,https://img.a.transfermarkt.technology/portrait/header/362842-1692880101.jpg?lm=1
Douglas Luiz,26,Juventus FC,Central Midfield,Midfield,Brazil,€55.00m,https://www.transfermarkt.us/douglas-luiz/profil/spieler/447661,douglas-luiz,447661,Serie A,https://img.a.transfermarkt.technology/portrait/header/447661-1696598670.jpg?lm=1
Khéphren Thuram,23,Juventus FC,Central Midfield,Midfield,France,€35.00m,https://www.transfermarkt.us/khephren-thuram/profil/spieler/463618,khephren-thuram,463618,Serie A,https://img.a.transfermarkt.technology/portrait/header/463618-1683889273.jpg?lm=1
Weston McKennie,26,Juventus FC,Central Midfield,Midfield,United States,€24.00m,https://www.transfermarkt.us/weston-mckennie/profil/spieler/332697,weston-mckennie,332697,Serie A,https://img.a.transfermarkt.technology/portrait/header/332697-1642687384.jpg?lm=1
Nicolò Fagioli,23,Juventus FC,Central Midfield,Midfield,Italy,€20.00m,https://www.transfermarkt.us/nicolo-fagioli/profil/spieler/432090,nicolo-fagioli,432090,Serie A,https://img.a.transfermarkt.technology/portrait/header/432090-1695025310.jpg?lm=1
Teun Koopmeiners,26,Juventus FC,Attacking Midfield,Midfield,Netherlands,€55.00m,https://www.transfermarkt.us/teun-koopmeiners/profil/spieler/360518,teun-koopmeiners,360518,Serie A,https://img.a.transfermarkt.technology/portrait/header/360518-1707302998.jpg?lm=1
Vasilije Adžić,18,Juventus FC,Attacking Midfield,Midfield,Montenegro,€2.00m,https://www.transfermarkt.us/vasilije-adzic/profil/spieler/944570,vasilije-adzic,944570,Serie A,https://img.a.transfermarkt.technology/portrait/header/944570-1730123395.jpg?lm=1
Kenan Yıldız,19,Juventus FC,Left Winger,Attack,Türkiye,€40.00m,https://www.transfermarkt.us/kenan-yildiz/profil/spieler/845654,kenan-yildiz,845654,Serie A,https://img.a.transfermarkt.technology/portrait/header/845654-1700467996.png?lm=1
Samuel Mbangula,20,Juventus FC,Left Winger,Attack,Belgium,€8.00m,https://www.transfermarkt.us/samuel-mbangula/profil/spieler/654991,samuel-mbangula,654991,Serie A,https://img.a.transfermarkt.technology/portrait/header/654991-1672604946.jpg?lm=1
Nico González,26,Juventus FC,Right Winger,Attack,Argentina,€35.00m,https://www.transfermarkt.us/nico-gonzalez/profil/spieler/486031,nico-gonzalez,486031,Serie A,https://img.a.transfermarkt.technology/portrait/header/486031-1673442459.jpg?lm=1
Francisco Conceição,21,Juventus FC,Right Winger,Attack,Portugal,€22.00m,https://www.transfermarkt.us/francisco-conceicao/profil/spieler/487474,francisco-conceicao,487474,Serie A,https://img.a.transfermarkt.technology/portrait/header/487474-1713948689.png?lm=1
Timothy Weah,24,Juventus FC,Right Winger,Attack,United States,€12.00m,https://www.transfermarkt.us/timothy-weah/profil/spieler/370846,timothy-weah,370846,Serie A,https://img.a.transfermarkt.technology/portrait/header/370846-1692277669.jpg?lm=1
Dušan Vlahović,24,Juventus FC,Centre-Forward,Attack,Serbia,€65.00m,https://www.transfermarkt.us/dusan-vlahovic/profil/spieler/357498,dusan-vlahovic,357498,Serie A,https://img.a.transfermarkt.technology/portrait/header/357498-1683293071.jpg?lm=1
Arkadiusz Milik,30,Juventus FC,Centre-Forward,Attack,Poland,€4.00m,https://www.transfermarkt.us/arkadiusz-milik/profil/spieler/191891,arkadiusz-milik,191891,Serie A,https://img.a.transfermarkt.technology/portrait/header/191891-1661518258.jpg?lm=1
Marco Carnesecchi,24,Atalanta BC,Goalkeeper,Goalkeeper,Italy,€16.00m,https://www.transfermarkt.us/marco-carnesecchi/profil/spieler/459763,marco-carnesecchi,459763,Serie A,https://img.a.transfermarkt.technology/portrait/header/459763-1695027944.jpg?lm=1
Rui Patrício,36,Atalanta BC,Goalkeeper,Goalkeeper,Portugal,€1.00m,https://www.transfermarkt.us/rui-patricio/profil/spieler/45026,rui-patricio,45026,Serie A,https://img.a.transfermarkt.technology/portrait/header/45026-1716296132.jpg?lm=1
Francesco Rossi,33,Atalanta BC,Goalkeeper,Goalkeeper,Italy,€0.1m,https://www.transfermarkt.us/francesco-rossi/profil/spieler/126634,francesco-rossi,126634,Serie A,https://img.a.transfermarkt.technology/portrait/header/126634-1644234341.jpg?lm=1
Giorgio Scalvini,20,Atalanta BC,Centre-Back,Defender,Italy,€45.00m,https://www.transfermarkt.us/giorgio-scalvini/profil/spieler/571604,giorgio-scalvini,571604,Serie A,https://img.a.transfermarkt.technology/portrait/header/571604-1701860841.jpg?lm=1
Odilon Kossounou,23,Atalanta BC,Centre-Back,Defender,Cote d'Ivoire,€30.00m,https://www.transfermarkt.us/odilon-kossounou/profil/spieler/644771,odilon-kossounou,644771,Serie A,https://img.a.transfermarkt.technology/portrait/header/644771-1730183693.jpg?lm=1
Isak Hien,25,Atalanta BC,Centre-Back,Defender,Sweden,€20.00m,https://www.transfermarkt.us/isak-hien/profil/spieler/503075,isak-hien,503075,Serie A,https://img.a.transfermarkt.technology/portrait/header/503075-1725531359.jpg?lm=1
Ben Godfrey,26,Atalanta BC,Centre-Back,Defender,England,€10.00m,https://www.transfermarkt.us/ben-godfrey/profil/spieler/343475,ben-godfrey,343475,Serie A,https://img.a.transfermarkt.technology/portrait/header/343475-1700739275.jpg?lm=1
Berat Djimsiti,31,Atalanta BC,Centre-Back,Defender,Albania,€10.00m,https://www.transfermarkt.us/berat-djimsiti/profil/spieler/165513,berat-djimsiti,165513,Serie A,https://img.a.transfermarkt.technology/portrait/header/165513-1718627443.jpg?lm=1
Sead Kolasinac,31,Atalanta BC,Centre-Back,Defender,Bosnia-Herzegovina,€10.00m,https://www.transfermarkt.us/sead-kolasinac/profil/spieler/94005,sead-kolasinac,94005,Serie A,https://img.a.transfermarkt.technology/portrait/header/94005-1666815100.jpg?lm=1
Rafael Tolói,34,Atalanta BC,Centre-Back,Defender,Italy,€2.50m,https://www.transfermarkt.us/rafael-toloi/profil/spieler/72441,rafael-toloi,72441,Serie A,https://img.a.transfermarkt.technology/portrait/header/72441-1663583172.jpg?lm=1
Brandon Soppy,22,Atalanta BC,Right-Back,Defender,France,€2.00m,https://www.transfermarkt.us/brandon-soppy/profil/spieler/546880,brandon-soppy,546880,Serie A,https://img.a.transfermarkt.technology/portrait/header/546880-1629979523.jpg?lm=1
Marten de Roon,33,Atalanta BC,Defensive Midfield,Midfield,Netherlands,€7.00m,https://www.transfermarkt.us/marten-de-roon/profil/spieler/133179,marten-de-roon,133179,Serie A,https://img.a.transfermarkt.technology/portrait/header/133179-1663582942.jpg?lm=1
Ibrahim Sulemana,21,Atalanta BC,Defensive Midfield,Midfield,Ghana,€6.00m,https://www.transfermarkt.us/ibrahim-sulemana/profil/spieler/982267,ibrahim-sulemana,982267,Serie A,https://img.a.transfermarkt.technology/portrait/header/982267-1695033715.jpg?lm=1
Éderson,25,Atalanta BC,Central Midfield,Midfield,Brazil,€40.00m,https://www.transfermarkt.us/ederson/profil/spieler/607854,ederson,607854,Serie A,https://img.a.transfermarkt.technology/portrait/header/607854-1646648856.jpg?lm=1
Lazar Samardžić,22,Atalanta BC,Central Midfield,Midfield,Serbia,€20.00m,https://www.transfermarkt.us/lazar-samardzic/profil/spieler/528833,lazar-samardzic,528833,Serie A,https://img.a.transfermarkt.technology/portrait/header/528833-1677073457.jpg?lm=1
Mario Pasalic,29,Atalanta BC,Central Midfield,Midfield,Croatia,€13.00m,https://www.transfermarkt.us/mario-pasalic/profil/spieler/205938,mario-pasalic,205938,Serie A,https://img.a.transfermarkt.technology/portrait/header/205938-1716240830.jpg?lm=1
Marco Brescianini,24,Atalanta BC,Central Midfield,Midfield,Italy,€8.00m,https://www.transfermarkt.us/marco-brescianini/profil/spieler/459128,marco-brescianini,459128,Serie A,https://img.a.transfermarkt.technology/portrait/header/459128-1730183739.jpg?lm=1
Raoul Bellanova,24,Atalanta BC,Right Midfield,Midfield,Italy,€20.00m,https://www.transfermarkt.us/raoul-bellanova/profil/spieler/357992,raoul-bellanova,357992,Serie A,https://img.a.transfermarkt.technology/portrait/header/357992-1695028689.jpg?lm=1
Davide Zappacosta,32,Atalanta BC,Right Midfield,Midfield,Italy,€6.00m,https://www.transfermarkt.us/davide-zappacosta/profil/spieler/173859,davide-zappacosta,173859,Serie A,https://img.a.transfermarkt.technology/portrait/header/173859-1661268432.jpg?lm=1
Marco Palestra,19,Atalanta BC,Right Midfield,Midfield,Italy,€3.00m,https://www.transfermarkt.us/marco-palestra/profil/spieler/895937,marco-palestra,895937,Serie A,https://img.a.transfermarkt.technology/portrait/header/895937-1704902310.jpg?lm=1
Juan Cuadrado,36,Atalanta BC,Right Midfield,Midfield,Colombia,€1.00m,https://www.transfermarkt.us/juan-cuadrado/profil/spieler/91970,juan-cuadrado,91970,Serie A,https://img.a.transfermarkt.technology/portrait/header/91970-1663576912.jpg?lm=1
Matteo Ruggeri,22,Atalanta BC,Left Midfield,Midfield,Italy,€20.00m,https://www.transfermarkt.us/matteo-ruggeri/profil/spieler/616631,matteo-ruggeri,616631,Serie A,https://img.a.transfermarkt.technology/portrait/header/616631-1695028258.jpg?lm=1
Charles De Ketelaere,23,Atalanta BC,Attacking Midfield,Midfield,Belgium,€34.00m,https://www.transfermarkt.us/charles-de-ketelaere/profil/spieler/435772,charles-de-ketelaere,435772,Serie A,https://img.a.transfermarkt.technology/portrait/header/435772-1659601388.jpg?lm=1
Nicolò Zaniolo,25,Atalanta BC,Attacking Midfield,Midfield,Italy,€20.00m,https://www.transfermarkt.us/nicolo-zaniolo/profil/spieler/392085,nicolo-zaniolo,392085,Serie A,https://img.a.transfermarkt.technology/portrait/header/392085-1713472570.jpg?lm=1
Ademola Lookman,27,Atalanta BC,Second Striker,Attack,Nigeria,€40.00m,https://www.transfermarkt.us/ademola-lookman/profil/spieler/406040,ademola-lookman,406040,Serie A,https://img.a.transfermarkt.technology/portrait/header/406040-1682076571.jpg?lm=1
Gianluca Scamacca,25,Atalanta BC,Centre-Forward,Attack,Italy,€35.00m,https://www.transfermarkt.us/gianluca-scamacca/profil/spieler/315867,gianluca-scamacca,315867,Serie A,https://img.a.transfermarkt.technology/portrait/header/315867-1659354755.jpg?lm=1
Mateo Retegui,25,Atalanta BC,Centre-Forward,Attack,Italy,€28.00m,https://www.transfermarkt.us/mateo-retegui/profil/spieler/554903,mateo-retegui,554903,Serie A,https://img.a.transfermarkt.technology/portrait/header/554903-1681311414.jpg?lm=1
Lukasz Skorupski,33,Bologna FC 1909,Goalkeeper,Goalkeeper,Poland,€3.50m,https://www.transfermarkt.us/lukasz-skorupski/profil/spieler/80894,lukasz-skorupski,80894,Serie A,https://img.a.transfermarkt.technology/portrait/header/80894-1724827036.jpg?lm=1
Federico Ravaglia,25,Bologna FC 1909,Goalkeeper,Goalkeeper,Italy,€1.00m,https://www.transfermarkt.us/federico-ravaglia/profil/spieler/390304,federico-ravaglia,390304,Serie A,https://img.a.transfermarkt.technology/portrait/header/390304-1701253429.jpg?lm=1
Nicola Bagnolini,20,Bologna FC 1909,Goalkeeper,Goalkeeper,Italy,€0.2m,https://www.transfermarkt.us/nicola-bagnolini/profil/spieler/818892,nicola-bagnolini,818892,Serie A,https://img.a.transfermarkt.technology/portrait/header/818892-1673251900.jpg?lm=1
Sam Beukema,26,Bologna FC 1909,Centre-Back,Defender,Netherlands,€18.00m,https://www.transfermarkt.us/sam-beukema/profil/spieler/433984,sam-beukema,433984,Serie A,https://img.a.transfermarkt.technology/portrait/header/433984-1696837343.jpg?lm=1
Jhon Lucumí,26,Bologna FC 1909,Centre-Back,Defender,Colombia,€17.00m,https://www.transfermarkt.us/jhon-lucumi/profil/spieler/413565,jhon-lucumi,413565,Serie A,https://img.a.transfermarkt.technology/portrait/header/413565-1663657119.jpg?lm=1
Nicolò Casale,26,Bologna FC 1909,Centre-Back,Defender,Italy,€8.00m,https://www.transfermarkt.us/nicolo-casale/profil/spieler/389837,nicolo-casale,389837,Serie A,https://img.a.transfermarkt.technology/portrait/header/389837-1695026993.jpg?lm=1
Martin Erlić,26,Bologna FC 1909,Centre-Back,Defender,Croatia,€5.00m,https://www.transfermarkt.us/martin-erlic/profil/spieler/357003,martin-erlic,357003,Serie A,https://img.a.transfermarkt.technology/portrait/header/357003-1692882873.jpg?lm=1
Juan Miranda,24,Bologna FC 1909,Left-Back,Defender,Spain,€9.00m,https://www.transfermarkt.us/juan-miranda/profil/spieler/341227,juan-miranda,341227,Serie A,https://img.a.transfermarkt.technology/portrait/header/341227-1689338510.jpg?lm=1
Tommaso Corazza,20,Bologna FC 1909,Left-Back,Defender,Italy,€1.00m,https://www.transfermarkt.us/tommaso-corazza/profil/spieler/818880,tommaso-corazza,818880,Serie A,https://img.a.transfermarkt.technology/portrait/header/818880-1692278831.jpg?lm=1
Charalampos Lykogiannis,31,Bologna FC 1909,Left-Back,Defender,Greece,€1.00m,https://www.transfermarkt.us/charalampos-lykogiannis/profil/spieler/136514,charalampos-lykogiannis,136514,Serie A,https://img.a.transfermarkt.technology/portrait/header/136514-1663656826.jpg?lm=1
Stefan Posch,27,Bologna FC 1909,Right-Back,Defender,Austria,€14.00m,https://www.transfermarkt.us/stefan-posch/profil/spieler/223974,stefan-posch,223974,Serie A,https://img.a.transfermarkt.technology/portrait/header/223974-1725531246.jpg?lm=1
Emil Holm,24,Bologna FC 1909,Right-Back,Defender,Sweden,€8.50m,https://www.transfermarkt.us/emil-holm/profil/spieler/496745,emil-holm,496745,Serie A,https://img.a.transfermarkt.technology/portrait/header/496745-1688450376.jpg?lm=1
Lorenzo De Silvestri,36,Bologna FC 1909,Right-Back,Defender,Italy,€0.4m,https://www.transfermarkt.us/lorenzo-de-silvestri/profil/spieler/33571,lorenzo-de-silvestri,33571,Serie A,https://img.a.transfermarkt.technology/portrait/header/33571-1595929290.jpg?lm=1
Nikola Moro,26,Bologna FC 1909,Defensive Midfield,Midfield,Croatia,€5.00m,https://www.transfermarkt.us/nikola-moro/profil/spieler/316934,nikola-moro,316934,Serie A,https://img.a.transfermarkt.technology/portrait/header/316934-1692964241.jpg?lm=1
Oussama El Azzouzi,23,Bologna FC 1909,Defensive Midfield,Midfield,Morocco,€2.50m,https://www.transfermarkt.us/oussama-el-azzouzi/profil/spieler/531065,oussama-el-azzouzi,531065,Serie A,https://img.a.transfermarkt.technology/portrait/header/531065-1707127581.jpg?lm=1
Michel Aebischer,27,Bologna FC 1909,Central Midfield,Midfield,Switzerland,€11.00m,https://www.transfermarkt.us/michel-aebischer/profil/spieler/237658,michel-aebischer,237658,Serie A,https://img.a.transfermarkt.technology/portrait/header/237658-1669289063.jpg?lm=1
Tommaso Pobega,25,Bologna FC 1909,Central Midfield,Midfield,Italy,€10.00m,https://www.transfermarkt.us/tommaso-pobega/profil/spieler/392538,tommaso-pobega,392538,Serie A,https://img.a.transfermarkt.technology/portrait/header/392538-1661767249.jpg?lm=1
Kacper Urbanski,20,Bologna FC 1909,Central Midfield,Midfield,Poland,€7.00m,https://www.transfermarkt.us/kacper-urbanski/profil/spieler/699442,kacper-urbanski,699442,Serie A,https://img.a.transfermarkt.technology/portrait/header/699442-1696837702.jpg?lm=1
Remo Freuler,32,Bologna FC 1909,Central Midfield,Midfield,Switzerland,€6.50m,https://www.transfermarkt.us/remo-freuler/profil/spieler/148252,remo-freuler,148252,Serie A,https://img.a.transfermarkt.technology/portrait/header/148252-1688044464.jpg?lm=1
Niklas Pyyhtiä,21,Bologna FC 1909,Central Midfield,Midfield,Finland,€1.20m,https://www.transfermarkt.us/niklas-pyyhtia/profil/spieler/679754,niklas-pyyhtia,679754,Serie A,https://img.a.transfermarkt.technology/portrait/header/679754-1623140437.jpg?lm=1
Lewis Ferguson,25,Bologna FC 1909,Attacking Midfield,Midfield,Scotland,€24.00m,https://www.transfermarkt.us/lewis-ferguson/profil/spieler/428563,lewis-ferguson,428563,Serie A,https://img.a.transfermarkt.technology/portrait/header/428563-1663656344.jpg?lm=1
Giovanni Fabbian,21,Bologna FC 1909,Attacking Midfield,Midfield,Italy,€14.00m,https://www.transfermarkt.us/giovanni-fabbian/profil/spieler/633668,giovanni-fabbian,633668,Serie A,https://img.a.transfermarkt.technology/portrait/header/633668-1695027735.jpg?lm=1
Samuel Iling-Junior,21,Bologna FC 1909,Left Winger,Attack,England,€13.00m,https://www.transfermarkt.us/samuel-iling-junior/profil/spieler/581672,samuel-iling-junior,581672,Serie A,https://img.a.transfermarkt.technology/portrait/header/581672-1730183382.jpg?lm=1
Jesper Karlsson,26,Bologna FC 1909,Left Winger,Attack,Sweden,€8.00m,https://www.transfermarkt.us/jesper-karlsson/profil/spieler/367992,jesper-karlsson,367992,Serie A,https://img.a.transfermarkt.technology/portrait/header/367992-1676466550.jpg?lm=1
Benja Domínguez,21,Bologna FC 1909,Left Winger,Attack,Argentina,€5.50m,https://www.transfermarkt.us/benja-dominguez/profil/spieler/961022,benja-dominguez,961022,Serie A,https://img.a.transfermarkt.technology/portrait/header/961022-1699913374.jpg?lm=1
Dan Ndoye,24,Bologna FC 1909,Right Winger,Attack,Switzerland,€22.00m,https://www.transfermarkt.us/dan-ndoye/profil/spieler/365108,dan-ndoye,365108,Serie A,https://img.a.transfermarkt.technology/portrait/header/365108-1718218474.jpg?lm=1
Riccardo Orsolini,27,Bologna FC 1909,Right Winger,Attack,Italy,€16.00m,https://www.transfermarkt.us/riccardo-orsolini/profil/spieler/368482,riccardo-orsolini,368482,Serie A,https://img.a.transfermarkt.technology/portrait/header/368482-1724827463.jpg?lm=1
Nicolò Cambiaghi,23,Bologna FC 1909,Second Striker,Attack,Italy,€7.00m,https://www.transfermarkt.us/nicolo-cambiaghi/profil/spieler/459151,nicolo-cambiaghi,459151,Serie A,https://img.a.transfermarkt.technology/portrait/header/459151-1695031545.jpg?lm=1
Santiago Castro,20,Bologna FC 1909,Centre-Forward,Attack,Argentina,€18.00m,https://www.transfermarkt.us/santiago-castro/profil/spieler/849520,santiago-castro,849520,Serie A,https://img.a.transfermarkt.technology/portrait/header/849520-1724827267.jpg?lm=1
Thijs Dallinga,24,Bologna FC 1909,Centre-Forward,Attack,Netherlands,€15.00m,https://www.transfermarkt.us/thijs-dallinga/profil/spieler/538964,thijs-dallinga,538964,Serie A,https://img.a.transfermarkt.technology/portrait/header/538964-1682946635.jpg?lm=1
Jens Odgaard,25,Bologna FC 1909,Centre-Forward,Attack,Denmark,€4.50m,https://www.transfermarkt.us/jens-odgaard/profil/spieler/345590,jens-odgaard,345590,Serie A,https://img.a.transfermarkt.technology/portrait/header/345590-1706697621.jpg?lm=1
Mile Svilar,25,AS Roma,Goalkeeper,Goalkeeper,Serbia,€14.00m,https://www.transfermarkt.us/mile-svilar/profil/spieler/338670,mile-svilar,338670,Serie A,https://img.a.transfermarkt.technology/portrait/header/338670-1725532174.jpg?lm=1
Mathew Ryan,32,AS Roma,Goalkeeper,Goalkeeper,Australia,€3.50m,https://www.transfermarkt.us/mathew-ryan/profil/spieler/128969,mathew-ryan,128969,Serie A,https://img.a.transfermarkt.technology/portrait/header/128969-1699801002.jpg?lm=1
Renato Marin,18,AS Roma,Goalkeeper,Goalkeeper,Italy,€0.5m,https://www.transfermarkt.us/renato-marin/profil/spieler/1041614,renato-marin,1041614,Serie A,https://img.a.transfermarkt.technology/portrait/header/1041614-1730123074.jpg?lm=1
Evan Ndicka,25,AS Roma,Centre-Back,Defender,Cote d'Ivoire,€25.00m,https://www.transfermarkt.us/evan-ndicka/profil/spieler/371149,evan-ndicka,371149,Serie A,https://img.a.transfermarkt.technology/portrait/header/371149-1663064716.jpg?lm=1
Gianluca Mancini,28,AS Roma,Centre-Back,Defender,Italy,€25.00m,https://www.transfermarkt.us/gianluca-mancini/profil/spieler/256448,gianluca-mancini,256448,Serie A,https://img.a.transfermarkt.technology/portrait/header/256448-1663581060.jpg?lm=1
Mario Hermoso,29,AS Roma,Centre-Back,Defender,Spain,€18.00m,https://www.transfermarkt.us/mario-hermoso/profil/spieler/281769,mario-hermoso,281769,Serie A,https://img.a.transfermarkt.technology/portrait/header/281769-1666818938.jpg?lm=1
Mats Hummels,35,AS Roma,Centre-Back,Defender,Germany,€5.00m,https://www.transfermarkt.us/mats-hummels/profil/spieler/39728,mats-hummels,39728,Serie A,https://img.a.transfermarkt.technology/portrait/header/39728-1709560545.jpg?lm=1
Angeliño,27,AS Roma,Left-Back,Defender,Spain,€8.00m,https://www.transfermarkt.us/angelino/profil/spieler/277179,angelino,277179,Serie A,https://img.a.transfermarkt.technology/portrait/header/277179-1706626191.jpg?lm=1
Samuel Dahl,21,AS Roma,Left-Back,Defender,Sweden,€4.00m,https://www.transfermarkt.us/samuel-dahl/profil/spieler/605396,samuel-dahl,605396,Serie A,https://img.a.transfermarkt.technology/portrait/header/605396-1730183539.jpg?lm=1
Zeki Çelik,27,AS Roma,Right-Back,Defender,Türkiye,€6.00m,https://www.transfermarkt.us/zeki-celik/profil/spieler/251075,zeki-celik,251075,Serie A,https://img.a.transfermarkt.technology/portrait/header/251075-1725530746.jpg?lm=1
Saud Abdulhamid,25,AS Roma,Right-Back,Defender,Saudi Arabia,€4.00m,https://www.transfermarkt.us/saud-abdulhamid/profil/spieler/631927,saud-abdulhamid,631927,Serie A,https://img.a.transfermarkt.technology/portrait/header/631927-1730124451.jpg?lm=1
Buba Sangaré,17,AS Roma,Right-Back,Defender,Spain,€1.00m,https://www.transfermarkt.us/buba-sangare/profil/spieler/962125,buba-sangare,962125,Serie A,https://img.a.transfermarkt.technology/portrait/header/962125-1724229043.jpg?lm=1
Bryan Cristante,29,AS Roma,Defensive Midfield,Midfield,Italy,€20.00m,https://www.transfermarkt.us/bryan-cristante/profil/spieler/199248,bryan-cristante,199248,Serie A,https://img.a.transfermarkt.technology/portrait/header/199248-1724827920.jpg?lm=1
Leandro Paredes,30,AS Roma,Defensive Midfield,Midfield,Argentina,€8.00m,https://www.transfermarkt.us/leandro-paredes/profil/spieler/166237,leandro-paredes,166237,Serie A,https://img.a.transfermarkt.technology/portrait/header/166237-1692881087.jpg?lm=1
Manu Koné,23,AS Roma,Central Midfield,Midfield,France,€20.00m,https://www.transfermarkt.us/manu-kone/profil/spieler/624690,manu-kone,624690,Serie A,https://img.a.transfermarkt.technology/portrait/header/624690-1691248968.jpg?lm=1
Enzo Le Fée,24,AS Roma,Central Midfield,Midfield,France,€20.00m,https://www.transfermarkt.us/enzo-le-fee/profil/spieler/633992,enzo-le-fee,633992,Serie A,https://img.a.transfermarkt.technology/portrait/header/633992-1725529188.jpg?lm=1
Niccolò Pisilli,20,AS Roma,Central Midfield,Midfield,Italy,€7.50m,https://www.transfermarkt.us/niccolo-pisilli/profil/spieler/813137,niccolo-pisilli,813137,Serie A,https://img.a.transfermarkt.technology/portrait/header/813137-1683527978.jpg?lm=1
Nicola Zalewski,22,AS Roma,Left Midfield,Midfield,Poland,€12.00m,https://www.transfermarkt.us/nicola-zalewski/profil/spieler/550108,nicola-zalewski,550108,Serie A,https://img.a.transfermarkt.technology/portrait/header/550108-1725530902.jpg?lm=1
Lorenzo Pellegrini,28,AS Roma,Attacking Midfield,Midfield,Italy,€22.00m,https://www.transfermarkt.us/lorenzo-pellegrini/profil/spieler/286297,lorenzo-pellegrini,286297,Serie A,https://img.a.transfermarkt.technology/portrait/header/286297-1692962972.jpg?lm=1
Tommaso Baldanzi,21,AS Roma,Attacking Midfield,Midfield,Italy,€15.00m,https://www.transfermarkt.us/tommaso-baldanzi/profil/spieler/641537,tommaso-baldanzi,641537,Serie A,https://img.a.transfermarkt.technology/portrait/header/641537-1661764089.jpg?lm=1
Stephan El Shaarawy,32,AS Roma,Left Winger,Attack,Italy,€5.00m,https://www.transfermarkt.us/stephan-el-shaarawy/profil/spieler/94529,stephan-el-shaarawy,94529,Serie A,https://img.a.transfermarkt.technology/portrait/header/94529-1730124909.jpg?lm=1
Matías Soulé,21,AS Roma,Right Winger,Attack,Argentina,€25.00m,https://www.transfermarkt.us/matias-soule/profil/spieler/668951,matias-soule,668951,Serie A,https://img.a.transfermarkt.technology/portrait/header/668951-1725529266.jpg?lm=1
Alexis Saelemaekers,25,AS Roma,Right Winger,Attack,Belgium,€12.00m,https://www.transfermarkt.us/alexis-saelemaekers/profil/spieler/381950,alexis-saelemaekers,381950,Serie A,https://img.a.transfermarkt.technology/portrait/header/381950-1609842664.jpg?lm=1
Paulo Dybala,31,AS Roma,Second Striker,Attack,Argentina,€12.00m,https://www.transfermarkt.us/paulo-dybala/profil/spieler/206050,paulo-dybala,206050,Serie A,https://img.a.transfermarkt.technology/portrait/header/206050-1725530843.jpg?lm=1
Artem Dovbyk,27,AS Roma,Centre-Forward,Attack,Ukraine,€35.00m,https://www.transfermarkt.us/artem-dovbyk/profil/spieler/343537,artem-dovbyk,343537,Serie A,https://img.a.transfermarkt.technology/portrait/header/343537-1719215184.jpg?lm=1
Eldor Shomurodov,29,AS Roma,Centre-Forward,Attack,Uzbekistan,€5.00m,https://www.transfermarkt.us/eldor-shomurodov/profil/spieler/358166,eldor-shomurodov,358166,Serie A,https://img.a.transfermarkt.technology/portrait/header/358166-1661514115.jpg?lm=1
Ivan Provedel,30,SS Lazio,Goalkeeper,Goalkeeper,Italy,€14.00m,https://www.transfermarkt.us/ivan-provedel/profil/spieler/197929,ivan-provedel,197929,Serie A,https://img.a.transfermarkt.technology/portrait/header/197929-1695160944.jpg?lm=1
Christos Mandas,23,SS Lazio,Goalkeeper,Goalkeeper,Greece,€3.00m,https://www.transfermarkt.us/christos-mandas/profil/spieler/481675,christos-mandas,481675,Serie A,https://img.a.transfermarkt.technology/portrait/header/481675-1724268727.jpg?lm=1
Alessio Furlanetto,22,SS Lazio,Goalkeeper,Goalkeeper,Italy,€0.05m,https://www.transfermarkt.us/alessio-furlanetto/profil/spieler/538079,alessio-furlanetto,538079,Serie A,https://img.a.transfermarkt.technology/portrait/header/538079-1607962464.jpg?lm=1
Davide Renzetti,18,SS Lazio,Goalkeeper,Goalkeeper,Italy,€0.05m,https://www.transfermarkt.us/davide-renzetti/profil/spieler/918957,davide-renzetti,918957,Serie A,https://img.a.transfermarkt.technology/portrait/header/918957-1726131865.jpg?lm=1
Mario Gila,24,SS Lazio,Centre-Back,Defender,Spain,€18.00m,https://www.transfermarkt.us/mario-gila/profil/spieler/618341,mario-gila,618341,Serie A,https://img.a.transfermarkt.technology/portrait/header/618341-1730127774.jpg?lm=1
Alessio Romagnoli,29,SS Lazio,Centre-Back,Defender,Italy,€15.00m,https://www.transfermarkt.us/alessio-romagnoli/profil/spieler/197747,alessio-romagnoli,197747,Serie A,https://img.a.transfermarkt.technology/portrait/header/197747-1730125586.jpg?lm=1
Samuel Gigot,31,SS Lazio,Centre-Back,Defender,France,€5.00m,https://www.transfermarkt.us/samuel-gigot/profil/spieler/276896,samuel-gigot,276896,Serie A,https://img.a.transfermarkt.technology/portrait/header/276896-1703066101.jpg?lm=1
Patric,31,SS Lazio,Centre-Back,Defender,Spain,€4.00m,https://www.transfermarkt.us/patric/profil/spieler/126729,patric,126729,Serie A,https://img.a.transfermarkt.technology/portrait/header/126729-1695026786.jpg?lm=1
Filipe Bordon,19,SS Lazio,Centre-Back,Defender,Brazil,€0.5m,https://www.transfermarkt.us/filipe-bordon/profil/spieler/1110645,filipe-bordon,1110645,Serie A,https://img.a.transfermarkt.technology/portrait/header/1110645-1715640507.jpg?lm=1
Nuno Tavares,24,SS Lazio,Left-Back,Defender,Portugal,€15.00m,https://www.transfermarkt.us/nuno-tavares/profil/spieler/535955,nuno-tavares,535955,Serie A,https://img.a.transfermarkt.technology/portrait/header/535955-1730127360.jpg?lm=1
Luca Pellegrini,25,SS Lazio,Left-Back,Defender,Italy,€3.50m,https://www.transfermarkt.us/luca-pellegrini/profil/spieler/346567,luca-pellegrini,346567,Serie A,https://img.a.transfermarkt.technology/portrait/header/346567-1663065246.jpg?lm=1
Adam Marusic,32,SS Lazio,Right-Back,Defender,Montenegro,€5.00m,https://www.transfermarkt.us/adam-marusic/profil/spieler/239802,adam-marusic,239802,Serie A,https://img.a.transfermarkt.technology/portrait/header/239802-1692962856.jpg?lm=1
Elseid Hysaj,30,SS Lazio,Right-Back,Defender,Albania,€2.50m,https://www.transfermarkt.us/elseid-hysaj/profil/spieler/200056,elseid-hysaj,200056,Serie A,https://img.a.transfermarkt.technology/portrait/header/200056-1661350737.jpg?lm=1
Nicolò Rovella,22,SS Lazio,Defensive Midfield,Midfield,Italy,€18.00m,https://www.transfermarkt.us/nicolo-rovella/profil/spieler/525704,nicolo-rovella,525704,Serie A,https://img.a.transfermarkt.technology/portrait/header/525704-1730127184.jpg?lm=1
Mattéo Guendouzi,25,SS Lazio,Central Midfield,Midfield,France,€25.00m,https://www.transfermarkt.us/matteo-guendouzi/profil/spieler/465830,matteo-guendouzi,465830,Serie A,https://img.a.transfermarkt.technology/portrait/header/465830-1730125468.jpg?lm=1
Gaetano Castrovilli,27,SS Lazio,Central Midfield,Midfield,Italy,€7.00m,https://www.transfermarkt.us/gaetano-castrovilli/profil/spieler/303116,gaetano-castrovilli,303116,Serie A,https://img.a.transfermarkt.technology/portrait/header/303116-1730126731.jpg?lm=1
Matías Vecino,33,SS Lazio,Central Midfield,Midfield,Uruguay,€2.50m,https://www.transfermarkt.us/matias-vecino/profil/spieler/143812,matias-vecino,143812,Serie A,https://img.a.transfermarkt.technology/portrait/header/143812-1695026891.jpg?lm=1
Toma Bašić,28,SS Lazio,Central Midfield,Midfield,Croatia,€2.00m,https://www.transfermarkt.us/toma-basic/profil/spieler/334835,toma-basic,334835,Serie A,https://img.a.transfermarkt.technology/portrait/header/334835-1695026432.jpg?lm=1
Jean-Daniel Akpa Akpro,32,SS Lazio,Central Midfield,Midfield,Cote d'Ivoire,€0.5m,https://www.transfermarkt.us/jean-daniel-akpa-akpro/profil/spieler/170481,jean-daniel-akpa-akpro,170481,Serie A,https://img.a.transfermarkt.technology/portrait/header/170481-1598961837.jpg?lm=1
Manuel Lazzari,31,SS Lazio,Right Midfield,Midfield,Italy,€4.00m,https://www.transfermarkt.us/manuel-lazzari/profil/spieler/331401,manuel-lazzari,331401,Serie A,https://img.a.transfermarkt.technology/portrait/header/331401-1707947147.jpg?lm=1
Fisayo Dele-Bashiru,23,SS Lazio,Attacking Midfield,Midfield,Nigeria,€4.50m,https://www.transfermarkt.us/fisayo-dele-bashiru/profil/spieler/530742,fisayo-dele-bashiru,530742,Serie A,https://img.a.transfermarkt.technology/portrait/header/530742-1683029896.jpg?lm=1
André Anderson,25,SS Lazio,Attacking Midfield,Midfield,Italy,€0.2m,https://www.transfermarkt.us/andre-anderson/profil/spieler/601577,andre-anderson,601577,Serie A,https://img.a.transfermarkt.technology/portrait/header/601577-1557500332.jpg?lm=1
Cristo Muñoz,19,SS Lazio,Attacking Midfield,Midfield,Spain,€0.05m,https://www.transfermarkt.us/cristo-munoz/profil/spieler/834468,cristo-munoz,834468,Serie A,https://img.a.transfermarkt.technology/portrait/header/834468-1699372288.jpg?lm=1
Mattia Zaccagni,29,SS Lazio,Left Winger,Attack,Italy,€20.00m,https://www.transfermarkt.us/mattia-zaccagni/profil/spieler/283735,mattia-zaccagni,283735,Serie A,https://img.a.transfermarkt.technology/portrait/header/283735-1695026445.jpg?lm=1
Gustav Isaksen,23,SS Lazio,Right Winger,Attack,Denmark,€12.00m,https://www.transfermarkt.us/gustav-isaksen/profil/spieler/462823,gustav-isaksen,462823,Serie A,https://img.a.transfermarkt.technology/portrait/header/462823-1695026324.jpg?lm=1
Tijjani Noslin,25,SS Lazio,Right Winger,Attack,Netherlands,€10.00m,https://www.transfermarkt.us/tijjani-noslin/profil/spieler/457736,tijjani-noslin,457736,Serie A,https://img.a.transfermarkt.technology/portrait/header/457736-1730184958.jpg?lm=1
Loum Tchaouna,21,SS Lazio,Right Winger,Attack,France,€8.00m,https://www.transfermarkt.us/loum-tchaouna/profil/spieler/607226,loum-tchaouna,607226,Serie A,https://img.a.transfermarkt.technology/portrait/header/607226-1695710683.jpg?lm=1
Diego González,21,SS Lazio,Right Winger,Attack,Paraguay,€1.00m,https://www.transfermarkt.us/diego-gonzalez/profil/spieler/873981,diego-gonzalez,873981,Serie A,https://img.a.transfermarkt.technology/portrait/header/873981-1695026273.jpg?lm=1
Pedro,37,SS Lazio,Right Winger,Attack,Spain,€1.00m,https://www.transfermarkt.us/pedro/profil/spieler/65278,pedro,65278,Serie A,https://img.a.transfermarkt.technology/portrait/header/65278-1695027154.jpg?lm=1
Taty Castellanos,26,SS Lazio,Centre-Forward,Attack,Argentina,€20.00m,https://www.transfermarkt.us/taty-castellanos/profil/spieler/522784,taty-castellanos,522784,Serie A,https://img.a.transfermarkt.technology/portrait/header/522784-1723926679.jpg?lm=1
Boulaye Dia,28,SS Lazio,Centre-Forward,Attack,Senegal,€15.00m,https://www.transfermarkt.us/boulaye-dia/profil/spieler/626913,boulaye-dia,626913,Serie A,https://img.a.transfermarkt.technology/portrait/header/626913-1730127040.jpg?lm=1
David de Gea,34,ACF Fiorentina,Goalkeeper,Goalkeeper,Spain,€5.00m,https://www.transfermarkt.us/david-de-gea/profil/spieler/59377,david-de-gea,59377,Serie A,https://img.a.transfermarkt.technology/portrait/header/59377-1667548362.jpg?lm=1
Pietro Terracciano,34,ACF Fiorentina,Goalkeeper,Goalkeeper,Italy,€2.50m,https://www.transfermarkt.us/pietro-terracciano/profil/spieler/96254,pietro-terracciano,96254,Serie A,https://img.a.transfermarkt.technology/portrait/header/96254-1595853091.jpg?lm=1
Oliver Christensen,25,ACF Fiorentina,Goalkeeper,Goalkeeper,Denmark,€1.80m,https://www.transfermarkt.us/oliver-christensen/profil/spieler/471936,oliver-christensen,471936,Serie A,https://img.a.transfermarkt.technology/portrait/header/471936-1688647558.jpg?lm=1
Tommaso Martinelli,18,ACF Fiorentina,Goalkeeper,Goalkeeper,Italy,€1.00m,https://www.transfermarkt.us/tommaso-martinelli/profil/spieler/934159,tommaso-martinelli,934159,Serie A,https://img.a.transfermarkt.technology/portrait/header/934159-1676018484.jpg?lm=1
Lucas Martínez Quarta,28,ACF Fiorentina,Centre-Back,Defender,Argentina,€13.00m,https://www.transfermarkt.us/lucas-martinez-quarta/profil/spieler/373373,lucas-martinez-quarta,373373,Serie A,https://img.a.transfermarkt.technology/portrait/header/373373-1663591880.jpg?lm=1
Marin Pongračić,27,ACF Fiorentina,Centre-Back,Defender,Croatia,€10.00m,https://www.transfermarkt.us/marin-pongracic/profil/spieler/282144,marin-pongracic,282144,Serie A,https://img.a.transfermarkt.technology/portrait/header/282144-1657202331.jpg?lm=1
Luca Ranieri,25,ACF Fiorentina,Centre-Back,Defender,Italy,€8.00m,https://www.transfermarkt.us/luca-ranieri/profil/spieler/346561,luca-ranieri,346561,Serie A,https://img.a.transfermarkt.technology/portrait/header/346561-1692962464.jpg?lm=1
Pietro Comuzzo,19,ACF Fiorentina,Centre-Back,Defender,Italy,€4.00m,https://www.transfermarkt.us/pietro-comuzzo/profil/spieler/746712,pietro-comuzzo,746712,Serie A,https://img.a.transfermarkt.technology/portrait/header/746712-1730183199.jpg?lm=1
Matías Moreno,21,ACF Fiorentina,Centre-Back,Defender,Argentina,€4.00m,https://www.transfermarkt.us/matias-moreno/profil/spieler/1144700,matias-moreno,1144700,Serie A,https://img.a.transfermarkt.technology/portrait/header/1144700-1730183072.jpg?lm=1
Robin Gosens,30,ACF Fiorentina,Left-Back,Defender,Germany,€8.00m,https://www.transfermarkt.us/robin-gosens/profil/spieler/273132,robin-gosens,273132,Serie A,https://img.a.transfermarkt.technology/portrait/header/273132-1686641124.jpg?lm=1
Fabiano Parisi,24,ACF Fiorentina,Left-Back,Defender,Italy,€7.50m,https://www.transfermarkt.us/fabiano-parisi/profil/spieler/547985,fabiano-parisi,547985,Serie A,https://img.a.transfermarkt.technology/portrait/header/547985-1663677780.jpg?lm=1
Cristiano Biraghi,32,ACF Fiorentina,Left-Back,Defender,Italy,€3.50m,https://www.transfermarkt.us/cristiano-biraghi/profil/spieler/124555,cristiano-biraghi,124555,Serie A,https://img.a.transfermarkt.technology/portrait/header/124555-1724827712.jpg?lm=1
Michael Kayode,20,ACF Fiorentina,Right-Back,Defender,Italy,€22.00m,https://www.transfermarkt.us/michael-kayode/profil/spieler/823486,michael-kayode,823486,Serie A,https://img.a.transfermarkt.technology/portrait/header/823486-1725531169.jpg?lm=1
Dodô,26,ACF Fiorentina,Right-Back,Defender,Brazil,€17.00m,https://www.transfermarkt.us/dodo/profil/spieler/401529,dodo,401529,Serie A,https://img.a.transfermarkt.technology/portrait/header/401529-1663591985.jpg?lm=1
Yacine Adli,24,ACF Fiorentina,Defensive Midfield,Midfield,France,€12.00m,https://www.transfermarkt.us/yacine-adli/profil/spieler/395236,yacine-adli,395236,Serie A,https://img.a.transfermarkt.technology/portrait/header/395236-1725531271.jpg?lm=1
Rolando Mandragora,27,ACF Fiorentina,Defensive Midfield,Midfield,Italy,€8.50m,https://www.transfermarkt.us/rolando-mandragora/profil/spieler/308279,rolando-mandragora,308279,Serie A,https://img.a.transfermarkt.technology/portrait/header/308279-1663591807.jpg?lm=1
Danilo Cataldi,30,ACF Fiorentina,Defensive Midfield,Midfield,Italy,€4.00m,https://www.transfermarkt.us/danilo-cataldi/profil/spieler/199733,danilo-cataldi,199733,Serie A,https://img.a.transfermarkt.technology/portrait/header/199733-1661513736.jpg?lm=1
Edoardo Bove,22,ACF Fiorentina,Central Midfield,Midfield,Italy,€14.00m,https://www.transfermarkt.us/edoardo-bove/profil/spieler/562049,edoardo-bove,562049,Serie A,https://img.a.transfermarkt.technology/portrait/header/562049-1725532201.jpg?lm=1
Amir Richardson,22,ACF Fiorentina,Central Midfield,Midfield,Morocco,€9.00m,https://www.transfermarkt.us/amir-richardson/profil/spieler/893675,amir-richardson,893675,Serie A,https://img.a.transfermarkt.technology/portrait/header/893675-1725529481.jpg?lm=1
Andrea Colpani,25,ACF Fiorentina,Attacking Midfield,Midfield,Italy,€16.00m,https://www.transfermarkt.us/andrea-colpani/profil/spieler/392959,andrea-colpani,392959,Serie A,https://img.a.transfermarkt.technology/portrait/header/392959-1730183016.jpg?lm=1
Christian Kouamé,26,ACF Fiorentina,Left Winger,Attack,Cote d'Ivoire,€7.50m,https://www.transfermarkt.us/christian-kouame/profil/spieler/337725,christian-kouame,337725,Serie A,https://img.a.transfermarkt.technology/portrait/header/337725-1663591953.jpg?lm=1
Riccardo Sottil,25,ACF Fiorentina,Left Winger,Attack,Italy,€6.00m,https://www.transfermarkt.us/riccardo-sottil/profil/spieler/386455,riccardo-sottil,386455,Serie A,https://img.a.transfermarkt.technology/portrait/header/386455-1663591627.jpg?lm=1
Jonathan Ikoné,26,ACF Fiorentina,Right Winger,Attack,France,€10.00m,https://www.transfermarkt.us/jonathan-ikone/profil/spieler/324690,jonathan-ikone,324690,Serie A,https://img.a.transfermarkt.technology/portrait/header/324690-1697179025.jpg?lm=1
Albert Gudmundsson,27,ACF Fiorentina,Second Striker,Attack,Iceland,€30.00m,https://www.transfermarkt.us/albert-gudmundsson/profil/spieler/305947,albert-gudmundsson,305947,Serie A,https://img.a.transfermarkt.technology/portrait/header/305947-1705389252.jpg?lm=1
Lucas Beltrán,23,ACF Fiorentina,Second Striker,Attack,Argentina,€16.00m,https://www.transfermarkt.us/lucas-beltran/profil/spieler/628366,lucas-beltran,628366,Serie A,https://img.a.transfermarkt.technology/portrait/header/628366-1692881138.jpg?lm=1
Moise Kean,24,ACF Fiorentina,Centre-Forward,Attack,Italy,€18.00m,https://www.transfermarkt.us/moise-kean/profil/spieler/364135,moise-kean,364135,Serie A,https://img.a.transfermarkt.technology/portrait/header/364135-1725532147.jpg?lm=1
Vanja Milinković-Savić,27,Torino FC,Goalkeeper,Goalkeeper,Serbia,€5.00m,https://www.transfermarkt.us/vanja-milinkovic-savic/profil/spieler/257474,vanja-milinkovic-savic,257474,Serie A,https://img.a.transfermarkt.technology/portrait/header/257474-1730125139.jpg?lm=1
Alberto Paleari,32,Torino FC,Goalkeeper,Goalkeeper,Italy,€0.5m,https://www.transfermarkt.us/alberto-paleari/profil/spieler/163048,alberto-paleari,163048,Serie A,https://img.a.transfermarkt.technology/portrait/header/163048-1602149171.jpg?lm=1
Antonio Donnarumma,34,Torino FC,Goalkeeper,Goalkeeper,Italy,€0.325m,https://www.transfermarkt.us/antonio-donnarumma/profil/spieler/88685,antonio-donnarumma,88685,Serie A,https://img.a.transfermarkt.technology/portrait/header/88685-1724826522.jpg?lm=1
Perr Schuurs,25,Torino FC,Centre-Back,Defender,Netherlands,€17.00m,https://www.transfermarkt.us/perr-schuurs/profil/spieler/418543,perr-schuurs,418543,Serie A,https://img.a.transfermarkt.technology/portrait/header/418543-1694614988.jpg?lm=1
Saúl Coco,25,Torino FC,Centre-Back,Defender,Equatorial Guinea,€14.00m,https://www.transfermarkt.us/saul-coco/profil/spieler/588426,saul-coco,588426,Serie A,https://img.a.transfermarkt.technology/portrait/header/588426-1725531089.jpg?lm=1
Guillermo Maripán,30,Torino FC,Centre-Back,Defender,Chile,€6.00m,https://www.transfermarkt.us/guillermo-maripan/profil/spieler/249730,guillermo-maripan,249730,Serie A,https://img.a.transfermarkt.technology/portrait/header/249730-1730123458.jpg?lm=1
Sebastian Walukiewicz,24,Torino FC,Centre-Back,Defender,Poland,€5.00m,https://www.transfermarkt.us/sebastian-walukiewicz/profil/spieler/345458,sebastian-walukiewicz,345458,Serie A,https://img.a.transfermarkt.technology/portrait/header/345458-1716985042.jpg?lm=1
Adam Masina,30,Torino FC,Centre-Back,Defender,Morocco,€1.50m,https://www.transfermarkt.us/adam-masina/profil/spieler/286949,adam-masina,286949,Serie A,https://img.a.transfermarkt.technology/portrait/header/286949-1658130450.jpg?lm=1
Côme Bianay Balcot,19,Torino FC,Centre-Back,Defender,France,€0.2m,https://www.transfermarkt.us/come-bianay-balcot/profil/spieler/1059298,come-bianay-balcot,1059298,Serie A,https://img.a.transfermarkt.technology/portrait/header/1059298-1726135841.jpg?lm=1
Mërgim Vojvoda,29,Torino FC,Right-Back,Defender,Kosovo,€3.00m,https://www.transfermarkt.us/mergim-vojvoda/profil/spieler/336125,mergim-vojvoda,336125,Serie A,https://img.a.transfermarkt.technology/portrait/header/336125-1661351703.jpg?lm=1
Samuele Ricci,23,Torino FC,Defensive Midfield,Midfield,Italy,€28.00m,https://www.transfermarkt.us/samuele-ricci/profil/spieler/467992,samuele-ricci,467992,Serie A,https://img.a.transfermarkt.technology/portrait/header/467992-1730125512.jpg?lm=1
Adrien Tamèze,30,Torino FC,Defensive Midfield,Midfield,France,€5.00m,https://www.transfermarkt.us/adrien-tameze/profil/spieler/157507,adrien-tameze,157507,Serie A,https://img.a.transfermarkt.technology/portrait/header/157507-1663672063.jpg?lm=1
Ivan Ilić,23,Torino FC,Central Midfield,Midfield,Serbia,€18.00m,https://www.transfermarkt.us/ivan-ilic/profil/spieler/470794,ivan-ilic,470794,Serie A,https://img.a.transfermarkt.technology/portrait/header/470794-1716239802.jpg?lm=1
Karol Linetty,29,Torino FC,Central Midfield,Midfield,Poland,€3.50m,https://www.transfermarkt.us/karol-linetty/profil/spieler/225873,karol-linetty,225873,Serie A,https://img.a.transfermarkt.technology/portrait/header/225873-1663596553.jpg?lm=1
Emirhan İlkhan,20,Torino FC,Central Midfield,Midfield,Türkiye,€3.00m,https://www.transfermarkt.us/emirhan-ilkhan/profil/spieler/743091,emirhan-ilkhan,743091,Serie A,https://img.a.transfermarkt.technology/portrait/header/743091-1695643830.png?lm=1
Gvidas Gineitis,20,Torino FC,Central Midfield,Midfield,Lithuania,€2.00m,https://www.transfermarkt.us/gvidas-gineitis/profil/spieler/798929,gvidas-gineitis,798929,Serie A,https://img.a.transfermarkt.technology/portrait/header/798929-1730125690.jpg?lm=1
Aaron Ciammaglichella,19,Torino FC,Central Midfield,Midfield,Italy,€1.00m,https://www.transfermarkt.us/aaron-ciammaglichella/profil/spieler/724108,aaron-ciammaglichella,724108,Serie A,https://img.a.transfermarkt.technology/portrait/header/724108-1704901754.jpg?lm=1
Marcus Pedersen,24,Torino FC,Right Midfield,Midfield,Norway,€5.50m,https://www.transfermarkt.us/marcus-pedersen/profil/spieler/583404,marcus-pedersen,583404,Serie A,https://img.a.transfermarkt.technology/portrait/header/583404-1660759624.jpg?lm=1
Ali Dembélé,20,Torino FC,Right Midfield,Midfield,France,€0.8m,https://www.transfermarkt.us/ali-dembele/profil/spieler/1004344,ali-dembele,1004344,Serie A,https://img.a.transfermarkt.technology/portrait/header/1004344-1730184789.jpg?lm=1
Brian Bayeye,24,Torino FC,Right Midfield,Midfield,DR Congo,€0.4m,https://www.transfermarkt.us/brian-bayeye/profil/spieler/715470,brian-bayeye,715470,Serie A,https://img.a.transfermarkt.technology/portrait/header/715470-1660115930.jpg?lm=1
Borna Sosa,26,Torino FC,Left Midfield,Midfield,Croatia,€7.50m,https://www.transfermarkt.us/borna-sosa/profil/spieler/293194,borna-sosa,293194,Serie A,https://img.a.transfermarkt.technology/portrait/header/293194-1716241200.jpg?lm=1
Valentino Lazaro,28,Torino FC,Left Midfield,Midfield,Austria,€3.50m,https://www.transfermarkt.us/valentino-lazaro/profil/spieler/186368,valentino-lazaro,186368,Serie A,https://img.a.transfermarkt.technology/portrait/header/186368-1692819728.jpg?lm=1
Nikola Vlašić,27,Torino FC,Attacking Midfield,Midfield,Croatia,€10.00m,https://www.transfermarkt.us/nikola-vlasic/profil/spieler/293200,nikola-vlasic,293200,Serie A,https://img.a.transfermarkt.technology/portrait/header/293200-1695028630.jpg?lm=1
Yann Karamoh,26,Torino FC,Left Winger,Attack,France,€2.50m,https://www.transfermarkt.us/yann-karamoh/profil/spieler/324804,yann-karamoh,324804,Serie A,https://img.a.transfermarkt.technology/portrait/header/324804-1663596515.jpg?lm=1
Alieu Njie,19,Torino FC,Left Winger,Attack,Sweden,€0.8m,https://www.transfermarkt.us/alieu-njie/profil/spieler/934527,alieu-njie,934527,Serie A,https://img.a.transfermarkt.technology/portrait/header/934527-1704902612.jpg?lm=1
Zanos Savva,19,Torino FC,Right Winger,Attack,Cyprus,€1.00m,https://www.transfermarkt.us/zanos-savva/profil/spieler/928900,zanos-savva,928900,Serie A,https://img.a.transfermarkt.technology/portrait/header/928900-1719824810.png?lm=1
Ché Adams,28,Torino FC,Centre-Forward,Attack,Scotland,€15.00m,https://www.transfermarkt.us/che-adams/profil/spieler/346779,che-adams,346779,Serie A,https://img.a.transfermarkt.technology/portrait/header/346779-1716381473.jpg?lm=1
Antonio Sanabria,28,Torino FC,Centre-Forward,Attack,Paraguay,€7.00m,https://www.transfermarkt.us/antonio-sanabria/profil/spieler/234523,antonio-sanabria,234523,Serie A,https://img.a.transfermarkt.technology/portrait/header/234523-1692963077.jpg?lm=1
Duván Zapata,33,Torino FC,Centre-Forward,Attack,Colombia,€5.00m,https://www.transfermarkt.us/duvan-zapata/profil/spieler/73794,duvan-zapata,73794,Serie A,https://img.a.transfermarkt.technology/portrait/header/73794-1730126644.jpg?lm=1
Alex Meret,27,SSC Napoli,Goalkeeper,Goalkeeper,Italy,€12.00m,https://www.transfermarkt.us/alex-meret/profil/spieler/240414,alex-meret,240414,Serie A,https://img.a.transfermarkt.technology/portrait/header/240414-1695025886.jpg?lm=1
Elia Caprile,23,SSC Napoli,Goalkeeper,Goalkeeper,Italy,€6.00m,https://www.transfermarkt.us/elia-caprile/profil/spieler/421873,elia-caprile,421873,Serie A,https://img.a.transfermarkt.technology/portrait/header/421873-1704902651.jpg?lm=1
Nikita Contini,28,SSC Napoli,Goalkeeper,Goalkeeper,Italy,€0.4m,https://www.transfermarkt.us/nikita-contini/profil/spieler/250683,nikita-contini,250683,Serie A,https://img.a.transfermarkt.technology/portrait/header/250683-1663679972.jpg?lm=1
Claudio Turi,19,SSC Napoli,Goalkeeper,Goalkeeper,Italy,€0.125m,https://www.transfermarkt.us/claudio-turi/profil/spieler/724099,claudio-turi,724099,Serie A,https://img.a.transfermarkt.technology/portrait/header/724099-1730706908.jpg?lm=1
Alessandro Buongiorno,25,SSC Napoli,Centre-Back,Defender,Italy,€35.00m,https://www.transfermarkt.us/alessandro-buongiorno/profil/spieler/386446,alessandro-buongiorno,386446,Serie A,https://img.a.transfermarkt.technology/portrait/header/386446-1663596475.jpg?lm=1
Amir Rrahmani,30,SSC Napoli,Centre-Back,Defender,Kosovo,€15.00m,https://www.transfermarkt.us/amir-rrahmani/profil/spieler/257732,amir-rrahmani,257732,Serie A,https://img.a.transfermarkt.technology/portrait/header/257732-1663579350.jpg?lm=1
Rafa Marín,22,SSC Napoli,Centre-Back,Defender,Spain,€9.00m,https://www.transfermarkt.us/rafa-marin/profil/spieler/662261,rafa-marin,662261,Serie A,https://img.a.transfermarkt.technology/portrait/header/662261-1725529332.jpg?lm=1
Juan Jesus,33,SSC Napoli,Centre-Back,Defender,Brazil,€2.50m,https://www.transfermarkt.us/juan-jesus/profil/spieler/121985,juan-jesus,121985,Serie A,https://img.a.transfermarkt.technology/portrait/header/121985-1630496408.jpg?lm=1
Mathías Olivera,27,SSC Napoli,Left-Back,Defender,Uruguay,€15.00m,https://www.transfermarkt.us/mathias-olivera/profil/spieler/376514,mathias-olivera,376514,Serie A,https://img.a.transfermarkt.technology/portrait/header/376514-1681910576.jpg?lm=1
Leonardo Spinazzola,31,SSC Napoli,Left-Back,Defender,Italy,€4.00m,https://www.transfermarkt.us/leonardo-spinazzola/profil/spieler/118689,leonardo-spinazzola,118689,Serie A,https://img.a.transfermarkt.technology/portrait/header/118689-1663580982.jpg?lm=1
Mário Rui,33,SSC Napoli,Left-Back,Defender,Portugal,€1.50m,https://www.transfermarkt.us/mario-rui/profil/spieler/87884,mario-rui,87884,Serie A,https://img.a.transfermarkt.technology/portrait/header/87884-1661351255.jpg?lm=1
Giovanni Di Lorenzo,31,SSC Napoli,Right-Back,Defender,Italy,€15.00m,https://www.transfermarkt.us/giovanni-di-lorenzo/profil/spieler/169880,giovanni-di-lorenzo,169880,Serie A,https://img.a.transfermarkt.technology/portrait/header/169880-1730126691.jpg?lm=1
Pasquale Mazzocchi,29,SSC Napoli,Right-Back,Defender,Italy,€3.00m,https://www.transfermarkt.us/pasquale-mazzocchi/profil/spieler/250153,pasquale-mazzocchi,250153,Serie A,https://img.a.transfermarkt.technology/portrait/header/250153-1725529479.jpg?lm=1
Stanislav Lobotka,30,SSC Napoli,Defensive Midfield,Midfield,Slovakia,€28.00m,https://www.transfermarkt.us/stanislav-lobotka/profil/spieler/192735,stanislav-lobotka,192735,Serie A,https://img.a.transfermarkt.technology/portrait/header/192735-1661509021.jpg?lm=1
Billy Gilmour,23,SSC Napoli,Defensive Midfield,Midfield,Scotland,€18.00m,https://www.transfermarkt.us/billy-gilmour/profil/spieler/423744,billy-gilmour,423744,Serie A,https://img.a.transfermarkt.technology/portrait/header/423744-1701544195.jpg?lm=1
Scott McTominay,27,SSC Napoli,Central Midfield,Midfield,Scotland,€32.00m,https://www.transfermarkt.us/scott-mctominay/profil/spieler/315969,scott-mctominay,315969,Serie A,https://img.a.transfermarkt.technology/portrait/header/315969-1718626681.jpg?lm=1
Frank Anguissa,29,SSC Napoli,Central Midfield,Midfield,Cameroon,€27.00m,https://www.transfermarkt.us/frank-anguissa/profil/spieler/354361,frank-anguissa,354361,Serie A,https://img.a.transfermarkt.technology/portrait/header/354361-1695026237.jpg?lm=1
Michael Folorunsho,26,SSC Napoli,Central Midfield,Midfield,Italy,€8.50m,https://www.transfermarkt.us/michael-folorunsho/profil/spieler/377042,michael-folorunsho,377042,Serie A,https://img.a.transfermarkt.technology/portrait/header/377042-1722173196.jpg?lm=1
Khvicha Kvaratskhelia,23,SSC Napoli,Left Winger,Attack,Georgia,€80.00m,https://www.transfermarkt.us/khvicha-kvaratskhelia/profil/spieler/502670,khvicha-kvaratskhelia,502670,Serie A,https://img.a.transfermarkt.technology/portrait/header/502670-1708553120.jpg?lm=1
Alessio Zerbin,25,SSC Napoli,Left Winger,Attack,Italy,€4.00m,https://www.transfermarkt.us/alessio-zerbin/profil/spieler/433584,alessio-zerbin,433584,Serie A,https://img.a.transfermarkt.technology/portrait/header/433584-1641998849.jpg?lm=1
David Neres,27,SSC Napoli,Right Winger,Attack,Brazil,€28.00m,https://www.transfermarkt.us/david-neres/profil/spieler/469822,david-neres,469822,Serie A,https://img.a.transfermarkt.technology/portrait/header/469822-1701334470.jpg?lm=1
Matteo Politano,31,SSC Napoli,Right Winger,Attack,Italy,€13.00m,https://www.transfermarkt.us/matteo-politano/profil/spieler/165895,matteo-politano,165895,Serie A,https://img.a.transfermarkt.technology/portrait/header/165895-1692963030.jpg?lm=1
Cyril Ngonge,24,SSC Napoli,Right Winger,Attack,Belgium,€12.00m,https://www.transfermarkt.us/cyril-ngonge/profil/spieler/358032,cyril-ngonge,358032,Serie A,https://img.a.transfermarkt.technology/portrait/header/358032-1674197416.jpg?lm=1
Giacomo Raspadori,24,SSC Napoli,Second Striker,Attack,Italy,€20.00m,https://www.transfermarkt.us/giacomo-raspadori/profil/spieler/405885,giacomo-raspadori,405885,Serie A,https://img.a.transfermarkt.technology/portrait/header/405885-1708552564.jpg?lm=1
Romelu Lukaku,31,SSC Napoli,Centre-Forward,Attack,Belgium,€30.00m,https://www.transfermarkt.us/romelu-lukaku/profil/spieler/96341,romelu-lukaku,96341,Serie A,https://img.a.transfermarkt.technology/portrait/header/96341-1661780981.jpg?lm=1
Giovanni Simeone,29,SSC Napoli,Centre-Forward,Attack,Argentina,€10.00m,https://www.transfermarkt.us/giovanni-simeone/profil/spieler/282388,giovanni-simeone,282388,Serie A,https://img.a.transfermarkt.technology/portrait/header/282388-1690294694.jpg?lm=1
Pierluigi Gollini,29,Genoa CFC,Goalkeeper,Goalkeeper,Italy,€4.00m,https://www.transfermarkt.us/pierluigi-gollini/profil/spieler/244192,pierluigi-gollini,244192,Serie A,https://img.a.transfermarkt.technology/portrait/header/244192-1695026486.jpg?lm=1
Nicola Leali,31,Genoa CFC,Goalkeeper,Goalkeeper,Italy,€0.6m,https://www.transfermarkt.us/nicola-leali/profil/spieler/136111,nicola-leali,136111,Serie A,https://img.a.transfermarkt.technology/portrait/header/136111-1692963337.jpg?lm=1
Franz Stolz,23,Genoa CFC,Goalkeeper,Goalkeeper,Austria,€0.2m,https://www.transfermarkt.us/franz-stolz/profil/spieler/462699,franz-stolz,462699,Serie A,https://img.a.transfermarkt.technology/portrait/header/462699-1693220230.png?lm=1
Daniele Sommariva,27,Genoa CFC,Goalkeeper,Goalkeeper,Italy,€0.1m,https://www.transfermarkt.us/daniele-sommariva/profil/spieler/312773,daniele-sommariva,312773,Serie A,https://img.a.transfermarkt.technology/portrait/header/312773-1692963278.jpg?lm=1
Koni De Winter,22,Genoa CFC,Centre-Back,Defender,Belgium,€12.00m,https://www.transfermarkt.us/koni-de-winter/profil/spieler/490384,koni-de-winter,490384,Serie A,https://img.a.transfermarkt.technology/portrait/header/490384-1730126791.jpg?lm=1
Johan Vásquez,26,Genoa CFC,Centre-Back,Defender,Mexico,€10.00m,https://www.transfermarkt.us/johan-vasquez/profil/spieler/532937,johan-vasquez,532937,Serie A,https://img.a.transfermarkt.technology/portrait/header/532937-1666640763.jpg?lm=1
Alan Matturro,20,Genoa CFC,Centre-Back,Defender,Uruguay,€4.00m,https://www.transfermarkt.us/alan-matturro/profil/spieler/861981,alan-matturro,861981,Serie A,https://img.a.transfermarkt.technology/portrait/header/861981-1692967519.jpg?lm=1
Mattia Bani,30,Genoa CFC,Centre-Back,Defender,Italy,€2.50m,https://www.transfermarkt.us/mattia-bani/profil/spieler/176139,mattia-bani,176139,Serie A,https://img.a.transfermarkt.technology/portrait/header/176139-1595917932.jpg?lm=1
Alessandro Vogliacco,26,Genoa CFC,Centre-Back,Defender,Italy,€2.00m,https://www.transfermarkt.us/alessandro-vogliacco/profil/spieler/330208,alessandro-vogliacco,330208,Serie A,https://img.a.transfermarkt.technology/portrait/header/330208-1613547642.jpg?lm=1
Alessandro Marcandalli,22,Genoa CFC,Centre-Back,Defender,Italy,€2.00m,https://www.transfermarkt.us/alessandro-marcandalli/profil/spieler/818448,alessandro-marcandalli,818448,Serie A,https://img.a.transfermarkt.technology/portrait/header/818448-1725528425.jpg?lm=1
Aarón Martín,27,Genoa CFC,Left-Back,Defender,Spain,€5.00m,https://www.transfermarkt.us/aaron-martin/profil/spieler/251878,aaron-martin,251878,Serie A,https://img.a.transfermarkt.technology/portrait/header/251878-1730126148.jpg?lm=1
Honest Ahanor,16,Genoa CFC,Left-Back,Defender,Italy,€3.00m,https://www.transfermarkt.us/honest-ahanor/profil/spieler/1077175,honest-ahanor,1077175,Serie A,https://img.a.transfermarkt.technology/portrait/header/1077175-1725265871.jpg?lm=1
Alessandro Zanoli,24,Genoa CFC,Right-Back,Defender,Italy,€5.00m,https://www.transfermarkt.us/alessandro-zanoli/profil/spieler/397225,alessandro-zanoli,397225,Serie A,https://img.a.transfermarkt.technology/portrait/header/397225-1673603620.jpg?lm=1
Brooke Norton-Cuffy,20,Genoa CFC,Right-Back,Defender,England,€4.50m,https://www.transfermarkt.us/brooke-norton-cuffy/profil/spieler/728733,brooke-norton-cuffy,728733,Serie A,https://img.a.transfermarkt.technology/portrait/header/728733-1684494525.jpg?lm=1
Stefano Sabelli,31,Genoa CFC,Right-Back,Defender,Italy,€1.50m,https://www.transfermarkt.us/stefano-sabelli/profil/spieler/167491,stefano-sabelli,167491,Serie A,https://img.a.transfermarkt.technology/portrait/header/167491-1595930293.jpg?lm=1
Emil Bohinen,25,Genoa CFC,Defensive Midfield,Midfield,Norway,€1.80m,https://www.transfermarkt.us/emil-bohinen/profil/spieler/406806,emil-bohinen,406806,Serie A,https://img.a.transfermarkt.technology/portrait/header/406806-1730184593.jpg?lm=1
Lior Kasa,19,Genoa CFC,Defensive Midfield,Midfield,Israel,€1.00m,https://www.transfermarkt.us/lior-kasa/profil/spieler/1083164,lior-kasa,1083164,Serie A,https://img.a.transfermarkt.technology/portrait/header/1083164-1725265804.jpg?lm=1
Milan Badelj,35,Genoa CFC,Defensive Midfield,Midfield,Croatia,€0.8m,https://www.transfermarkt.us/milan-badelj/profil/spieler/40633,milan-badelj,40633,Serie A,https://img.a.transfermarkt.technology/portrait/header/40633-1692277462.jpg?lm=1
Morten Frendrup,23,Genoa CFC,Central Midfield,Midfield,Denmark,€20.00m,https://www.transfermarkt.us/morten-frendrup/profil/spieler/503871,morten-frendrup,503871,Serie A,https://img.a.transfermarkt.technology/portrait/header/503871-1707815910.jpg?lm=1
Fabio Miretti,21,Genoa CFC,Central Midfield,Midfield,Italy,€15.00m,https://www.transfermarkt.us/fabio-miretti/profil/spieler/571607,fabio-miretti,571607,Serie A,https://img.a.transfermarkt.technology/portrait/header/571607-1652773586.jpg?lm=1
Morten Thorsby,28,Genoa CFC,Central Midfield,Midfield,Norway,€3.00m,https://www.transfermarkt.us/morten-thorsby/profil/spieler/226524,morten-thorsby,226524,Serie A,https://img.a.transfermarkt.technology/portrait/header/226524-1725529624.jpg?lm=1
Filippo Melegoni,25,Genoa CFC,Central Midfield,Midfield,Italy,€1.00m,https://www.transfermarkt.us/filippo-melegoni/profil/spieler/315862,filippo-melegoni,315862,Serie A,https://img.a.transfermarkt.technology/portrait/header/315862-1730124496.jpg?lm=1
Patrizio Masini,23,Genoa CFC,Central Midfield,Midfield,Italy,€0.4m,https://www.transfermarkt.us/patrizio-masini/profil/spieler/459665,patrizio-masini,459665,Serie A,https://img.a.transfermarkt.technology/portrait/header/459665-1665739052.png?lm=1
Ruslan Malinovskyi,31,Genoa CFC,Attacking Midfield,Midfield,Ukraine,€5.00m,https://www.transfermarkt.us/ruslan-malinovskyi/profil/spieler/207877,ruslan-malinovskyi,207877,Serie A,https://img.a.transfermarkt.technology/portrait/header/207877-1663583019.jpg?lm=1
Gastón Pereiro,29,Genoa CFC,Attacking Midfield,Midfield,Uruguay,€1.00m,https://www.transfermarkt.us/gaston-pereiro/profil/spieler/264116,gaston-pereiro,264116,Serie A,https://img.a.transfermarkt.technology/portrait/header/264116-1630510867.jpg?lm=1
Federico Accornero,20,Genoa CFC,Left Winger,Attack,Italy,€0.5m,https://www.transfermarkt.us/federico-accornero/profil/spieler/650999,federico-accornero,650999,Serie A,https://img.a.transfermarkt.technology/portrait/header/650999-1697555766.jpg?lm=1
Junior Messias,33,Genoa CFC,Right Winger,Attack,Brazil,€2.50m,https://www.transfermarkt.us/junior-messias/profil/spieler/449151,junior-messias,449151,Serie A,https://img.a.transfermarkt.technology/portrait/header/449151-1663575000.jpg?lm=1
Andrea Pinamonti,25,Genoa CFC,Centre-Forward,Attack,Italy,€15.00m,https://www.transfermarkt.us/andrea-pinamonti/profil/spieler/315865,andrea-pinamonti,315865,Serie A,https://img.a.transfermarkt.technology/portrait/header/315865-1692883161.jpg?lm=1
Vitinha,24,Genoa CFC,Centre-Forward,Attack,Portugal,€14.00m,https://www.transfermarkt.us/vitinha/profil/spieler/586853,vitinha,586853,Serie A,https://img.a.transfermarkt.technology/portrait/header/586853-1730184491.jpg?lm=1
Jeff Ekhator,18,Genoa CFC,Centre-Forward,Attack,Italy,€3.00m,https://www.transfermarkt.us/jeff-ekhator/profil/spieler/934878,jeff-ekhator,934878,Serie A,https://img.a.transfermarkt.technology/portrait/header/934878-1723447979.jpg?lm=1
David Ankeye,22,Genoa CFC,Centre-Forward,Attack,Nigeria,€2.00m,https://www.transfermarkt.us/david-ankeye/profil/spieler/881610,david-ankeye,881610,Serie A,https://img.a.transfermarkt.technology/portrait/header/881610-1696948737.png?lm=1
Caleb Ekuban,30,Genoa CFC,Centre-Forward,Attack,Ghana,€1.50m,https://www.transfermarkt.us/caleb-ekuban/profil/spieler/199953,caleb-ekuban,199953,Serie A,https://img.a.transfermarkt.technology/portrait/header/199953-1707213734.jpg?lm=1
Mario Balotelli,34,Genoa CFC,Centre-Forward,Attack,Italy,€0.5m,https://www.transfermarkt.us/mario-balotelli/profil/spieler/45146,mario-balotelli,45146,Serie A,https://img.a.transfermarkt.technology/portrait/header/45146-1696865106.png?lm=1
Stefano Turati,23,AC Monza,Goalkeeper,Goalkeeper,Italy,€7.00m,https://www.transfermarkt.us/stefano-turati/profil/spieler/543666,stefano-turati,543666,Serie A,https://img.a.transfermarkt.technology/portrait/header/543666-1686126590.jpg?lm=1
Alessio Cragno,30,AC Monza,Goalkeeper,Goalkeeper,Italy,€1.50m,https://www.transfermarkt.us/alessio-cragno/profil/spieler/12907,alessio-cragno,12907,Serie A,https://img.a.transfermarkt.technology/portrait/header/12907-1663659430.jpg?lm=1
Semuel Pizzignacco,23,AC Monza,Goalkeeper,Goalkeeper,Italy,€0.8m,https://www.transfermarkt.us/semuel-pizzignacco/profil/spieler/537171,semuel-pizzignacco,537171,Serie A,https://img.a.transfermarkt.technology/portrait/header/537171-1725530533.jpg?lm=1
Andrea Mazza,20,AC Monza,Goalkeeper,Goalkeeper,Italy,€0.075m,https://www.transfermarkt.us/andrea-mazza/profil/spieler/815567,andrea-mazza,815567,Serie A,https://img.a.transfermarkt.technology/portrait/header/815567-1707727257.jpg?lm=1
Andrea Carboni,23,AC Monza,Centre-Back,Defender,Italy,€4.00m,https://www.transfermarkt.us/andrea-carboni/profil/spieler/481834,andrea-carboni,481834,Serie A,https://img.a.transfermarkt.technology/portrait/header/481834-1730125183.jpg?lm=1
Pablo Marí,31,AC Monza,Centre-Back,Defender,Spain,€3.50m,https://www.transfermarkt.us/pablo-mari/profil/spieler/210178,pablo-mari,210178,Serie A,https://img.a.transfermarkt.technology/portrait/header/210178-1663659195.jpg?lm=1
Armando Izzo,32,AC Monza,Centre-Back,Defender,Italy,€2.50m,https://www.transfermarkt.us/armando-izzo/profil/spieler/32113,armando-izzo,32113,Serie A,https://img.a.transfermarkt.technology/portrait/header/32113-1724827391.jpg?lm=1
Luca Caldirola,33,AC Monza,Centre-Back,Defender,Italy,€1.30m,https://www.transfermarkt.us/luca-caldirola/profil/spieler/88680,luca-caldirola,88680,Serie A,https://img.a.transfermarkt.technology/portrait/header/88680-1712508051.jpg?lm=1
Danilo D'Ambrosio,36,AC Monza,Centre-Back,Defender,Italy,€1.00m,https://www.transfermarkt.us/danilo-dambrosio/profil/spieler/55769,danilo-dambrosio,55769,Serie A,https://img.a.transfermarkt.technology/portrait/header/55769-1595925735.jpg?lm=1
Samuele Birindelli,25,AC Monza,Right-Back,Defender,Italy,€3.50m,https://www.transfermarkt.us/samuele-birindelli/profil/spieler/461019,samuele-birindelli,461019,Serie A,https://img.a.transfermarkt.technology/portrait/header/461019-1613547152.jpg?lm=1
Pedro Pereira,26,AC Monza,Right-Back,Defender,Portugal,€1.50m,https://www.transfermarkt.us/pedro-pereira/profil/spieler/314965,pedro-pereira,314965,Serie A,https://img.a.transfermarkt.technology/portrait/header/314965-1725528497.jpg?lm=1
Matteo Pessina,27,AC Monza,Central Midfield,Midfield,Italy,€15.00m,https://www.transfermarkt.us/matteo-pessina/profil/spieler/332179,matteo-pessina,332179,Serie A,https://img.a.transfermarkt.technology/portrait/header/332179-1661268524.jpg?lm=1
Warren Bondo,21,AC Monza,Central Midfield,Midfield,France,€6.00m,https://www.transfermarkt.us/warren-bondo/profil/spieler/659516,warren-bondo,659516,Serie A,https://img.a.transfermarkt.technology/portrait/header/659516-1663659034.jpg?lm=1
Roberto Gagliardini,30,AC Monza,Central Midfield,Midfield,Italy,€3.00m,https://www.transfermarkt.us/roberto-gagliardini/profil/spieler/197471,roberto-gagliardini,197471,Serie A,https://img.a.transfermarkt.technology/portrait/header/197471-1641817964.jpg?lm=1
Stefano Sensi,29,AC Monza,Central Midfield,Midfield,Italy,€3.00m,https://www.transfermarkt.us/stefano-sensi/profil/spieler/216179,stefano-sensi,216179,Serie A,https://img.a.transfermarkt.technology/portrait/header/216179-1692962617.jpg?lm=1
Alessandro Bianco,22,AC Monza,Central Midfield,Midfield,Italy,€2.50m,https://www.transfermarkt.us/alessandro-bianco/profil/spieler/602124,alessandro-bianco,602124,Serie A,https://img.a.transfermarkt.technology/portrait/header/602124-1725528350.jpg?lm=1
Mattia Valoti,31,AC Monza,Central Midfield,Midfield,Italy,€1.50m,https://www.transfermarkt.us/mattia-valoti/profil/spieler/167741,mattia-valoti,167741,Serie A,https://img.a.transfermarkt.technology/portrait/header/167741-1663659383.jpg?lm=1
Patrick Ciurria,29,AC Monza,Right Midfield,Midfield,Italy,€4.00m,https://www.transfermarkt.us/patrick-ciurria/profil/spieler/255838,patrick-ciurria,255838,Serie A,https://img.a.transfermarkt.technology/portrait/header/255838-1695030937.jpg?lm=1
Georgios Kyriakopoulos,28,AC Monza,Left Midfield,Midfield,Greece,€3.50m,https://www.transfermarkt.us/georgios-kyriakopoulos/profil/spieler/311178,georgios-kyriakopoulos,311178,Serie A,https://img.a.transfermarkt.technology/portrait/header/311178-1695030734.jpg?lm=1
Daniel Maldini,23,AC Monza,Attacking Midfield,Midfield,Italy,€6.00m,https://www.transfermarkt.us/daniel-maldini/profil/spieler/539134,daniel-maldini,539134,Serie A,https://img.a.transfermarkt.technology/portrait/header/539134-1695031448.jpg?lm=1
Samuele Vignato,20,AC Monza,Attacking Midfield,Midfield,Italy,€3.50m,https://www.transfermarkt.us/samuele-vignato/profil/spieler/650966,samuele-vignato,650966,Serie A,https://img.a.transfermarkt.technology/portrait/header/650966-1707129316.jpg?lm=1
Omari Forson,20,AC Monza,Right Winger,Attack,England,€2.00m,https://www.transfermarkt.us/omari-forson/profil/spieler/670845,omari-forson,670845,Serie A,https://img.a.transfermarkt.technology/portrait/header/670845-1722327564.jpg?lm=1
Dany Mota,26,AC Monza,Second Striker,Attack,Portugal,€5.00m,https://www.transfermarkt.us/dany-mota/profil/spieler/347253,dany-mota,347253,Serie A,https://img.a.transfermarkt.technology/portrait/header/347253-1652095197.jpg?lm=1
Gianluca Caprari,31,AC Monza,Second Striker,Attack,Italy,€4.00m,https://www.transfermarkt.us/gianluca-caprari/profil/spieler/146752,gianluca-caprari,146752,Serie A,https://img.a.transfermarkt.technology/portrait/header/146752-1663659110.jpg?lm=1
Andrea Petagna,29,AC Monza,Centre-Forward,Attack,Italy,€3.80m,https://www.transfermarkt.us/andrea-petagna/profil/spieler/199258,andrea-petagna,199258,Serie A,https://img.a.transfermarkt.technology/portrait/header/199258-1660297353.jpg?lm=1
Milan Djuric,34,AC Monza,Centre-Forward,Attack,Bosnia-Herzegovina,€1.50m,https://www.transfermarkt.us/milan-djuric/profil/spieler/67556,milan-djuric,67556,Serie A,https://img.a.transfermarkt.technology/portrait/header/67556-1628670733.jpg?lm=1
Davide Diaw,32,AC Monza,Centre-Forward,Attack,Italy,€0.9m,https://www.transfermarkt.us/davide-diaw/profil/spieler/404995,davide-diaw,404995,Serie A,https://img.a.transfermarkt.technology/portrait/header/404995-1664875531.png?lm=1
Mirko Maric,29,AC Monza,Centre-Forward,Attack,Croatia,€0.8m,https://www.transfermarkt.us/mirko-maric/profil/spieler/215649,mirko-maric,215649,Serie A,https://img.a.transfermarkt.technology/portrait/header/215649-1661764396.jpg?lm=1
Lorenzo Montipò,28,Hellas Verona,Goalkeeper,Goalkeeper,Italy,€3.50m,https://www.transfermarkt.us/lorenzo-montipo/profil/spieler/241923,lorenzo-montipo,241923,Serie A,https://img.a.transfermarkt.technology/portrait/header/241923-1724828092.jpg?lm=1
Simone Perilli,29,Hellas Verona,Goalkeeper,Goalkeeper,Italy,€0.2m,https://www.transfermarkt.us/simone-perilli/profil/spieler/240675,simone-perilli,240675,Serie A,https://img.a.transfermarkt.technology/portrait/header/240675-1659601467.jpg?lm=1
Alessandro Berardi,33,Hellas Verona,Goalkeeper,Goalkeeper,Italy,€0.05m,https://www.transfermarkt.us/alessandro-berardi/profil/spieler/127217,alessandro-berardi,127217,Serie A,https://img.a.transfermarkt.technology/portrait/header/127217-1630660791.jpg?lm=1
Diego Coppola,20,Hellas Verona,Centre-Back,Defender,Italy,€7.50m,https://www.transfermarkt.us/diego-coppola/profil/spieler/660860,diego-coppola,660860,Serie A,https://img.a.transfermarkt.technology/portrait/header/660860-1663671800.jpg?lm=1
Flavius Daniliuc,23,Hellas Verona,Centre-Back,Defender,Austria,€5.00m,https://www.transfermarkt.us/flavius-daniliuc/profil/spieler/322655,flavius-daniliuc,322655,Serie A,https://img.a.transfermarkt.technology/portrait/header/322655-1727704012.jpg?lm=1
Giangiacomo Magnani,29,Hellas Verona,Centre-Back,Defender,Italy,€3.00m,https://www.transfermarkt.us/giangiacomo-magnani/profil/spieler/310458,giangiacomo-magnani,310458,Serie A,https://img.a.transfermarkt.technology/portrait/header/310458-1725529511.jpg?lm=1
Paweł Dawidowicz,29,Hellas Verona,Centre-Back,Defender,Poland,€3.00m,https://www.transfermarkt.us/pawel-dawidowicz/profil/spieler/248732,pawel-dawidowicz,248732,Serie A,https://img.a.transfermarkt.technology/portrait/header/248732-1663671757.jpg?lm=1
Daniele Ghilardi,21,Hellas Verona,Centre-Back,Defender,Italy,€1.60m,https://www.transfermarkt.us/daniele-ghilardi/profil/spieler/701819,daniele-ghilardi,701819,Serie A,https://img.a.transfermarkt.technology/portrait/header/701819-1725530673.jpg?lm=1
Yllan Okou,21,Hellas Verona,Centre-Back,Defender,France,€0.9m,https://www.transfermarkt.us/yllan-okou/profil/spieler/745202,yllan-okou,745202,Serie A,https://img.a.transfermarkt.technology/portrait/header/745202-1666691706.jpg?lm=1
Christian Corradi,19,Hellas Verona,Centre-Back,Defender,Italy,€0.8m,https://www.transfermarkt.us/christian-corradi/profil/spieler/936183,christian-corradi,936183,Serie A,https://img.a.transfermarkt.technology/portrait/header/default.jpg?lm=1
Domagoj Bradarić,24,Hellas Verona,Left-Back,Defender,Croatia,€4.00m,https://www.transfermarkt.us/domagoj-bradaric/profil/spieler/357796,domagoj-bradaric,357796,Serie A,https://img.a.transfermarkt.technology/portrait/header/357796-1730186706.jpg?lm=1
Martin Frese,26,Hellas Verona,Left-Back,Defender,Denmark,€2.00m,https://www.transfermarkt.us/martin-frese/profil/spieler/488785,martin-frese,488785,Serie A,https://img.a.transfermarkt.technology/portrait/header/488785-1701443446.jpg?lm=1
Jackson Tchatchoua,23,Hellas Verona,Right-Back,Defender,Cameroon,€8.00m,https://www.transfermarkt.us/jackson-tchatchoua/profil/spieler/848509,jackson-tchatchoua,848509,Serie A,https://img.a.transfermarkt.technology/portrait/header/848509-1725529771.jpg?lm=1
Davide Faraoni,33,Hellas Verona,Right-Back,Defender,Italy,€1.50m,https://www.transfermarkt.us/davide-faraoni/profil/spieler/73926,davide-faraoni,73926,Serie A,https://img.a.transfermarkt.technology/portrait/header/73926-1663671695.jpg?lm=1
Reda Belahyane,20,Hellas Verona,Defensive Midfield,Midfield,Morocco,€5.00m,https://www.transfermarkt.us/reda-belahyane/profil/spieler/982855,reda-belahyane,982855,Serie A,https://img.a.transfermarkt.technology/portrait/header/982855-1674921768.jpg?lm=1
Joselito,20,Hellas Verona,Defensive Midfield,Midfield,Spain,€0.075m,https://www.transfermarkt.us/joselito/profil/spieler/776737,joselito,776737,Serie A,https://img.a.transfermarkt.technology/portrait/header/776737-1695032374.jpg?lm=1
Suat Serdar,27,Hellas Verona,Central Midfield,Midfield,Germany,€5.00m,https://www.transfermarkt.us/suat-serdar/profil/spieler/261905,suat-serdar,261905,Serie A,https://img.a.transfermarkt.technology/portrait/header/261905-1657098674.jpg?lm=1
Ondrej Duda,29,Hellas Verona,Central Midfield,Midfield,Slovakia,€4.00m,https://www.transfermarkt.us/ondrej-duda/profil/spieler/232418,ondrej-duda,232418,Serie A,https://img.a.transfermarkt.technology/portrait/header/232418-1716967836.jpg?lm=1
Abdou Harroui,26,Hellas Verona,Central Midfield,Midfield,Morocco,€2.70m,https://www.transfermarkt.us/abdou-harroui/profil/spieler/416386,abdou-harroui,416386,Serie A,https://img.a.transfermarkt.technology/portrait/header/416386-1730186775.jpg?lm=1
Dani Silva,24,Hellas Verona,Central Midfield,Midfield,Portugal,€2.00m,https://www.transfermarkt.us/dani-silva/profil/spieler/372445,dani-silva,372445,Serie A,https://img.a.transfermarkt.technology/portrait/header/372445-1707150919.jpg?lm=1
Darko Lazović,34,Hellas Verona,Left Midfield,Midfield,Serbia,€1.50m,https://www.transfermarkt.us/darko-lazovic/profil/spieler/70411,darko-lazovic,70411,Serie A,https://img.a.transfermarkt.technology/portrait/header/70411-1663671610.jpg?lm=1
Tomas Suslov,22,Hellas Verona,Attacking Midfield,Midfield,Slovakia,€7.00m,https://www.transfermarkt.us/tomas-suslov/profil/spieler/540333,tomas-suslov,540333,Serie A,https://img.a.transfermarkt.technology/portrait/header/540333-1695032418.jpg?lm=1
Ayanda Sishuba,19,Hellas Verona,Attacking Midfield,Midfield,Belgium,€2.00m,https://www.transfermarkt.us/ayanda-sishuba/profil/spieler/977877,ayanda-sishuba,977877,Serie A,https://img.a.transfermarkt.technology/portrait/header/977877-1672604146.jpg?lm=1
Grigoris Kastanos,26,Hellas Verona,Attacking Midfield,Midfield,Cyprus,€1.80m,https://www.transfermarkt.us/grigoris-kastanos/profil/spieler/298635,grigoris-kastanos,298635,Serie A,https://img.a.transfermarkt.technology/portrait/header/298635-1725530400.jpg?lm=1
Alphadjo Cissè,18,Hellas Verona,Attacking Midfield,Midfield,Italy,€1.40m,https://www.transfermarkt.us/alphadjo-cisse/profil/spieler/964087,alphadjo-cisse,964087,Serie A,https://img.a.transfermarkt.technology/portrait/header/964087-1704901805.jpg?lm=1
Faride Alidou,23,Hellas Verona,Left Winger,Attack,Germany,€2.50m,https://www.transfermarkt.us/faride-alidou/profil/spieler/456492,faride-alidou,456492,Serie A,https://img.a.transfermarkt.technology/portrait/header/456492-1663065628.jpg?lm=1
Casper Tengstedt,24,Hellas Verona,Centre-Forward,Attack,Denmark,€5.00m,https://www.transfermarkt.us/casper-tengstedt/profil/spieler/464598,casper-tengstedt,464598,Serie A,https://img.a.transfermarkt.technology/portrait/header/464598-1730186838.jpg?lm=1
Amin Sarr,23,Hellas Verona,Centre-Forward,Attack,Sweden,€4.00m,https://www.transfermarkt.us/amin-sarr/profil/spieler/748382,amin-sarr,748382,Serie A,https://img.a.transfermarkt.technology/portrait/header/748382-1695624167.jpg?lm=1
Daniel Mosquera,25,Hellas Verona,Centre-Forward,Attack,Colombia,€1.50m,https://www.transfermarkt.us/daniel-mosquera/profil/spieler/651569,daniel-mosquera,651569,Serie A,https://img.a.transfermarkt.technology/portrait/header/651569-1722324016.jpg?lm=1
Dailon Rocha Livramento,23,Hellas Verona,Centre-Forward,Attack,Cape Verde,€0.8m,https://www.transfermarkt.us/dailon-rocha-livramento/profil/spieler/676411,dailon-rocha-livramento,676411,Serie A,https://img.a.transfermarkt.technology/portrait/header/676411-1664798687.jpg?lm=1
Mathis Lambourde,18,Hellas Verona,Centre-Forward,Attack,France,€0.5m,https://www.transfermarkt.us/mathis-lambourde/profil/spieler/979766,mathis-lambourde,979766,Serie A,https://img.a.transfermarkt.technology/portrait/header/979766-1695915147.jpg?lm=1
Juan Manuel Cruz,25,Hellas Verona,Centre-Forward,Attack,Argentina,€0.45m,https://www.transfermarkt.us/juan-manuel-cruz/profil/spieler/748316,juan-manuel-cruz,748316,Serie A,https://img.a.transfermarkt.technology/portrait/header/748316-1695711115.jpg?lm=1
Junior Ajayi,20,Hellas Verona,Centre-Forward,Attack,Cote d'Ivoire,€0.15m,https://www.transfermarkt.us/junior-ajayi/profil/spieler/1111820,junior-ajayi,1111820,Serie A,https://img.a.transfermarkt.technology/portrait/header/1111820-1725266377.jpg?lm=1
Wladimiro Falcone,29,US Lecce,Goalkeeper,Goalkeeper,Italy,€5.00m,https://www.transfermarkt.us/wladimiro-falcone/profil/spieler/238537,wladimiro-falcone,238537,Serie A,https://img.a.transfermarkt.technology/portrait/header/238537-1693308504.jpg?lm=1
Christian Früchtl,24,US Lecce,Goalkeeper,Goalkeeper,Germany,€1.50m,https://www.transfermarkt.us/christian-fruchtl/profil/spieler/336307,christian-fruchtl,336307,Serie A,https://img.a.transfermarkt.technology/portrait/header/336307-1695655759.jpg?lm=1
Alexandru Borbei,21,US Lecce,Goalkeeper,Goalkeeper,Romania,€0.15m,https://www.transfermarkt.us/alexandru-borbei/profil/spieler/667640,alexandru-borbei,667640,Serie A,https://img.a.transfermarkt.technology/portrait/header/667640-1709655552.jpg?lm=1
Jasper Samooja,21,US Lecce,Goalkeeper,Goalkeeper,Finland,€0.075m,https://www.transfermarkt.us/jasper-samooja/profil/spieler/712911,jasper-samooja,712911,Serie A,https://img.a.transfermarkt.technology/portrait/header/712911-1730122886.jpg?lm=1
Federico Baschirotto,28,US Lecce,Centre-Back,Defender,Italy,€6.00m,https://www.transfermarkt.us/federico-baschirotto/profil/spieler/351955,federico-baschirotto,351955,Serie A,https://img.a.transfermarkt.technology/portrait/header/351955-1730126092.jpg?lm=1
Andy Pelmard,24,US Lecce,Centre-Back,Defender,France,€3.00m,https://www.transfermarkt.us/andy-pelmard/profil/spieler/494236,andy-pelmard,494236,Serie A,https://img.a.transfermarkt.technology/portrait/header/494236-1730185580.jpg?lm=1
Kialonda Gaspar,27,US Lecce,Centre-Back,Defender,Angola,€2.50m,https://www.transfermarkt.us/kialonda-gaspar/profil/spieler/836441,kialonda-gaspar,836441,Serie A,https://img.a.transfermarkt.technology/portrait/header/836441-1730185525.jpg?lm=1
Kevin Bonifazi,28,US Lecce,Centre-Back,Defender,Italy,€1.80m,https://www.transfermarkt.us/kevin-bonifazi/profil/spieler/247377,kevin-bonifazi,247377,Serie A,https://img.a.transfermarkt.technology/portrait/header/247377-1663656615.jpg?lm=1
Gaby Jean,24,US Lecce,Centre-Back,Defender,France,€1.00m,https://www.transfermarkt.us/gaby-jean/profil/spieler/805886,gaby-jean,805886,Serie A,https://img.a.transfermarkt.technology/portrait/header/805886-1692033275.png?lm=1
Sebastian Esposito,19,US Lecce,Centre-Back,Defender,Australia,€0.2m,https://www.transfermarkt.us/sebastian-esposito/profil/spieler/1118086,sebastian-esposito,1118086,Serie A,https://img.a.transfermarkt.technology/portrait/header/1118086-1708933470.jpg?lm=1
Antonino Gallo,24,US Lecce,Left-Back,Defender,Italy,€4.50m,https://www.transfermarkt.us/antonino-gallo/profil/spieler/392516,antonino-gallo,392516,Serie A,https://img.a.transfermarkt.technology/portrait/header/392516-1663745734.jpg?lm=1
Vernon Addo,19,US Lecce,Left-Back,Defender,Netherlands,€0.15m,https://www.transfermarkt.us/vernon-addo/profil/spieler/1017950,vernon-addo,1017950,Serie A,https://img.a.transfermarkt.technology/portrait/header/1017950-1669889030.png?lm=1
Frédéric Guilbert,29,US Lecce,Right-Back,Defender,France,€3.00m,https://www.transfermarkt.us/frederic-guilbert/profil/spieler/354352,frederic-guilbert,354352,Serie A,https://img.a.transfermarkt.technology/portrait/header/354352-1673963895.jpg?lm=1
Ylber Ramadani,28,US Lecce,Defensive Midfield,Midfield,Albania,€4.00m,https://www.transfermarkt.us/ylber-ramadani/profil/spieler/442703,ylber-ramadani,442703,Serie A,https://img.a.transfermarkt.technology/portrait/header/442703-1691151579.jpg?lm=1
Balthazar Pierret,24,US Lecce,Defensive Midfield,Midfield,France,€1.00m,https://www.transfermarkt.us/balthazar-pierret/profil/spieler/642002,balthazar-pierret,642002,Serie A,https://img.a.transfermarkt.technology/portrait/header/642002-1730185630.jpg?lm=1
Joan González,22,US Lecce,Central Midfield,Midfield,Spain,€4.50m,https://www.transfermarkt.us/joan-gonzalez/profil/spieler/692209,joan-gonzalez,692209,Serie A,https://img.a.transfermarkt.technology/portrait/header/692209-1681309894.jpg?lm=1
Mohamed Kaba,23,US Lecce,Central Midfield,Midfield,France,€3.50m,https://www.transfermarkt.us/mohamed-kaba/profil/spieler/911328,mohamed-kaba,911328,Serie A,https://img.a.transfermarkt.technology/portrait/header/911328-1695033138.jpg?lm=1
Lassana Coulibaly,28,US Lecce,Central Midfield,Midfield,Mali,€2.80m,https://www.transfermarkt.us/lassana-coulibaly/profil/spieler/386552,lassana-coulibaly,386552,Serie A,https://img.a.transfermarkt.technology/portrait/header/386552-1725529617.jpg?lm=1
Hamza Rafia,25,US Lecce,Central Midfield,Midfield,Tunisia,€1.70m,https://www.transfermarkt.us/hamza-rafia/profil/spieler/418571,hamza-rafia,418571,Serie A,https://img.a.transfermarkt.technology/portrait/header/418571-1725530321.jpg?lm=1
Medon Berisha,21,US Lecce,Central Midfield,Midfield,Albania,€1.00m,https://www.transfermarkt.us/medon-berisha/profil/spieler/583046,medon-berisha,583046,Serie A,https://img.a.transfermarkt.technology/portrait/header/583046-1662114572.jpg?lm=1
Thórir Jóhann Helgason,24,US Lecce,Central Midfield,Midfield,Iceland,€1.00m,https://www.transfermarkt.us/thorir-johann-helgason/profil/spieler/488996,thorir-johann-helgason,488996,Serie A,https://img.a.transfermarkt.technology/portrait/header/488996-1725530709.jpg?lm=1
Ed McJannet,20,US Lecce,Central Midfield,Midfield,Ireland,€0.15m,https://www.transfermarkt.us/ed-mcjannet/profil/spieler/802243,ed-mcjannet,802243,Serie A,https://img.a.transfermarkt.technology/portrait/header/802243-1709655876.jpg?lm=1
Filip Marchwinski,22,US Lecce,Attacking Midfield,Midfield,Poland,€6.00m,https://www.transfermarkt.us/filip-marchwinski/profil/spieler/555106,filip-marchwinski,555106,Serie A,https://img.a.transfermarkt.technology/portrait/header/555106-1671295036.png?lm=1
Rémi Oudin,28,US Lecce,Attacking Midfield,Midfield,France,€3.50m,https://www.transfermarkt.us/remi-oudin/profil/spieler/399543,remi-oudin,399543,Serie A,https://img.a.transfermarkt.technology/portrait/header/399543-1662015046.jpg?lm=1
Lameck Banda,23,US Lecce,Left Winger,Attack,Zambia,€6.00m,https://www.transfermarkt.us/lameck-banda/profil/spieler/545538,lameck-banda,545538,Serie A,https://img.a.transfermarkt.technology/portrait/header/545538-1663744937.jpg?lm=1
Tete Morente,27,US Lecce,Left Winger,Attack,Spain,€2.50m,https://www.transfermarkt.us/tete-morente/profil/spieler/339816,tete-morente,339816,Serie A,https://img.a.transfermarkt.technology/portrait/header/339816-1730123532.jpg?lm=1
Ante Rebić,31,US Lecce,Left Winger,Attack,Croatia,€2.00m,https://www.transfermarkt.us/ante-rebic/profil/spieler/187587,ante-rebic,187587,Serie A,https://img.a.transfermarkt.technology/portrait/header/187587-1596115623.jpg?lm=1
Nicola Sansone,33,US Lecce,Left Winger,Attack,Italy,€1.00m,https://www.transfermarkt.us/nicola-sansone/profil/spieler/82048,nicola-sansone,82048,Serie A,https://img.a.transfermarkt.technology/portrait/header/82048-1663656944.jpg?lm=1
Patrick Dorgu,20,US Lecce,Right Winger,Attack,Denmark,€12.00m,https://www.transfermarkt.us/patrick-dorgu/profil/spieler/926952,patrick-dorgu,926952,Serie A,https://img.a.transfermarkt.technology/portrait/header/926952-1697182638.jpg?lm=1
Santiago Pierotti,23,US Lecce,Right Winger,Attack,Argentina,€2.50m,https://www.transfermarkt.us/santiago-pierotti/profil/spieler/674806,santiago-pierotti,674806,Serie A,https://img.a.transfermarkt.technology/portrait/header/674806-1709016512.jpg?lm=1
Luis Hasa,20,US Lecce,Right Winger,Attack,Italy,€1.00m,https://www.transfermarkt.us/luis-hasa/profil/spieler/724178,luis-hasa,724178,Serie A,https://img.a.transfermarkt.technology/portrait/header/724178-1655244826.jpg?lm=1
Jeppe Corfitzen,19,US Lecce,Right Winger,Attack,Denmark,€0.4m,https://www.transfermarkt.us/jeppe-corfitzen/profil/spieler/709985,jeppe-corfitzen,709985,Serie A,https://img.a.transfermarkt.technology/portrait/header/709985-1695107527.jpg?lm=1
Dario Daka,20,US Lecce,Right Winger,Attack,Albania,€0.075m,https://www.transfermarkt.us/dario-daka/profil/spieler/816679,dario-daka,816679,Serie A,https://img.a.transfermarkt.technology/portrait/header/816679-1709655828.jpg?lm=1
Nikola Krstović,24,US Lecce,Centre-Forward,Attack,Montenegro,€6.00m,https://www.transfermarkt.us/nikola-krstovic/profil/spieler/434433,nikola-krstovic,434433,Serie A,https://img.a.transfermarkt.technology/portrait/header/434433-1730126208.jpg?lm=1
Rareș Burnete,20,US Lecce,Centre-Forward,Attack,Romania,€0.7m,https://www.transfermarkt.us/rares-burnete/profil/spieler/731525,rares-burnete,731525,Serie A,https://img.a.transfermarkt.technology/portrait/header/731525-1709655620.jpg?lm=1
Maduka Okoye,25,Udinese Calcio,Goalkeeper,Goalkeeper,Nigeria,€7.50m,https://www.transfermarkt.us/maduka-okoye/profil/spieler/340353,maduka-okoye,340353,Serie A,https://img.a.transfermarkt.technology/portrait/header/340353-1729542646.jpg?lm=1
Răzvan Sava,22,Udinese Calcio,Goalkeeper,Goalkeeper,Romania,€2.00m,https://www.transfermarkt.us/razvan-sava/profil/spieler/568617,razvan-sava,568617,Serie A,https://img.a.transfermarkt.technology/portrait/header/568617-1730124399.jpg?lm=1
Daniele Padelli,39,Udinese Calcio,Goalkeeper,Goalkeeper,Italy,€0.15m,https://www.transfermarkt.us/daniele-padelli/profil/spieler/27807,daniele-padelli,27807,Serie A,https://img.a.transfermarkt.technology/portrait/header/27807-1630653305.jpg?lm=1
Edoardo Piana,21,Udinese Calcio,Goalkeeper,Goalkeeper,Italy,€0.025m,https://www.transfermarkt.us/edoardo-piana/profil/spieler/612059,edoardo-piana,612059,Serie A,https://img.a.transfermarkt.technology/portrait/header/612059-1673248975.jpg?lm=1
Jaka Bijol,25,Udinese Calcio,Centre-Back,Defender,Slovenia,€15.00m,https://www.transfermarkt.us/jaka-bijol/profil/spieler/371851,jaka-bijol,371851,Serie A,https://img.a.transfermarkt.technology/portrait/header/371851-1695029407.jpg?lm=1
Isaak Touré,21,Udinese Calcio,Centre-Back,Defender,France,€7.00m,https://www.transfermarkt.us/isaak-toure/profil/spieler/708678,isaak-toure,708678,Serie A,https://img.a.transfermarkt.technology/portrait/header/708678-1645641626.jpg?lm=1
Thomas Kristensen,22,Udinese Calcio,Centre-Back,Defender,Denmark,€4.50m,https://www.transfermarkt.us/thomas-kristensen/profil/spieler/698259,thomas-kristensen,698259,Serie A,https://img.a.transfermarkt.technology/portrait/header/698259-1696837568.jpg?lm=1
Enzo Ebosse,25,Udinese Calcio,Centre-Back,Defender,Cameroon,€2.50m,https://www.transfermarkt.us/enzo-ebosse/profil/spieler/342877,enzo-ebosse,342877,Serie A,https://img.a.transfermarkt.technology/portrait/header/342877-1659337327.jpg?lm=1
Lautaro Giannetti,31,Udinese Calcio,Centre-Back,Defender,Argentina,€2.50m,https://www.transfermarkt.us/lautaro-giannetti/profil/spieler/225963,lautaro-giannetti,225963,Serie A,https://img.a.transfermarkt.technology/portrait/header/225963-1730184191.jpg?lm=1
Matteo Palma,16,Udinese Calcio,Centre-Back,Defender,Germany,€1.00m,https://www.transfermarkt.us/matteo-palma/profil/spieler/1058354,matteo-palma,1058354,Serie A,https://img.a.transfermarkt.technology/portrait/header/1058354-1730184292.jpg?lm=1
Christian Kabasele,33,Udinese Calcio,Centre-Back,Defender,Belgium,€1.00m,https://www.transfermarkt.us/christian-kabasele/profil/spieler/81512,christian-kabasele,81512,Serie A,https://img.a.transfermarkt.technology/portrait/header/81512-1692277533.jpg?lm=1
James Abankwah,20,Udinese Calcio,Centre-Back,Defender,Ireland,€0.8m,https://www.transfermarkt.us/james-abankwah/profil/spieler/648032,james-abankwah,648032,Serie A,https://img.a.transfermarkt.technology/portrait/header/648032-1730125344.jpg?lm=1
Axel Guessand,20,Udinese Calcio,Centre-Back,Defender,France,€0.5m,https://www.transfermarkt.us/axel-guessand/profil/spieler/925584,axel-guessand,925584,Serie A,https://img.a.transfermarkt.technology/portrait/header/925584-1707472080.jpg?lm=1
Jordan Zemura,25,Udinese Calcio,Left-Back,Defender,Zimbabwe,€5.00m,https://www.transfermarkt.us/jordan-zemura/profil/spieler/633530,jordan-zemura,633530,Serie A,https://img.a.transfermarkt.technology/portrait/header/633530-1730184134.jpg?lm=1
Hassane Kamara,30,Udinese Calcio,Left-Back,Defender,Cote d'Ivoire,€4.50m,https://www.transfermarkt.us/hassane-kamara/profil/spieler/290017,hassane-kamara,290017,Serie A,https://img.a.transfermarkt.technology/portrait/header/290017-1730126484.jpg?lm=1
Kingsley Ehizibue,29,Udinese Calcio,Right-Back,Defender,Netherlands,€2.20m,https://www.transfermarkt.us/kingsley-ehizibue/profil/spieler/272812,kingsley-ehizibue,272812,Serie A,https://img.a.transfermarkt.technology/portrait/header/272812-1657109971.jpg?lm=1
Jesper Karlström,29,Udinese Calcio,Defensive Midfield,Midfield,Sweden,€2.00m,https://www.transfermarkt.us/jesper-karlstrom/profil/spieler/222855,jesper-karlstrom,222855,Serie A,https://img.a.transfermarkt.technology/portrait/header/222855-1730184243.jpg?lm=1
Arthur Atta,21,Udinese Calcio,Defensive Midfield,Midfield,France,€1.00m,https://www.transfermarkt.us/arthur-atta/profil/spieler/855308,arthur-atta,855308,Serie A,https://img.a.transfermarkt.technology/portrait/header/855308-1697462067.png?lm=1
Sandi Lovrić,26,Udinese Calcio,Central Midfield,Midfield,Slovenia,€8.00m,https://www.transfermarkt.us/sandi-lovric/profil/spieler/268429,sandi-lovric,268429,Serie A,https://img.a.transfermarkt.technology/portrait/header/268429-1725531957.jpg?lm=1
Martín Payero,26,Udinese Calcio,Central Midfield,Midfield,Argentina,€4.50m,https://www.transfermarkt.us/martin-payero/profil/spieler/555820,martin-payero,555820,Serie A,https://img.a.transfermarkt.technology/portrait/header/555820-1707213845.jpg?lm=1
Oier Zarraga,25,Udinese Calcio,Central Midfield,Midfield,Spain,€2.00m,https://www.transfermarkt.us/oier-zarraga/profil/spieler/524010,oier-zarraga,524010,Serie A,https://img.a.transfermarkt.technology/portrait/header/524010-1692963352.jpg?lm=1
Rui Modesto,25,Udinese Calcio,Right Midfield,Midfield,Angola,€2.00m,https://www.transfermarkt.us/rui-modesto/profil/spieler/671799,rui-modesto,671799,Serie A,https://img.a.transfermarkt.technology/portrait/header/671799-1718958112.jpg?lm=1
Jurgen Ekkelenkamp,24,Udinese Calcio,Attacking Midfield,Midfield,Netherlands,€5.50m,https://www.transfermarkt.us/jurgen-ekkelenkamp/profil/spieler/361068,jurgen-ekkelenkamp,361068,Serie A,https://img.a.transfermarkt.technology/portrait/header/361068-1657098697.jpg?lm=1
David Pejičić,17,Udinese Calcio,Attacking Midfield,Midfield,Slovenia,€1.00m,https://www.transfermarkt.us/david-pejicic/profil/spieler/1009633,david-pejicic,1009633,Serie A,https://img.a.transfermarkt.technology/portrait/header/1009633-1693205121.jpg?lm=1
Florian Thauvin,31,Udinese Calcio,Right Winger,Attack,France,€5.00m,https://www.transfermarkt.us/florian-thauvin/profil/spieler/184892,florian-thauvin,184892,Serie A,https://img.a.transfermarkt.technology/portrait/header/184892-1675246062.jpg?lm=1
Lorenzo Lucca,24,Udinese Calcio,Centre-Forward,Attack,Italy,€18.00m,https://www.transfermarkt.us/lorenzo-lucca/profil/spieler/572265,lorenzo-lucca,572265,Serie A,https://img.a.transfermarkt.technology/portrait/header/572265-1725531439.jpg?lm=1
Brenner,24,Udinese Calcio,Centre-Forward,Attack,Brazil,€8.50m,https://www.transfermarkt.us/brenner/profil/spieler/412366,brenner,412366,Serie A,https://img.a.transfermarkt.technology/portrait/header/412366-1692880573.jpg?lm=1
Damián Pizarro,19,Udinese Calcio,Centre-Forward,Attack,Chile,€6.50m,https://www.transfermarkt.us/damian-pizarro/profil/spieler/950593,damian-pizarro,950593,Serie A,https://img.a.transfermarkt.technology/portrait/header/950593-1704212770.jpg?lm=1
Keinan Davis,26,Udinese Calcio,Centre-Forward,Attack,England,€3.00m,https://www.transfermarkt.us/keinan-davis/profil/spieler/412660,keinan-davis,412660,Serie A,https://img.a.transfermarkt.technology/portrait/header/412660-1707127382.jpg?lm=1
Alexis Sánchez,35,Udinese Calcio,Centre-Forward,Attack,Chile,€2.50m,https://www.transfermarkt.us/alexis-sanchez/profil/spieler/40433,alexis-sanchez,40433,Serie A,https://img.a.transfermarkt.technology/portrait/header/40433-1660118147.jpg?lm=1
Iker Bravo,19,Udinese Calcio,Centre-Forward,Attack,Spain,€1.50m,https://www.transfermarkt.us/iker-bravo/profil/spieler/741292,iker-bravo,741292,Serie A,https://img.a.transfermarkt.technology/portrait/header/741292-1658913909.jpg?lm=1
Gerard Deulofeu,30,Udinese Calcio,Centre-Forward,Attack,Spain,€1.00m,https://www.transfermarkt.us/gerard-deulofeu/profil/spieler/129476,gerard-deulofeu,129476,Serie A,https://img.a.transfermarkt.technology/portrait/header/129476-1695029603.jpg?lm=1
Simone Scuffet,28,Cagliari Calcio,Goalkeeper,Goalkeeper,Italy,€2.50m,https://www.transfermarkt.us/simone-scuffet/profil/spieler/238993,simone-scuffet,238993,Serie A,https://img.a.transfermarkt.technology/portrait/header/238993-1692963456.jpg?lm=1
Alen Sherri,26,Cagliari Calcio,Goalkeeper,Goalkeeper,Albania,€0.35m,https://www.transfermarkt.us/alen-sherri/profil/spieler/304144,alen-sherri,304144,Serie A,https://img.a.transfermarkt.technology/portrait/header/304144-1730124783.jpg?lm=1
Giuseppe Ciocci,22,Cagliari Calcio,Goalkeeper,Goalkeeper,Italy,€0.1m,https://www.transfermarkt.us/giuseppe-ciocci/profil/spieler/535740,giuseppe-ciocci,535740,Serie A,https://img.a.transfermarkt.technology/portrait/header/535740-1697554645.png?lm=1
Sebastiano Luperto,28,Cagliari Calcio,Centre-Back,Defender,Italy,€3.50m,https://www.transfermarkt.us/sebastiano-luperto/profil/spieler/278531,sebastiano-luperto,278531,Serie A,https://img.a.transfermarkt.technology/portrait/header/278531-1730125275.jpg?lm=1
Adam Obert,22,Cagliari Calcio,Centre-Back,Defender,Slovakia,€3.50m,https://www.transfermarkt.us/adam-obert/profil/spieler/568333,adam-obert,568333,Serie A,https://img.a.transfermarkt.technology/portrait/header/568333-1695033793.jpg?lm=1
Mateusz Wieteska,27,Cagliari Calcio,Centre-Back,Defender,Poland,€3.00m,https://www.transfermarkt.us/mateusz-wieteska/profil/spieler/208172,mateusz-wieteska,208172,Serie A,https://img.a.transfermarkt.technology/portrait/header/208172-1668091600.jpg?lm=1
Yerry Mina,30,Cagliari Calcio,Centre-Back,Defender,Colombia,€3.00m,https://www.transfermarkt.us/yerry-mina/profil/spieler/289446,yerry-mina,289446,Serie A,https://img.a.transfermarkt.technology/portrait/header/289446-1730186402.jpg?lm=1
José Luis Palomino,34,Cagliari Calcio,Centre-Back,Defender,Argentina,€0.7m,https://www.transfermarkt.us/jose-luis-palomino/profil/spieler/125020,jose-luis-palomino,125020,Serie A,https://img.a.transfermarkt.technology/portrait/header/125020-1663582906.jpg?lm=1
Tommaso Augello,30,Cagliari Calcio,Left-Back,Defender,Italy,€2.00m,https://www.transfermarkt.us/tommaso-augello/profil/spieler/284595,tommaso-augello,284595,Serie A,https://img.a.transfermarkt.technology/portrait/header/284595-1663679538.jpg?lm=1
Paulo Azzi,30,Cagliari Calcio,Left-Back,Defender,Brazil,€1.00m,https://www.transfermarkt.us/paulo-azzi/profil/spieler/310527,paulo-azzi,310527,Serie A,https://img.a.transfermarkt.technology/portrait/header/310527-1692963812.jpg?lm=1
Gabriele Zappa,24,Cagliari Calcio,Right-Back,Defender,Italy,€2.50m,https://www.transfermarkt.us/gabriele-zappa/profil/spieler/392569,gabriele-zappa,392569,Serie A,https://img.a.transfermarkt.technology/portrait/header/392569-1695033763.jpg?lm=1
Matteo Prati,20,Cagliari Calcio,Defensive Midfield,Midfield,Italy,€10.00m,https://www.transfermarkt.us/matteo-prati/profil/spieler/876298,matteo-prati,876298,Serie A,https://img.a.transfermarkt.technology/portrait/header/876298-1686214955.jpg?lm=1
Antoine Makoumbou,26,Cagliari Calcio,Defensive Midfield,Midfield,Congo,€4.50m,https://www.transfermarkt.us/antoine-makoumbou/profil/spieler/460651,antoine-makoumbou,460651,Serie A,https://img.a.transfermarkt.technology/portrait/header/460651-1730186433.jpg?lm=1
Răzvan Marin,28,Cagliari Calcio,Defensive Midfield,Midfield,Romania,€3.50m,https://www.transfermarkt.us/razvan-marin/profil/spieler/295183,razvan-marin,295183,Serie A,https://img.a.transfermarkt.technology/portrait/header/295183-1719665338.jpg?lm=1
Alessandro Deiola,29,Cagliari Calcio,Central Midfield,Midfield,Italy,€1.90m,https://www.transfermarkt.us/alessandro-deiola/profil/spieler/235931,alessandro-deiola,235931,Serie A,https://img.a.transfermarkt.technology/portrait/header/235931-1692964002.jpg?lm=1
Michel Adopo,24,Cagliari Calcio,Central Midfield,Midfield,France,€1.00m,https://www.transfermarkt.us/michel-adopo/profil/spieler/564305,michel-adopo,564305,Serie A,https://img.a.transfermarkt.technology/portrait/header/564305-1730186534.jpg?lm=1
Nicolas Viola,35,Cagliari Calcio,Central Midfield,Midfield,Italy,€0.8m,https://www.transfermarkt.us/nicolas-viola/profil/spieler/85393,nicolas-viola,85393,Serie A,https://img.a.transfermarkt.technology/portrait/header/85393-1692962279.jpg?lm=1
Nadir Zortea,25,Cagliari Calcio,Right Midfield,Midfield,Italy,€3.00m,https://www.transfermarkt.us/nadir-zortea/profil/spieler/392966,nadir-zortea,392966,Serie A,https://img.a.transfermarkt.technology/portrait/header/392966-1730186481.jpg?lm=1
Jakub Jankto,28,Cagliari Calcio,Left Midfield,Midfield,Czech Republic,€1.20m,https://www.transfermarkt.us/jakub-jankto/profil/spieler/319160,jakub-jankto,319160,Serie A,https://img.a.transfermarkt.technology/portrait/header/319160-1692962488.jpg?lm=1
Gianluca Gaetano,24,Cagliari Calcio,Attacking Midfield,Midfield,Italy,€6.00m,https://www.transfermarkt.us/gianluca-gaetano/profil/spieler/358008,gianluca-gaetano,358008,Serie A,https://img.a.transfermarkt.technology/portrait/header/358008-1656581154.jpg?lm=1
Mattia Felici,23,Cagliari Calcio,Left Winger,Attack,Italy,€1.50m,https://www.transfermarkt.us/mattia-felici/profil/spieler/600041,mattia-felici,600041,Serie A,https://img.a.transfermarkt.technology/portrait/header/600041-1730125232.jpg?lm=1
Zito Luvumbo,22,Cagliari Calcio,Centre-Forward,Attack,Angola,€7.50m,https://www.transfermarkt.us/zito-luvumbo/profil/spieler/666547,zito-luvumbo,666547,Serie A,https://img.a.transfermarkt.technology/portrait/header/666547-1655123282.jpg?lm=1
Roberto Piccoli,23,Cagliari Calcio,Centre-Forward,Attack,Italy,€4.00m,https://www.transfermarkt.us/roberto-piccoli/profil/spieler/432092,roberto-piccoli,432092,Serie A,https://img.a.transfermarkt.technology/portrait/header/432092-1663672767.jpg?lm=1
Gianluca Lapadula,34,Cagliari Calcio,Centre-Forward,Attack,Peru,€1.50m,https://www.transfermarkt.us/gianluca-lapadula/profil/spieler/130394,gianluca-lapadula,130394,Serie A,https://img.a.transfermarkt.technology/portrait/header/130394-1718677760.jpg?lm=1
Kingstone Mutandwa,21,Cagliari Calcio,Centre-Forward,Attack,Zambia,€1.00m,https://www.transfermarkt.us/kingstone-mutandwa/profil/spieler/1111663,kingstone-mutandwa,1111663,Serie A,https://img.a.transfermarkt.technology/portrait/header/1111663-1710139710.jpg?lm=1
Leonardo Pavoletti,36,Cagliari Calcio,Centre-Forward,Attack,Italy,€0.8m,https://www.transfermarkt.us/leonardo-pavoletti/profil/spieler/64793,leonardo-pavoletti,64793,Serie A,https://img.a.transfermarkt.technology/portrait/header/64793-1725530760.jpg?lm=1
Devis Vásquez,26,FC Empoli,Goalkeeper,Goalkeeper,Colombia,€2.50m,https://www.transfermarkt.us/devis-vasquez/profil/spieler/495722,devis-vasquez,495722,Serie A,https://img.a.transfermarkt.technology/portrait/header/495722-1730186022.jpg?lm=1
Samuele Perisan,27,FC Empoli,Goalkeeper,Goalkeeper,Italy,€0.6m,https://www.transfermarkt.us/samuele-perisan/profil/spieler/301240,samuele-perisan,301240,Serie A,https://img.a.transfermarkt.technology/portrait/header/301240-1663678229.jpg?lm=1
Federico Brancolini,23,FC Empoli,Goalkeeper,Goalkeeper,Italy,€0.2m,https://www.transfermarkt.us/federico-brancolini/profil/spieler/451154,federico-brancolini,451154,Serie A,https://img.a.transfermarkt.technology/portrait/header/451154-1655122974.jpg?lm=1
Jacopo Seghetti,19,FC Empoli,Goalkeeper,Goalkeeper,Italy,€0.15m,https://www.transfermarkt.us/jacopo-seghetti/profil/spieler/935777,jacopo-seghetti,935777,Serie A,https://img.a.transfermarkt.technology/portrait/header/935777-1704955672.jpg?lm=1
Saba Goglichidze,20,FC Empoli,Centre-Back,Defender,Georgia,€5.00m,https://www.transfermarkt.us/saba-goglichidze/profil/spieler/906160,saba-goglichidze,906160,Serie A,https://img.a.transfermarkt.technology/portrait/header/906160-1732017345.jpg?lm=1
Mattia Viti,22,FC Empoli,Centre-Back,Defender,Italy,€5.00m,https://www.transfermarkt.us/mattia-viti/profil/spieler/493702,mattia-viti,493702,Serie A,https://img.a.transfermarkt.technology/portrait/header/493702-1692882028.jpg?lm=1
Ardian Ismajli,28,FC Empoli,Centre-Back,Defender,Albania,€5.00m,https://www.transfermarkt.us/ardian-ismajli/profil/spieler/435228,ardian-ismajli,435228,Serie A,https://img.a.transfermarkt.technology/portrait/header/435228-1663677962.jpg?lm=1
Saba Sazonov,22,FC Empoli,Centre-Back,Defender,Georgia,€2.80m,https://www.transfermarkt.us/saba-sazonov/profil/spieler/655456,saba-sazonov,655456,Serie A,https://img.a.transfermarkt.technology/portrait/header/655456-1695386095.jpg?lm=1
Luca Marianucci,20,FC Empoli,Centre-Back,Defender,Italy,€0.175m,https://www.transfermarkt.us/luca-marianucci/profil/spieler/814446,luca-marianucci,814446,Serie A,https://img.a.transfermarkt.technology/portrait/header/814446-1721740329.jpg?lm=1
Giuseppe Pezzella,27,FC Empoli,Left-Back,Defender,Italy,€2.20m,https://www.transfermarkt.us/giuseppe-pezzella/profil/spieler/336960,giuseppe-pezzella,336960,Serie A,https://img.a.transfermarkt.technology/portrait/header/336960-1661521548.jpg?lm=1
Liberato Cacace,24,FC Empoli,Left-Back,Defender,New Zealand,€2.00m,https://www.transfermarkt.us/liberato-cacace/profil/spieler/469211,liberato-cacace,469211,Serie A,https://img.a.transfermarkt.technology/portrait/header/469211-1730125371.jpg?lm=1
Junior Sambia,28,FC Empoli,Right-Back,Defender,France,€2.00m,https://www.transfermarkt.us/junior-sambia/profil/spieler/335147,junior-sambia,335147,Serie A,https://img.a.transfermarkt.technology/portrait/header/335147-1730124803.jpg?lm=1
Tyronne Ebuehi,28,FC Empoli,Right-Back,Defender,Nigeria,€2.00m,https://www.transfermarkt.us/tyronne-ebuehi/profil/spieler/309944,tyronne-ebuehi,309944,Serie A,https://img.a.transfermarkt.technology/portrait/header/309944-1730186082.jpg?lm=1
Mattia De Sciglio,32,FC Empoli,Right-Back,Defender,Italy,€1.00m,https://www.transfermarkt.us/mattia-de-sciglio/profil/spieler/88682,mattia-de-sciglio,88682,Serie A,https://img.a.transfermarkt.technology/portrait/header/88682-1663577192.jpg?lm=1
Alberto Grassi,29,FC Empoli,Defensive Midfield,Midfield,Italy,€1.80m,https://www.transfermarkt.us/alberto-grassi/profil/spieler/197473,alberto-grassi,197473,Serie A,https://img.a.transfermarkt.technology/portrait/header/197473-1695031303.jpg?lm=1
Jacopo Fazzini,21,FC Empoli,Central Midfield,Midfield,Italy,€6.00m,https://www.transfermarkt.us/jacopo-fazzini/profil/spieler/691482,jacopo-fazzini,691482,Serie A,https://img.a.transfermarkt.technology/portrait/header/691482-1673249779.jpg?lm=1
Youssef Maleh,26,FC Empoli,Central Midfield,Midfield,Morocco,€4.50m,https://www.transfermarkt.us/youssef-maleh/profil/spieler/324377,youssef-maleh,324377,Serie A,https://img.a.transfermarkt.technology/portrait/header/324377-1663592087.jpg?lm=1
Szymon Żurkowski,27,FC Empoli,Central Midfield,Midfield,Poland,€2.50m,https://www.transfermarkt.us/szymon-zurkowski/profil/spieler/387234,szymon-zurkowski,387234,Serie A,https://img.a.transfermarkt.technology/portrait/header/387234-1656583041.jpg?lm=1
Liam Henderson,28,FC Empoli,Central Midfield,Midfield,Scotland,€1.40m,https://www.transfermarkt.us/liam-henderson/profil/spieler/193867,liam-henderson,193867,Serie A,https://img.a.transfermarkt.technology/portrait/header/193867-1661523222.jpg?lm=1
Luca Belardinelli,23,FC Empoli,Central Midfield,Midfield,Italy,€1.00m,https://www.transfermarkt.us/luca-belardinelli/profil/spieler/467994,luca-belardinelli,467994,Serie A,https://img.a.transfermarkt.technology/portrait/header/467994-1686206983.jpg?lm=1
Nicolas Haas,28,FC Empoli,Central Midfield,Midfield,Switzerland,€0.7m,https://www.transfermarkt.us/nicolas-haas/profil/spieler/192638,nicolas-haas,192638,Serie A,https://img.a.transfermarkt.technology/portrait/header/192638-1725530159.jpg?lm=1
Tino Anjorin,23,FC Empoli,Attacking Midfield,Midfield,England,€1.50m,https://www.transfermarkt.us/tino-anjorin/profil/spieler/433181,tino-anjorin,433181,Serie A,https://img.a.transfermarkt.technology/portrait/header/433181-1724330041.jpg?lm=1
Emmanuel Gyasi,30,FC Empoli,Left Winger,Attack,Ghana,€1.80m,https://www.transfermarkt.us/emmanuel-gyasi/profil/spieler/241076,emmanuel-gyasi,241076,Serie A,https://img.a.transfermarkt.technology/portrait/header/241076-1663687225.jpg?lm=1
Ola Solbakken,26,FC Empoli,Right Winger,Attack,Norway,€2.50m,https://www.transfermarkt.us/ola-solbakken/profil/spieler/431811,ola-solbakken,431811,Serie A,https://img.a.transfermarkt.technology/portrait/header/431811-1673251136.jpg?lm=1
Emmanuel Ekong,22,FC Empoli,Right Winger,Attack,Sweden,€0.5m,https://www.transfermarkt.us/emmanuel-ekong/profil/spieler/603891,emmanuel-ekong,603891,Serie A,https://img.a.transfermarkt.technology/portrait/header/603891-1673249889.jpg?lm=1
Sebastiano Esposito,22,FC Empoli,Second Striker,Attack,Italy,€5.00m,https://www.transfermarkt.us/sebastiano-esposito/profil/spieler/538918,sebastiano-esposito,538918,Serie A,https://img.a.transfermarkt.technology/portrait/header/538918-1730127469.jpg?lm=1
Lorenzo Colombo,22,FC Empoli,Centre-Forward,Attack,Italy,€6.00m,https://www.transfermarkt.us/lorenzo-colombo/profil/spieler/487843,lorenzo-colombo,487843,Serie A,https://img.a.transfermarkt.technology/portrait/header/487843-1730186148.jpg?lm=1
Pietro Pellegri,23,FC Empoli,Centre-Forward,Attack,Italy,€3.00m,https://www.transfermarkt.us/pietro-pellegri/profil/spieler/364133,pietro-pellegri,364133,Serie A,https://img.a.transfermarkt.technology/portrait/header/364133-1663596740.jpg?lm=1
Zion Suzuki,22,Parma Calcio 1913,Goalkeeper,Goalkeeper,Japan,€7.00m,https://www.transfermarkt.us/zion-suzuki/profil/spieler/432298,zion-suzuki,432298,Serie A,https://img.a.transfermarkt.technology/portrait/header/432298-1713345567.png?lm=1
Leandro Chichizola,34,Parma Calcio 1913,Goalkeeper,Goalkeeper,Argentina,€0.4m,https://www.transfermarkt.us/leandro-chichizola/profil/spieler/95736,leandro-chichizola,95736,Serie A,https://img.a.transfermarkt.technology/portrait/header/95736-1712347475.jpg?lm=1
Edoardo Corvi,23,Parma Calcio 1913,Goalkeeper,Goalkeeper,Italy,€0.35m,https://www.transfermarkt.us/edoardo-corvi/profil/spieler/528181,edoardo-corvi,528181,Serie A,https://img.a.transfermarkt.technology/portrait/header/528181-1712347686.jpg?lm=1
Alessandro Circati,21,Parma Calcio 1913,Centre-Back,Defender,Australia,€8.50m,https://www.transfermarkt.us/alessandro-circati/profil/spieler/867137,alessandro-circati,867137,Serie A,https://img.a.transfermarkt.technology/portrait/header/867137-1712749046.jpeg?lm=1
Giovanni Leoni,17,Parma Calcio 1913,Centre-Back,Defender,Italy,€4.50m,https://www.transfermarkt.us/giovanni-leoni/profil/spieler/1086619,giovanni-leoni,1086619,Serie A,https://img.a.transfermarkt.technology/portrait/header/1086619-1708673116.jpg?lm=1
Botond Balogh,22,Parma Calcio 1913,Centre-Back,Defender,Hungary,€2.50m,https://www.transfermarkt.us/botond-balogh/profil/spieler/543727,botond-balogh,543727,Serie A,https://img.a.transfermarkt.technology/portrait/header/543727-1712348148.jpg?lm=1
Yordan Osorio,30,Parma Calcio 1913,Centre-Back,Defender,Venezuela,€2.20m,https://www.transfermarkt.us/yordan-osorio/profil/spieler/358165,yordan-osorio,358165,Serie A,https://img.a.transfermarkt.technology/portrait/header/358165-1719836773.jpg?lm=1
Lautaro Valenti,25,Parma Calcio 1913,Centre-Back,Defender,Argentina,€1.80m,https://www.transfermarkt.us/lautaro-valenti/profil/spieler/625202,lautaro-valenti,625202,Serie A,https://img.a.transfermarkt.technology/portrait/header/625202-1725530168.jpg?lm=1
Emanuele Valeri,25,Parma Calcio 1913,Left-Back,Defender,Italy,€2.30m,https://www.transfermarkt.us/emanuele-valeri/profil/spieler/445126,emanuele-valeri,445126,Serie A,https://img.a.transfermarkt.technology/portrait/header/445126-1663684061.jpg?lm=1
Gianluca Di Chiara,30,Parma Calcio 1913,Left-Back,Defender,Italy,€0.7m,https://www.transfermarkt.us/gianluca-di-chiara/profil/spieler/189340,gianluca-di-chiara,189340,Serie A,https://img.a.transfermarkt.technology/portrait/header/189340-1730185094.jpg?lm=1
Enrico Delprato,25,Parma Calcio 1913,Right-Back,Defender,Italy,€4.50m,https://www.transfermarkt.us/enrico-delprato/profil/spieler/392956,enrico-delprato,392956,Serie A,https://img.a.transfermarkt.technology/portrait/header/392956-1730185180.jpg?lm=1
Woyo Coulibaly,25,Parma Calcio 1913,Right-Back,Defender,France,€2.00m,https://www.transfermarkt.us/woyo-coulibaly/profil/spieler/592975,woyo-coulibaly,592975,Serie A,https://img.a.transfermarkt.technology/portrait/header/592975-1725530223.jpg?lm=1
Mandela Keita,22,Parma Calcio 1913,Defensive Midfield,Midfield,Belgium,€13.00m,https://www.transfermarkt.us/mandela-keita/profil/spieler/707844,mandela-keita,707844,Serie A,https://img.a.transfermarkt.technology/portrait/header/707844-1706174326.jpg?lm=1
Nahuel Estévez,29,Parma Calcio 1913,Defensive Midfield,Midfield,Argentina,€3.50m,https://www.transfermarkt.us/nahuel-estevez/profil/spieler/552472,nahuel-estevez,552472,Serie A,https://img.a.transfermarkt.technology/portrait/header/552472-1712351642.jpg?lm=1
Adrián Bernabé,23,Parma Calcio 1913,Central Midfield,Midfield,Spain,€15.00m,https://www.transfermarkt.us/adrian-bernabe/profil/spieler/466802,adrian-bernabe,466802,Serie A,https://img.a.transfermarkt.technology/portrait/header/466802-1714503707.jpg?lm=1
Simon Sohm,23,Parma Calcio 1913,Central Midfield,Midfield,Switzerland,€2.70m,https://www.transfermarkt.us/simon-sohm/profil/spieler/507486,simon-sohm,507486,Serie A,https://img.a.transfermarkt.technology/portrait/header/507486-1686211320.jpg?lm=1
Hernani,30,Parma Calcio 1913,Central Midfield,Midfield,Brazil,€2.00m,https://www.transfermarkt.us/hernani/profil/spieler/181768,hernani,181768,Serie A,https://img.a.transfermarkt.technology/portrait/header/181768-1686211173.jpg?lm=1
Wylan Cyprien,29,Parma Calcio 1913,Central Midfield,Midfield,France,€1.50m,https://www.transfermarkt.us/wylan-cyprien/profil/spieler/182889,wylan-cyprien,182889,Serie A,https://img.a.transfermarkt.technology/portrait/header/182889-1730185285.jpg?lm=1
Drissa Camara,22,Parma Calcio 1913,Central Midfield,Midfield,Cote d'Ivoire,€1.20m,https://www.transfermarkt.us/drissa-camara/profil/spieler/614742,drissa-camara,614742,Serie A,https://img.a.transfermarkt.technology/portrait/header/614742-1714503149.jpg?lm=1
Antoine Hainaut,22,Parma Calcio 1913,Central Midfield,Midfield,France,€0.75m,https://www.transfermarkt.us/antoine-hainaut/profil/spieler/917375,antoine-hainaut,917375,Serie A,https://img.a.transfermarkt.technology/portrait/header/917375-1730185355.jpg?lm=1
Adrian Benedyczak,24,Parma Calcio 1913,Left Winger,Attack,Poland,€6.00m,https://www.transfermarkt.us/adrian-benedyczak/profil/spieler/454386,adrian-benedyczak,454386,Serie A,https://img.a.transfermarkt.technology/portrait/header/454386-1686128177.jpg?lm=1
Valentin Mihăilă,24,Parma Calcio 1913,Left Winger,Attack,Romania,€2.80m,https://www.transfermarkt.us/valentin-mihaila/profil/spieler/535469,valentin-mihaila,535469,Serie A,https://img.a.transfermarkt.technology/portrait/header/535469-1718261714.jpg?lm=1
Dennis Man,26,Parma Calcio 1913,Right Winger,Attack,Romania,€15.00m,https://www.transfermarkt.us/dennis-man/profil/spieler/397486,dennis-man,397486,Serie A,https://img.a.transfermarkt.technology/portrait/header/397486-1718259797.jpg?lm=1
Matteo Cancellieri,22,Parma Calcio 1913,Right Winger,Attack,Italy,€4.80m,https://www.transfermarkt.us/matteo-cancellieri/profil/spieler/550106,matteo-cancellieri,550106,Serie A,https://img.a.transfermarkt.technology/portrait/header/550106-1687191024.jpg?lm=1
Pontus Almqvist,25,Parma Calcio 1913,Right Winger,Attack,Sweden,€3.00m,https://www.transfermarkt.us/pontus-almqvist/profil/spieler/300532,pontus-almqvist,300532,Serie A,https://img.a.transfermarkt.technology/portrait/header/300532-1692964187.jpg?lm=1
Anas Haj Mohamed,19,Parma Calcio 1913,Right Winger,Attack,Tunisia,€0.2m,https://www.transfermarkt.us/anas-haj-mohamed/profil/spieler/883122,anas-haj-mohamed,883122,Serie A,https://img.a.transfermarkt.technology/portrait/header/883122-1695043116.png?lm=1
Mateusz Kowalski,19,Parma Calcio 1913,Second Striker,Attack,Poland,€0.3m,https://www.transfermarkt.us/mateusz-kowalski/profil/spieler/902573,mateusz-kowalski,902573,Serie A,https://img.a.transfermarkt.technology/portrait/header/902573-1725863860.jpg?lm=1
Ange-Yoan Bonny,21,Parma Calcio 1913,Centre-Forward,Attack,France,€15.00m,https://www.transfermarkt.us/ange-yoan-bonny/profil/spieler/827734,ange-yoan-bonny,827734,Serie A,https://img.a.transfermarkt.technology/portrait/header/827734-1697613908.jpg?lm=1
Gabriel Charpentier,25,Parma Calcio 1913,Centre-Forward,Attack,Congo,€1.60m,https://www.transfermarkt.us/gabriel-charpentier/profil/spieler/660342,gabriel-charpentier,660342,Serie A,https://img.a.transfermarkt.technology/portrait/header/660342-1725530582.jpg?lm=1
Emil Audero,27,Como 1907,Goalkeeper,Goalkeeper,Italy,€5.00m,https://www.transfermarkt.us/emil-audero/profil/spieler/256339,emil-audero,256339,Serie A,https://img.a.transfermarkt.technology/portrait/header/256339-1663679682.jpg?lm=1
Pepe Reina,42,Como 1907,Goalkeeper,Goalkeeper,Spain,€0.6m,https://www.transfermarkt.us/pepe-reina/profil/spieler/7825,pepe-reina,7825,Serie A,https://img.a.transfermarkt.technology/portrait/header/7825-1724826388.jpg?lm=1
Mauro Vigorito,34,Como 1907,Goalkeeper,Goalkeeper,Italy,€0.15m,https://www.transfermarkt.us/mauro-vigorito/profil/spieler/88595,mauro-vigorito,88595,Serie A,https://img.a.transfermarkt.technology/portrait/header/88595-1595851265.jpg?lm=1
Pierre Bolchini,25,Como 1907,Goalkeeper,Goalkeeper,Italy,€0.05m,https://www.transfermarkt.us/pierre-bolchini/profil/spieler/431417,pierre-bolchini,431417,Serie A,https://img.a.transfermarkt.technology/portrait/header/431417-1725529910.jpg?lm=1
Alberto Dossena,26,Como 1907,Centre-Back,Defender,Italy,€7.00m,https://www.transfermarkt.us/alberto-dossena/profil/spieler/385394,alberto-dossena,385394,Serie A,https://img.a.transfermarkt.technology/portrait/header/385394-1686510717.jpg?lm=1
Marc Oliver Kempf,29,Como 1907,Centre-Back,Defender,Germany,€2.00m,https://www.transfermarkt.us/marc-oliver-kempf/profil/spieler/160938,marc-oliver-kempf,160938,Serie A,https://img.a.transfermarkt.technology/portrait/header/160938-1657098066.jpg?lm=1
Edoardo Goldaniga,31,Como 1907,Centre-Back,Defender,Italy,€1.20m,https://www.transfermarkt.us/edoardo-goldaniga/profil/spieler/242940,edoardo-goldaniga,242940,Serie A,https://img.a.transfermarkt.technology/portrait/header/242940-1725530007.jpg?lm=1
Federico Barba,31,Como 1907,Centre-Back,Defender,Italy,€1.20m,https://www.transfermarkt.us/federico-barba/profil/spieler/165873,federico-barba,165873,Serie A,https://img.a.transfermarkt.technology/portrait/header/165873-1725528561.jpg?lm=1
Fellipe Jack,18,Como 1907,Centre-Back,Defender,Brazil,€0.2m,https://www.transfermarkt.us/fellipe-jack/profil/spieler/1004723,fellipe-jack,1004723,Serie A,https://img.a.transfermarkt.technology/portrait/header/1004723-1680450497.jpg?lm=1
Francesco Andrealli,17,Como 1907,Centre-Back,Defender,Peru,€0.0m,https://www.transfermarkt.us/francesco-andrealli/profil/spieler/1063242,francesco-andrealli,1063242,Serie A,https://img.a.transfermarkt.technology/portrait/header/default.jpg?lm=1
Alberto Moreno,32,Como 1907,Left-Back,Defender,Spain,€1.80m,https://www.transfermarkt.us/alberto-moreno/profil/spieler/207917,alberto-moreno,207917,Serie A,https://img.a.transfermarkt.technology/portrait/header/207917-1687268193.jpg?lm=1
Marco Sala,25,Como 1907,Left-Back,Defender,Italy,€1.10m,https://www.transfermarkt.us/marco-sala/profil/spieler/392570,marco-sala,392570,Serie A,https://img.a.transfermarkt.technology/portrait/header/392570-1730185794.jpg?lm=1
Ignace Van der Brempt,22,Como 1907,Right-Back,Defender,Belgium,€3.00m,https://www.transfermarkt.us/ignace-van-der-brempt/profil/spieler/490423,ignace-van-der-brempt,490423,Serie A,https://img.a.transfermarkt.technology/portrait/header/490423-1692996873.png?lm=1
Máximo Perrone,21,Como 1907,Defensive Midfield,Midfield,Argentina,€9.00m,https://www.transfermarkt.us/maximo-perrone/profil/spieler/668547,maximo-perrone,668547,Serie A,https://img.a.transfermarkt.technology/portrait/header/668547-1681246573.jpg?lm=1
Yannik Engelhardt,23,Como 1907,Defensive Midfield,Midfield,Germany,€7.00m,https://www.transfermarkt.us/yannik-engelhardt/profil/spieler/405670,yannik-engelhardt,405670,Serie A,https://img.a.transfermarkt.technology/portrait/header/405670-1658504058.jpg?lm=1
Luca Mazzitelli,29,Como 1907,Central Midfield,Midfield,Italy,€4.00m,https://www.transfermarkt.us/luca-mazzitelli/profil/spieler/226025,luca-mazzitelli,226025,Serie A,https://img.a.transfermarkt.technology/portrait/header/226025-1730185840.jpg?lm=1
Sergi Roberto,32,Como 1907,Central Midfield,Midfield,Spain,€2.50m,https://www.transfermarkt.us/sergi-roberto/profil/spieler/85370,sergi-roberto,85370,Serie A,https://img.a.transfermarkt.technology/portrait/header/85370-1662585931.jpg?lm=1
Matthias Braunöder,22,Como 1907,Central Midfield,Midfield,Austria,€2.00m,https://www.transfermarkt.us/matthias-braunoder/profil/spieler/488052,matthias-braunoder,488052,Serie A,https://img.a.transfermarkt.technology/portrait/header/488052-1692968166.png?lm=1
Ben Lhassine Kone,24,Como 1907,Central Midfield,Midfield,Cote d'Ivoire,€0.8m,https://www.transfermarkt.us/ben-lhassine-kone/profil/spieler/522681,ben-lhassine-kone,522681,Serie A,https://img.a.transfermarkt.technology/portrait/header/522681-1730123598.jpg?lm=1
Daniele Baselli,32,Como 1907,Central Midfield,Midfield,Italy,€0.4m,https://www.transfermarkt.us/daniele-baselli/profil/spieler/134883,daniele-baselli,134883,Serie A,https://img.a.transfermarkt.technology/portrait/header/134883-1630509123.jpg?lm=1
Giuseppe Mazzaglia,18,Como 1907,Central Midfield,Midfield,Italy,€0.25m,https://www.transfermarkt.us/giuseppe-mazzaglia/profil/spieler/1059730,giuseppe-mazzaglia,1059730,Serie A,https://img.a.transfermarkt.technology/portrait/header/1059730-1730122720.png?lm=1
Alessio Iovine,33,Como 1907,Right Midfield,Midfield,Italy,€0.4m,https://www.transfermarkt.us/alessio-iovine/profil/spieler/330472,alessio-iovine,330472,Serie A,https://img.a.transfermarkt.technology/portrait/header/330472-1714813728.jpg?lm=1
Nico Paz,20,Como 1907,Attacking Midfield,Midfield,Argentina,€15.00m,https://www.transfermarkt.us/nico-paz/profil/spieler/948294,nico-paz,948294,Serie A,https://img.a.transfermarkt.technology/portrait/header/948294-1699472504.jpg?lm=1
Simone Verdi,32,Como 1907,Attacking Midfield,Midfield,Italy,€2.50m,https://www.transfermarkt.us/simone-verdi/profil/spieler/130360,simone-verdi,130360,Serie A,https://img.a.transfermarkt.technology/portrait/header/130360-1663671979.jpg?lm=1
Moutir Chajia,26,Como 1907,Attacking Midfield,Midfield,Belgium,€0.45m,https://www.transfermarkt.us/moutir-chajia/profil/spieler/448538,moutir-chajia,448538,Serie A,https://img.a.transfermarkt.technology/portrait/header/448538-1724826700.jpg?lm=1
Naj Razi,18,Como 1907,Attacking Midfield,Midfield,Ireland,€0.3m,https://www.transfermarkt.us/naj-razi/profil/spieler/957295,naj-razi,957295,Serie A,https://img.a.transfermarkt.technology/portrait/header/957295-1707906318.jpg?lm=1
Lucas Da Cunha,23,Como 1907,Left Winger,Attack,France,€6.50m,https://www.transfermarkt.us/lucas-da-cunha/profil/spieler/495667,lucas-da-cunha,495667,Serie A,https://img.a.transfermarkt.technology/portrait/header/495667-1714818116.jpg?lm=1
Alieu Fadera,23,Como 1907,Left Winger,Attack,The Gambia,€5.00m,https://www.transfermarkt.us/alieu-fadera/profil/spieler/749552,alieu-fadera,749552,Serie A,https://img.a.transfermarkt.technology/portrait/header/749552-1714038401.png?lm=1
Ali Jasim,20,Como 1907,Left Winger,Attack,Iraq,€0.45m,https://www.transfermarkt.us/ali-jasim/profil/spieler/877672,ali-jasim,877672,Serie A,https://img.a.transfermarkt.technology/portrait/header/877672-1705017475.png?lm=1
Gabriel Strefezza,27,Como 1907,Right Winger,Attack,Brazil,€6.00m,https://www.transfermarkt.us/gabriel-strefezza/profil/spieler/457673,gabriel-strefezza,457673,Serie A,https://img.a.transfermarkt.technology/portrait/header/457673-1692962752.jpg?lm=1
Patrick Cutrone,26,Como 1907,Centre-Forward,Attack,Italy,€7.00m,https://www.transfermarkt.us/patrick-cutrone/profil/spieler/265078,patrick-cutrone,265078,Serie A,https://img.a.transfermarkt.technology/portrait/header/265078-1714818222.jpg?lm=1
Andrea Belotti,30,Como 1907,Centre-Forward,Attack,Italy,€5.00m,https://www.transfermarkt.us/andrea-belotti/profil/spieler/167727,andrea-belotti,167727,Serie A,https://img.a.transfermarkt.technology/portrait/header/167727-1663581136.jpg?lm=1
Alberto Cerri,28,Como 1907,Centre-Forward,Attack,Italy,€1.70m,https://www.transfermarkt.us/alberto-cerri/profil/spieler/197751,alberto-cerri,197751,Serie A,https://img.a.transfermarkt.technology/portrait/header/197751-1686210523.jpg?lm=1
Alessandro Gabrielloni,30,Como 1907,Centre-Forward,Attack,Italy,€1.00m,https://www.transfermarkt.us/alessandro-gabrielloni/profil/spieler/311333,alessandro-gabrielloni,311333,Serie A,https://img.a.transfermarkt.technology/portrait/header/311333-1714813246.jpg?lm=1
Filip Stankovic,22,Venezia FC,Goalkeeper,Goalkeeper,Serbia,€3.00m,https://www.transfermarkt.us/filip-stankovic/profil/spieler/552223,filip-stankovic,552223,Serie A,https://img.a.transfermarkt.technology/portrait/header/552223-1677782675.PNG?lm=1
Jesse Joronen,31,Venezia FC,Goalkeeper,Goalkeeper,Finland,€1.00m,https://www.transfermarkt.us/jesse-joronen/profil/spieler/131758,jesse-joronen,131758,Serie A,https://img.a.transfermarkt.technology/portrait/header/131758-1724827205.jpg?lm=1
Bruno Bertinato,26,Venezia FC,Goalkeeper,Goalkeeper,Brazil,€0.3m,https://www.transfermarkt.us/bruno-bertinato/profil/spieler/323929,bruno-bertinato,323929,Serie A,https://img.a.transfermarkt.technology/portrait/header/323929-1725529861.jpg?lm=1
Filippo Neri,21,Venezia FC,Goalkeeper,Goalkeeper,Italy,€0.2m,https://www.transfermarkt.us/filippo-neri/profil/spieler/616228,filippo-neri,616228,Serie A,https://img.a.transfermarkt.technology/portrait/header/616228-1700049075.jpg?lm=1
Matteo Grandi,32,Venezia FC,Goalkeeper,Goalkeeper,Italy,€0.15m,https://www.transfermarkt.us/matteo-grandi/profil/spieler/155038,matteo-grandi,155038,Serie A,https://img.a.transfermarkt.technology/portrait/header/155038-1608181369.jpg?lm=1
Jay Idzes,24,Venezia FC,Centre-Back,Defender,Indonesia,€2.50m,https://www.transfermarkt.us/jay-idzes/profil/spieler/546926,jay-idzes,546926,Serie A,https://img.a.transfermarkt.technology/portrait/header/546926-1725530125.jpg?lm=1
Giorgio Altare,26,Venezia FC,Centre-Back,Defender,Italy,€2.00m,https://www.transfermarkt.us/giorgio-altare/profil/spieler/354909,giorgio-altare,354909,Serie A,https://img.a.transfermarkt.technology/portrait/header/354909-1630510736.jpg?lm=1
Joël Schingtienne,22,Venezia FC,Centre-Back,Defender,Belgium,€2.00m,https://www.transfermarkt.us/joel-schingtienne/profil/spieler/707809,joel-schingtienne,707809,Serie A,https://img.a.transfermarkt.technology/portrait/header/707809-1713280148.png?lm=1
Michael Svoboda,26,Venezia FC,Centre-Back,Defender,Austria,€1.50m,https://www.transfermarkt.us/michael-svoboda/profil/spieler/438961,michael-svoboda,438961,Serie A,https://img.a.transfermarkt.technology/portrait/header/438961-1717659180.jpg?lm=1
Marin Šverko,26,Venezia FC,Centre-Back,Defender,Croatia,€1.20m,https://www.transfermarkt.us/marin-sverko/profil/spieler/282169,marin-sverko,282169,Serie A,https://img.a.transfermarkt.technology/portrait/header/282169-1695108109.jpg?lm=1
Ridgeciano Haps,31,Venezia FC,Left-Back,Defender,Suriname,€0.9m,https://www.transfermarkt.us/ridgeciano-haps/profil/spieler/228444,ridgeciano-haps,228444,Serie A,https://img.a.transfermarkt.technology/portrait/header/228444-1630656845.jpg?lm=1
Francesco Zampano,31,Venezia FC,Left-Back,Defender,Italy,€0.9m,https://www.transfermarkt.us/francesco-zampano/profil/spieler/216872,francesco-zampano,216872,Serie A,https://img.a.transfermarkt.technology/portrait/header/216872-1717660248.jpg?lm=1
Franco Carboni,21,Venezia FC,Left-Back,Defender,Argentina,€0.9m,https://www.transfermarkt.us/franco-carboni/profil/spieler/731491,franco-carboni,731491,Serie A,https://img.a.transfermarkt.technology/portrait/header/731491-1675245800.jpg?lm=1
Antonio Candela,24,Venezia FC,Right-Back,Defender,Italy,€2.30m,https://www.transfermarkt.us/antonio-candela/profil/spieler/392881,antonio-candela,392881,Serie A,https://img.a.transfermarkt.technology/portrait/header/392881-1717659772.jpg?lm=1
Richie Sagrado,20,Venezia FC,Right-Back,Defender,Belgium,€2.00m,https://www.transfermarkt.us/richie-sagrado/profil/spieler/655009,richie-sagrado,655009,Serie A,https://img.a.transfermarkt.technology/portrait/header/655009-1713279208.png?lm=1
Luca Fiordilino,28,Venezia FC,Defensive Midfield,Midfield,Italy,€0.7m,https://www.transfermarkt.us/luca-fiordilino/profil/spieler/287875,luca-fiordilino,287875,Serie A,https://img.a.transfermarkt.technology/portrait/header/287875-1613738770.jpg?lm=1
Gianluca Busio,22,Venezia FC,Central Midfield,Midfield,United States,€6.50m,https://www.transfermarkt.us/gianluca-busio/profil/spieler/504209,gianluca-busio,504209,Serie A,https://img.a.transfermarkt.technology/portrait/header/504209-1717660047.jpg?lm=1
Alfred Duncan,31,Venezia FC,Central Midfield,Midfield,Ghana,€4.00m,https://www.transfermarkt.us/alfred-duncan/profil/spieler/184894,alfred-duncan,184894,Serie A,https://img.a.transfermarkt.technology/portrait/header/184894-1663591729.jpg?lm=1
Hans Nicolussi Caviglia,24,Venezia FC,Central Midfield,Midfield,Italy,€3.00m,https://www.transfermarkt.us/hans-nicolussi-caviglia/profil/spieler/430280,hans-nicolussi-caviglia,430280,Serie A,https://img.a.transfermarkt.technology/portrait/header/430280-1675245071.jpg?lm=1
Mikael Egill Ellertsson,22,Venezia FC,Central Midfield,Midfield,Iceland,€2.00m,https://www.transfermarkt.us/mikael-egill-ellertsson/profil/spieler/566615,mikael-egill-ellertsson,566615,Serie A,https://img.a.transfermarkt.technology/portrait/header/566615-1730125923.jpg?lm=1
Magnus Kofod Andersen,25,Venezia FC,Central Midfield,Midfield,Denmark,€1.20m,https://www.transfermarkt.us/magnus-kofod-andersen/profil/spieler/488784,magnus-kofod-andersen,488784,Serie A,https://img.a.transfermarkt.technology/portrait/header/488784-1730186233.jpg?lm=1
Domen Crnigoj,29,Venezia FC,Central Midfield,Midfield,Slovenia,€0.9m,https://www.transfermarkt.us/domen-crnigoj/profil/spieler/216599,domen-crnigoj,216599,Serie A,https://img.a.transfermarkt.technology/portrait/header/216599-1725528301.jpg?lm=1
Issa Doumbia,21,Venezia FC,Central Midfield,Midfield,Italy,€0.5m,https://www.transfermarkt.us/issa-doumbia/profil/spieler/924349,issa-doumbia,924349,Serie A,https://img.a.transfermarkt.technology/portrait/header/924349-1730186334.jpg?lm=1
Gaetano Oristanio,22,Venezia FC,Attacking Midfield,Midfield,Italy,€4.00m,https://www.transfermarkt.us/gaetano-oristanio/profil/spieler/613393,gaetano-oristanio,613393,Serie A,https://img.a.transfermarkt.technology/portrait/header/613393-1692963581.jpg?lm=1
John Yeboah,24,Venezia FC,Attacking Midfield,Midfield,Ecuador,€2.50m,https://www.transfermarkt.us/john-yeboah/profil/spieler/439914,john-yeboah,439914,Serie A,https://img.a.transfermarkt.technology/portrait/header/439914-1668768754.png?lm=1
Saad El Haddad,19,Venezia FC,Attacking Midfield,Midfield,Morocco,€0.125m,https://www.transfermarkt.us/saad-el-haddad/profil/spieler/936684,saad-el-haddad,936684,Serie A,https://img.a.transfermarkt.technology/portrait/header/936684-1724668787.jpg?lm=1
Bjarki Bjarkason,24,Venezia FC,Left Winger,Attack,Iceland,€0.8m,https://www.transfermarkt.us/bjarki-bjarkason/profil/spieler/566613,bjarki-bjarkason,566613,Serie A,https://img.a.transfermarkt.technology/portrait/header/566613-1717660343.jpg?lm=1
Joel Pohjanpalo,30,Venezia FC,Centre-Forward,Attack,Finland,€5.50m,https://www.transfermarkt.us/joel-pohjanpalo/profil/spieler/173491,joel-pohjanpalo,173491,Serie A,https://img.a.transfermarkt.technology/portrait/header/173491-1658913890.jpg?lm=1
Antonio Raimondo,20,Venezia FC,Centre-Forward,Attack,Italy,€4.50m,https://www.transfermarkt.us/antonio-raimondo/profil/spieler/818888,antonio-raimondo,818888,Serie A,https://img.a.transfermarkt.technology/portrait/header/818888-1663656468.jpg?lm=1
Christian Gytkjaer,34,Venezia FC,Centre-Forward,Attack,Denmark,€0.7m,https://www.transfermarkt.us/christian-gytkjaer/profil/spieler/76274,christian-gytkjaer,76274,Serie A,https://img.a.transfermarkt.technology/portrait/header/76274-1661763625.jpg?lm=1
Matej Kovar,24,Bayer 04 Leverkusen,Goalkeeper,Goalkeeper,Czech Republic,€7.00m,https://www.transfermarkt.us/matej-kovar/profil/spieler/550829,matej-kovar,550829,Bundesliga,https://img.a.transfermarkt.technology/portrait/header/550829-1727378079.jpg?lm=1
Lukas Hradecky,35,Bayer 04 Leverkusen,Goalkeeper,Goalkeeper,Finland,€2.50m,https://www.transfermarkt.us/lukas-hradecky/profil/spieler/48015,lukas-hradecky,48015,Bundesliga,https://img.a.transfermarkt.technology/portrait/header/48015-1695367833.jpg?lm=1
Niklas Lomb,31,Bayer 04 Leverkusen,Goalkeeper,Goalkeeper,Germany,€0.25m,https://www.transfermarkt.us/niklas-lomb/profil/spieler/85543,niklas-lomb,85543,Bundesliga,https://img.a.transfermarkt.technology/portrait/header/85543-1695367888.jpg?lm=1
Luca Novodomsky,19,Bayer 04 Leverkusen,Goalkeeper,Goalkeeper,Germany,€0.0m,https://www.transfermarkt.us/luca-novodomsky/profil/spieler/810826,luca-novodomsky,810826,Bundesliga,https://img.a.transfermarkt.technology/portrait/header/810826-1612024357.png?lm=1
Edmond Tapsoba,25,Bayer 04 Leverkusen,Centre-Back,Defender,Burkina Faso,€45.00m,https://www.transfermarkt.us/edmond-tapsoba/profil/spieler/564545,edmond-tapsoba,564545,Bundesliga,https://img.a.transfermarkt.technology/portrait/header/564545-1695368009.jpg?lm=1
Piero Hincapié,22,Bayer 04 Leverkusen,Centre-Back,Defender,Ecuador,€40.00m,https://www.transfermarkt.us/piero-hincapie/profil/spieler/659813,piero-hincapie,659813,Bundesliga,https://img.a.transfermarkt.technology/portrait/header/659813-1727377918.jpg?lm=1
Jonathan Tah,28,Bayer 04 Leverkusen,Centre-Back,Defender,Germany,€30.00m,https://www.transfermarkt.us/jonathan-tah/profil/spieler/196357,jonathan-tah,196357,Bundesliga,https://img.a.transfermarkt.technology/portrait/header/196357-1695367765.jpg?lm=1
Jeanuël Belocian,19,Bayer 04 Leverkusen,Centre-Back,Defender,France,€20.00m,https://www.transfermarkt.us/jeanuel-belocian/profil/spieler/919515,jeanuel-belocian,919515,Bundesliga,https://img.a.transfermarkt.technology/portrait/header/919515-1727378177.jpg?lm=1
Sadik Fofana,21,Bayer 04 Leverkusen,Centre-Back,Defender,Togo,€0.5m,https://www.transfermarkt.us/sadik-fofana/profil/spieler/644613,sadik-fofana,644613,Bundesliga,https://img.a.transfermarkt.technology/portrait/header/644613-1659622952.jpg?lm=1
Alejandro Grimaldo,29,Bayer 04 Leverkusen,Left-Back,Defender,Spain,€45.00m,https://www.transfermarkt.us/alejandro-grimaldo/profil/spieler/193082,alejandro-grimaldo,193082,Bundesliga,https://img.a.transfermarkt.technology/portrait/header/193082-1689710805.jpg?lm=1
Nordi Mukiele,27,Bayer 04 Leverkusen,Right-Back,Defender,France,€10.00m,https://www.transfermarkt.us/nordi-mukiele/profil/spieler/348026,nordi-mukiele,348026,Bundesliga,https://img.a.transfermarkt.technology/portrait/header/348026-1727378130.jpg?lm=1
Arthur,21,Bayer 04 Leverkusen,Right-Back,Defender,Brazil,€5.00m,https://www.transfermarkt.us/arthur/profil/spieler/977464,arthur,977464,Bundesliga,https://img.a.transfermarkt.technology/portrait/header/977464-1689709842.jpg?lm=1
Granit Xhaka,32,Bayer 04 Leverkusen,Defensive Midfield,Midfield,Switzerland,€20.00m,https://www.transfermarkt.us/granit-xhaka/profil/spieler/111455,granit-xhaka,111455,Bundesliga,https://img.a.transfermarkt.technology/portrait/header/111455-1689711080.jpg?lm=1
Robert Andrich,30,Bayer 04 Leverkusen,Defensive Midfield,Midfield,Germany,€17.00m,https://www.transfermarkt.us/robert-andrich/profil/spieler/159088,robert-andrich,159088,Bundesliga,https://img.a.transfermarkt.technology/portrait/header/159088-1689710866.jpg?lm=1
Exequiel Palacios,26,Bayer 04 Leverkusen,Central Midfield,Midfield,Argentina,€45.00m,https://www.transfermarkt.us/exequiel-palacios/profil/spieler/401578,exequiel-palacios,401578,Bundesliga,https://img.a.transfermarkt.technology/portrait/header/401578-1695368200.jpg?lm=1
Aleix García,27,Bayer 04 Leverkusen,Central Midfield,Midfield,Spain,€20.00m,https://www.transfermarkt.us/aleix-garcia/profil/spieler/261504,aleix-garcia,261504,Bundesliga,https://img.a.transfermarkt.technology/portrait/header/261504-1727378020.jpg?lm=1
Matija Marsenic,19,Bayer 04 Leverkusen,Central Midfield,Midfield,Montenegro,€0.0m,https://www.transfermarkt.us/matija-marsenic/profil/spieler/944582,matija-marsenic,944582,Bundesliga,https://img.a.transfermarkt.technology/portrait/header/944582-1717141056.jpg?lm=1
Jeremie Frimpong,23,Bayer 04 Leverkusen,Right Midfield,Midfield,Netherlands,€50.00m,https://www.transfermarkt.us/jeremie-frimpong/profil/spieler/484547,jeremie-frimpong,484547,Bundesliga,https://img.a.transfermarkt.technology/portrait/header/484547-1689710682.jpg?lm=1
Nathan Tella,25,Bayer 04 Leverkusen,Right Midfield,Midfield,Nigeria,€23.00m,https://www.transfermarkt.us/nathan-tella/profil/spieler/340322,nathan-tella,340322,Bundesliga,https://img.a.transfermarkt.technology/portrait/header/340322-1727377772.jpg?lm=1
Florian Wirtz,21,Bayer 04 Leverkusen,Attacking Midfield,Midfield,Germany,€130.00m,https://www.transfermarkt.us/florian-wirtz/profil/spieler/598577,florian-wirtz,598577,Bundesliga,https://img.a.transfermarkt.technology/portrait/header/598577-1689710503.jpg?lm=1
Jonas Hofmann,32,Bayer 04 Leverkusen,Attacking Midfield,Midfield,Germany,€7.00m,https://www.transfermarkt.us/jonas-hofmann/profil/spieler/7161,jonas-hofmann,7161,Bundesliga,https://img.a.transfermarkt.technology/portrait/header/7161-1689710421.jpg?lm=1
Francis Onyeka,17,Bayer 04 Leverkusen,Attacking Midfield,Midfield,Germany,€500k,https://www.transfermarkt.us/francis-onyeka/profil/spieler/929943,francis-onyeka,929943,Bundesliga,https://img.a.transfermarkt.technology/portrait/header/929943-1727811666.jpg?lm=1
Amine Adli,24,Bayer 04 Leverkusen,Left Winger,Attack,Morocco,€30.00m,https://www.transfermarkt.us/amine-adli/profil/spieler/532776,amine-adli,532776,Bundesliga,https://img.a.transfermarkt.technology/portrait/header/532776-1689710574.jpg?lm=1
Martin Terrier,27,Bayer 04 Leverkusen,Left Winger,Attack,France,€20.00m,https://www.transfermarkt.us/martin-terrier/profil/spieler/442891,martin-terrier,442891,Bundesliga,https://img.a.transfermarkt.technology/portrait/header/442891-1727378397.jpg?lm=1
Victor Boniface,23,Bayer 04 Leverkusen,Centre-Forward,Attack,Nigeria,€45.00m,https://www.transfermarkt.us/victor-boniface/profil/spieler/656681,victor-boniface,656681,Bundesliga,https://img.a.transfermarkt.technology/portrait/header/656681-1727378262.jpg?lm=1
Patrik Schick,28,Bayer 04 Leverkusen,Centre-Forward,Attack,Czech Republic,€22.00m,https://www.transfermarkt.us/patrik-schick/profil/spieler/242086,patrik-schick,242086,Bundesliga,https://img.a.transfermarkt.technology/portrait/header/242086-1727378322.jpg?lm=1
Artem Stepanov,17,Bayer 04 Leverkusen,Centre-Forward,Attack,Ukraine,€350k,https://www.transfermarkt.us/artem-stepanov/profil/spieler/1045344,artem-stepanov,1045344,Bundesliga,https://img.a.transfermarkt.technology/portrait/header/1045344-1727812138.jpg?lm=1
Alexander Nübel,28,VfB Stuttgart,Goalkeeper,Goalkeeper,Germany,€12.00m,https://www.transfermarkt.us/alexander-nubel/profil/spieler/195778,alexander-nubel,195778,Bundesliga,https://img.a.transfermarkt.technology/portrait/header/195778-1691998861.jpg?lm=1
Dennis Seimen,19,VfB Stuttgart,Goalkeeper,Goalkeeper,Germany,€1.50m,https://www.transfermarkt.us/dennis-seimen/profil/spieler/800946,dennis-seimen,800946,Bundesliga,https://img.a.transfermarkt.technology/portrait/header/800946-1691998825.jpg?lm=1
Fabian Bredlow,29,VfB Stuttgart,Goalkeeper,Goalkeeper,Germany,€1.00m,https://www.transfermarkt.us/fabian-bredlow/profil/spieler/187624,fabian-bredlow,187624,Bundesliga,https://img.a.transfermarkt.technology/portrait/header/187624-1723707742.jpg?lm=1
Stefan Drljaca,25,VfB Stuttgart,Goalkeeper,Goalkeeper,Germany,€0.325m,https://www.transfermarkt.us/stefan-drljaca/profil/spieler/388067,stefan-drljaca,388067,Bundesliga,https://img.a.transfermarkt.technology/portrait/header/388067-1723707200.jpg?lm=1
Ameen Al-Dakhil,22,VfB Stuttgart,Centre-Back,Defender,Belgium,€12.00m,https://www.transfermarkt.us/ameen-al-dakhil/profil/spieler/620598,ameen-al-dakhil,620598,Bundesliga,https://img.a.transfermarkt.technology/portrait/header/620598-1626685322.jpg?lm=1
Jeff Chabot,26,VfB Stuttgart,Centre-Back,Defender,Germany,€12.00m,https://www.transfermarkt.us/jeff-chabot/profil/spieler/303219,jeff-chabot,303219,Bundesliga,https://img.a.transfermarkt.technology/portrait/header/303219-1723707145.jpg?lm=1
Dan-Axel Zagadou,25,VfB Stuttgart,Centre-Back,Defender,France,€10.00m,https://www.transfermarkt.us/dan-axel-zagadou/profil/spieler/344598,dan-axel-zagadou,344598,Bundesliga,https://img.a.transfermarkt.technology/portrait/header/344598-1691999093.jpg?lm=1
Anthony Rouault,23,VfB Stuttgart,Centre-Back,Defender,France,€10.00m,https://www.transfermarkt.us/anthony-rouault/profil/spieler/690799,anthony-rouault,690799,Bundesliga,https://img.a.transfermarkt.technology/portrait/header/690799-1723707069.jpg?lm=1
Anrie Chase,20,VfB Stuttgart,Centre-Back,Defender,Japan,€2.50m,https://www.transfermarkt.us/anrie-chase/profil/spieler/948537,anrie-chase,948537,Bundesliga,https://img.a.transfermarkt.technology/portrait/header/948537-1723636639.jpg?lm=1
Ramon Hendriks,23,VfB Stuttgart,Centre-Back,Defender,Netherlands,€0.8m,https://www.transfermarkt.us/ramon-hendriks/profil/spieler/436064,ramon-hendriks,436064,Bundesliga,https://img.a.transfermarkt.technology/portrait/header/436064-1723707702.jpg?lm=1
Maximilian Mittelstädt,27,VfB Stuttgart,Left-Back,Defender,Germany,€17.00m,https://www.transfermarkt.us/maximilian-mittelstadt/profil/spieler/282660,maximilian-mittelstadt,282660,Bundesliga,https://img.a.transfermarkt.technology/portrait/header/282660-1723707584.jpg?lm=1
Frans Krätzig,21,VfB Stuttgart,Left-Back,Defender,Germany,€2.00m,https://www.transfermarkt.us/frans-kratzig/profil/spieler/604320,frans-kratzig,604320,Bundesliga,https://img.a.transfermarkt.technology/portrait/header/604320-1723707384.jpg?lm=1
Josha Vagnoman,23,VfB Stuttgart,Right-Back,Defender,Germany,€10.00m,https://www.transfermarkt.us/josha-vagnoman/profil/spieler/448258,josha-vagnoman,448258,Bundesliga,https://img.a.transfermarkt.technology/portrait/header/448258-1691999620.jpg?lm=1
Leonidas Stergiou,22,VfB Stuttgart,Right-Back,Defender,Switzerland,€5.00m,https://www.transfermarkt.us/leonidas-stergiou/profil/spieler/507345,leonidas-stergiou,507345,Bundesliga,https://img.a.transfermarkt.technology/portrait/header/507345-1723707260.jpg?lm=1
Pascal Stenzel,28,VfB Stuttgart,Right-Back,Defender,Germany,€2.50m,https://www.transfermarkt.us/pascal-stenzel/profil/spieler/195246,pascal-stenzel,195246,Bundesliga,https://img.a.transfermarkt.technology/portrait/header/195246-1657181494.jpg?lm=1
Angelo Stiller,23,VfB Stuttgart,Defensive Midfield,Midfield,Germany,€28.00m,https://www.transfermarkt.us/angelo-stiller/profil/spieler/443710,angelo-stiller,443710,Bundesliga,https://img.a.transfermarkt.technology/portrait/header/443710-1723707618.jpg?lm=1
Atakan Karazor,28,VfB Stuttgart,Defensive Midfield,Midfield,Türkiye,€12.00m,https://www.transfermarkt.us/atakan-karazor/profil/spieler/232320,atakan-karazor,232320,Bundesliga,https://img.a.transfermarkt.technology/portrait/header/232320-1657181595.jpg?lm=1
Yannik Keitel,24,VfB Stuttgart,Defensive Midfield,Midfield,Germany,€5.00m,https://www.transfermarkt.us/yannik-keitel/profil/spieler/342039,yannik-keitel,342039,Bundesliga,https://img.a.transfermarkt.technology/portrait/header/342039-1723707660.jpg?lm=1
Nikolas Nartey,24,VfB Stuttgart,Central Midfield,Midfield,Denmark,€0.6m,https://www.transfermarkt.us/nikolas-nartey/profil/spieler/400546,nikolas-nartey,400546,Bundesliga,https://img.a.transfermarkt.technology/portrait/header/400546-1657181830.jpg?lm=1
Enzo Millot,22,VfB Stuttgart,Attacking Midfield,Midfield,France,€42.00m,https://www.transfermarkt.us/enzo-millot/profil/spieler/569366,enzo-millot,569366,Bundesliga,https://img.a.transfermarkt.technology/portrait/header/569366-1723707547.jpg?lm=1
Fabian Rieder,22,VfB Stuttgart,Attacking Midfield,Midfield,Switzerland,€8.00m,https://www.transfermarkt.us/fabian-rieder/profil/spieler/507341,fabian-rieder,507341,Bundesliga,https://img.a.transfermarkt.technology/portrait/header/507341-1723707005.jpg?lm=1
Chris Führich,26,VfB Stuttgart,Left Winger,Attack,Germany,€22.00m,https://www.transfermarkt.us/chris-fuhrich/profil/spieler/272278,chris-fuhrich,272278,Bundesliga,https://img.a.transfermarkt.technology/portrait/header/272278-1691999004.jpg?lm=1
Justin Diehl,20,VfB Stuttgart,Left Winger,Attack,Germany,€2.50m,https://www.transfermarkt.us/justin-diehl/profil/spieler/720162,justin-diehl,720162,Bundesliga,https://img.a.transfermarkt.technology/portrait/header/720162-1723707320.jpg?lm=1
Jamie Leweling,23,VfB Stuttgart,Right Winger,Attack,Germany,€13.00m,https://www.transfermarkt.us/jamie-leweling/profil/spieler/518505,jamie-leweling,518505,Bundesliga,https://img.a.transfermarkt.technology/portrait/header/518505-1691999306.jpg?lm=1
Luca Raimund,19,VfB Stuttgart,Right Winger,Attack,Germany,€0.5m,https://www.transfermarkt.us/luca-raimund/profil/spieler/907489,luca-raimund,907489,Bundesliga,https://img.a.transfermarkt.technology/portrait/header/907489-1723636598.jpg?lm=1
Nick Woltemade,22,VfB Stuttgart,Second Striker,Attack,Germany,€4.00m,https://www.transfermarkt.us/nick-woltemade/profil/spieler/455661,nick-woltemade,455661,Bundesliga,https://img.a.transfermarkt.technology/portrait/header/455661-1723707419.jpg?lm=1
Ermedin Demirovic,26,VfB Stuttgart,Centre-Forward,Attack,Bosnia-Herzegovina,€28.00m,https://www.transfermarkt.us/ermedin-demirovic/profil/spieler/335457,ermedin-demirovic,335457,Bundesliga,https://img.a.transfermarkt.technology/portrait/header/335457-1723707508.jpg?lm=1
Deniz Undav,28,VfB Stuttgart,Centre-Forward,Attack,Germany,€28.00m,https://www.transfermarkt.us/deniz-undav/profil/spieler/339314,deniz-undav,339314,Bundesliga,https://img.a.transfermarkt.technology/portrait/header/339314-1691999036.jpg?lm=1
El Bilal Touré,23,VfB Stuttgart,Centre-Forward,Attack,Mali,€20.00m,https://www.transfermarkt.us/el-bilal-toure/profil/spieler/649016,el-bilal-toure,649016,Bundesliga,https://img.a.transfermarkt.technology/portrait/header/649016-1730115563.jpg?lm=1
Wahid Faghir,21,VfB Stuttgart,Centre-Forward,Attack,Denmark,€1.00m,https://www.transfermarkt.us/wahid-faghir/profil/spieler/610431,wahid-faghir,610431,Bundesliga,https://img.a.transfermarkt.technology/portrait/header/610431-1689927868.jpg?lm=1
Thomas Kastanaras,21,VfB Stuttgart,Centre-Forward,Attack,Germany,€0.5m,https://www.transfermarkt.us/thomas-kastanaras/profil/spieler/675565,thomas-kastanaras,675565,Bundesliga,https://img.a.transfermarkt.technology/portrait/header/675565-1691999148.jpg?lm=1
Manuel Neuer,38,Bayern Munich,Goalkeeper,Goalkeeper,Germany,€4.00m,https://www.transfermarkt.us/manuel-neuer/profil/spieler/17259,manuel-neuer,17259,Bundesliga,https://img.a.transfermarkt.technology/portrait/header/17259-1702419450.jpg?lm=1
Daniel Peretz,24,Bayern Munich,Goalkeeper,Goalkeeper,Israel,€3.00m,https://www.transfermarkt.us/daniel-peretz/profil/spieler/468539,daniel-peretz,468539,Bundesliga,https://img.a.transfermarkt.technology/portrait/header/468539-1700659786.jpg?lm=1
Sven Ulreich,36,Bayern Munich,Goalkeeper,Goalkeeper,Germany,€0.7m,https://www.transfermarkt.us/sven-ulreich/profil/spieler/40680,sven-ulreich,40680,Bundesliga,https://img.a.transfermarkt.technology/portrait/header/40680-1700659982.jpg?lm=1
Dayot Upamecano,26,Bayern Munich,Centre-Back,Defender,France,€45.00m,https://www.transfermarkt.us/dayot-upamecano/profil/spieler/344695,dayot-upamecano,344695,Bundesliga,https://img.a.transfermarkt.technology/portrait/header/344695-1701245272.jpg?lm=1
Min-jae Kim,28,Bayern Munich,Centre-Back,Defender,"Korea, South",€45.00m,https://www.transfermarkt.us/min-jae-kim/profil/spieler/503482,min-jae-kim,503482,Bundesliga,https://img.a.transfermarkt.technology/portrait/header/503482-1700208062.jpg?lm=1
Hiroki Ito,25,Bayern Munich,Centre-Back,Defender,Japan,€30.00m,https://www.transfermarkt.us/hiroki-ito/profil/spieler/353892,hiroki-ito,353892,Bundesliga,https://img.a.transfermarkt.technology/portrait/header/353892-1657181215.jpg?lm=1
Eric Dier,30,Bayern Munich,Centre-Back,Defender,England,€10.00m,https://www.transfermarkt.us/eric-dier/profil/spieler/175722,eric-dier,175722,Bundesliga,https://img.a.transfermarkt.technology/portrait/header/175722-1665608595.jpg?lm=1
Tarek Buchmann,19,Bayern Munich,Centre-Back,Defender,Germany,€0.5m,https://www.transfermarkt.us/tarek-buchmann/profil/spieler/744729,tarek-buchmann,744729,Bundesliga,https://img.a.transfermarkt.technology/portrait/header/744729-1662650037.jpg?lm=1
Alphonso Davies,24,Bayern Munich,Left-Back,Defender,Canada,€50.00m,https://www.transfermarkt.us/alphonso-davies/profil/spieler/424204,alphonso-davies,424204,Bundesliga,https://img.a.transfermarkt.technology/portrait/header/424204-1711745534.jpg?lm=1
Raphaël Guerreiro,30,Bayern Munich,Left-Back,Defender,Portugal,€12.00m,https://www.transfermarkt.us/raphael-guerreiro/profil/spieler/170986,raphael-guerreiro,170986,Bundesliga,https://img.a.transfermarkt.technology/portrait/header/170986-1711745629.jpg?lm=1
Adam Aznou,18,Bayern Munich,Left-Back,Defender,Morocco,€1.50m,https://www.transfermarkt.us/adam-aznou/profil/spieler/938146,adam-aznou,938146,Bundesliga,https://img.a.transfermarkt.technology/portrait/header/938146-1692946563.jpg?lm=1
Josip Stanisic,24,Bayern Munich,Right-Back,Defender,Croatia,€28.00m,https://www.transfermarkt.us/josip-stanisic/profil/spieler/483046,josip-stanisic,483046,Bundesliga,https://img.a.transfermarkt.technology/portrait/header/483046-1716966862.jpg?lm=1
Sacha Boey,24,Bayern Munich,Right-Back,Defender,France,€18.00m,https://www.transfermarkt.us/sacha-boey/profil/spieler/475413,sacha-boey,475413,Bundesliga,https://img.a.transfermarkt.technology/portrait/header/475413-1706907003.jpg?lm=1
Joshua Kimmich,29,Bayern Munich,Defensive Midfield,Midfield,Germany,€50.00m,https://www.transfermarkt.us/joshua-kimmich/profil/spieler/161056,joshua-kimmich,161056,Bundesliga,https://img.a.transfermarkt.technology/portrait/header/161056-1700039639.jpg?lm=1
João Palhinha,29,Bayern Munich,Defensive Midfield,Midfield,Portugal,€50.00m,https://www.transfermarkt.us/joao-palhinha/profil/spieler/257455,joao-palhinha,257455,Bundesliga,https://img.a.transfermarkt.technology/portrait/header/257455-1684773447.jpg?lm=1
Aleksandar Pavlovic,20,Bayern Munich,Defensive Midfield,Midfield,Germany,€50.00m,https://www.transfermarkt.us/aleksandar-pavlovic/profil/spieler/792380,aleksandar-pavlovic,792380,Bundesliga,https://img.a.transfermarkt.technology/portrait/header/792380-1727098078.jpg?lm=1
Konrad Laimer,27,Bayern Munich,Central Midfield,Midfield,Austria,€30.00m,https://www.transfermarkt.us/konrad-laimer/profil/spieler/223967,konrad-laimer,223967,Bundesliga,https://img.a.transfermarkt.technology/portrait/header/223967-1700659266.jpg?lm=1
Leon Goretzka,29,Bayern Munich,Central Midfield,Midfield,Germany,€22.00m,https://www.transfermarkt.us/leon-goretzka/profil/spieler/153084,leon-goretzka,153084,Bundesliga,https://img.a.transfermarkt.technology/portrait/header/153084-1700040179.jpg?lm=1
Jamal Musiala,21,Bayern Munich,Attacking Midfield,Midfield,Germany,€130.00m,https://www.transfermarkt.us/jamal-musiala/profil/spieler/580195,jamal-musiala,580195,Bundesliga,https://img.a.transfermarkt.technology/portrait/header/580195-1711745441.jpg?lm=1
Serge Gnabry,29,Bayern Munich,Left Winger,Attack,Germany,€40.00m,https://www.transfermarkt.us/serge-gnabry/profil/spieler/159471,serge-gnabry,159471,Bundesliga,https://img.a.transfermarkt.technology/portrait/header/159471-1712776387.jpg?lm=1
Kingsley Coman,28,Bayern Munich,Left Winger,Attack,France,€40.00m,https://www.transfermarkt.us/kingsley-coman/profil/spieler/243714,kingsley-coman,243714,Bundesliga,https://img.a.transfermarkt.technology/portrait/header/243714-1700040256.jpg?lm=1
Mathys Tel,19,Bayern Munich,Left Winger,Attack,France,€40.00m,https://www.transfermarkt.us/mathys-tel/profil/spieler/801734,mathys-tel,801734,Bundesliga,https://img.a.transfermarkt.technology/portrait/header/801734-1700040486.jpg?lm=1
Arijon Ibrahimovic,18,Bayern Munich,Left Winger,Attack,Germany,€4.00m,https://www.transfermarkt.us/arijon-ibrahimovic/profil/spieler/744728,arijon-ibrahimovic,744728,Bundesliga,https://img.a.transfermarkt.technology/portrait/header/744728-1662650250.jpg?lm=1
Michael Olise,22,Bayern Munich,Right Winger,Attack,France,€65.00m,https://www.transfermarkt.us/michael-olise/profil/spieler/566723,michael-olise,566723,Bundesliga,https://img.a.transfermarkt.technology/portrait/header/566723-1725873883.jpg?lm=1
Leroy Sané,28,Bayern Munich,Right Winger,Attack,Germany,€60.00m,https://www.transfermarkt.us/leroy-sane/profil/spieler/192565,leroy-sane,192565,Bundesliga,https://img.a.transfermarkt.technology/portrait/header/192565-1694587968.jpg?lm=1
Thomas Müller,35,Bayern Munich,Second Striker,Attack,Germany,€8.00m,https://www.transfermarkt.us/thomas-muller/profil/spieler/58358,thomas-muller,58358,Bundesliga,https://img.a.transfermarkt.technology/portrait/header/58358-1683890647.jpg?lm=1
Harry Kane,31,Bayern Munich,Centre-Forward,Attack,England,€100.00m,https://www.transfermarkt.us/harry-kane/profil/spieler/132098,harry-kane,132098,Bundesliga,https://img.a.transfermarkt.technology/portrait/header/132098-1700211169.jpg?lm=1
Maarten Vandevoordt,22,RB Leipzig,Goalkeeper,Goalkeeper,Belgium,€8.00m,https://www.transfermarkt.us/maarten-vandevoordt/profil/spieler/486046,maarten-vandevoordt,486046,Bundesliga,https://img.a.transfermarkt.technology/portrait/header/486046-1724337345.jpg?lm=1
Péter Gulácsi,34,RB Leipzig,Goalkeeper,Goalkeeper,Hungary,€3.00m,https://www.transfermarkt.us/peter-gulacsi/profil/spieler/57071,peter-gulacsi,57071,Bundesliga,https://img.a.transfermarkt.technology/portrait/header/57071-1719214600.jpg?lm=1
Leopold Zingerle,30,RB Leipzig,Goalkeeper,Goalkeeper,Germany,€0.4m,https://www.transfermarkt.us/leopold-zingerle/profil/spieler/160971,leopold-zingerle,160971,Bundesliga,https://img.a.transfermarkt.technology/portrait/header/160971-1657096465.jpg?lm=1
Castello Lukeba,21,RB Leipzig,Centre-Back,Defender,France,€40.00m,https://www.transfermarkt.us/castello-lukeba/profil/spieler/618472,castello-lukeba,618472,Bundesliga,https://img.a.transfermarkt.technology/portrait/header/618472-1713897532.jpg?lm=1
El Chadaille Bitshiabu,19,RB Leipzig,Centre-Back,Defender,France,€12.00m,https://www.transfermarkt.us/el-chadaille-bitshiabu/profil/spieler/787912,el-chadaille-bitshiabu,787912,Bundesliga,https://img.a.transfermarkt.technology/portrait/header/787912-1672304780.jpg?lm=1
Willi Orbán,32,RB Leipzig,Centre-Back,Defender,Hungary,€10.00m,https://www.transfermarkt.us/willi-orban/profil/spieler/93740,willi-orban,93740,Bundesliga,https://img.a.transfermarkt.technology/portrait/header/93740-1724337179.jpg?lm=1
Lukas Klostermann,28,RB Leipzig,Centre-Back,Defender,Germany,€8.00m,https://www.transfermarkt.us/lukas-klostermann/profil/spieler/215599,lukas-klostermann,215599,Bundesliga,https://img.a.transfermarkt.technology/portrait/header/215599-1724337278.jpg?lm=1
David Raum,26,RB Leipzig,Left-Back,Defender,Germany,€25.00m,https://www.transfermarkt.us/david-raum/profil/spieler/318204,david-raum,318204,Bundesliga,https://img.a.transfermarkt.technology/portrait/header/318204-1713945422.jpg?lm=1
Lutsharel Geertruida,24,RB Leipzig,Right-Back,Defender,Netherlands,€32.00m,https://www.transfermarkt.us/lutsharel-geertruida/profil/spieler/420210,lutsharel-geertruida,420210,Bundesliga,https://img.a.transfermarkt.technology/portrait/header/420210-1729520430.jpg?lm=1
Benjamin Henrichs,27,RB Leipzig,Right-Back,Defender,Germany,€20.00m,https://www.transfermarkt.us/benjamin-henrichs/profil/spieler/202591,benjamin-henrichs,202591,Bundesliga,https://img.a.transfermarkt.technology/portrait/header/202591-1715858341.jpg?lm=1
Arthur Vermeeren,19,RB Leipzig,Defensive Midfield,Midfield,Belgium,€25.00m,https://www.transfermarkt.us/arthur-vermeeren/profil/spieler/926694,arthur-vermeeren,926694,Bundesliga,https://img.a.transfermarkt.technology/portrait/header/926694-1729520583.jpg?lm=1
Xaver Schlager,27,RB Leipzig,Central Midfield,Midfield,Austria,€28.00m,https://www.transfermarkt.us/xaver-schlager/profil/spieler/223979,xaver-schlager,223979,Bundesliga,https://img.a.transfermarkt.technology/portrait/header/223979-1713945331.jpg?lm=1
Amadou Haidara,26,RB Leipzig,Central Midfield,Midfield,Mali,€20.00m,https://www.transfermarkt.us/amadou-haidara/profil/spieler/402008,amadou-haidara,402008,Bundesliga,https://img.a.transfermarkt.technology/portrait/header/402008-1713945184.jpg?lm=1
Nicolas Seiwald,23,RB Leipzig,Central Midfield,Midfield,Austria,€16.00m,https://www.transfermarkt.us/nicolas-seiwald/profil/spieler/404950,nicolas-seiwald,404950,Bundesliga,https://img.a.transfermarkt.technology/portrait/header/404950-1716315232.jpg?lm=1
Assan Ouédraogo,18,RB Leipzig,Central Midfield,Midfield,Germany,€10.00m,https://www.transfermarkt.us/assan-ouedraogo/profil/spieler/897424,assan-ouedraogo,897424,Bundesliga,https://img.a.transfermarkt.technology/portrait/header/897424-1689877890.jpg?lm=1
Kevin Kampl,34,RB Leipzig,Central Midfield,Midfield,Slovenia,€3.50m,https://www.transfermarkt.us/kevin-kampl/profil/spieler/53418,kevin-kampl,53418,Bundesliga,https://img.a.transfermarkt.technology/portrait/header/53418-1696919483.jpg?lm=1
Xavi Simons,21,RB Leipzig,Attacking Midfield,Midfield,Netherlands,€80.00m,https://www.transfermarkt.us/xavi-simons/profil/spieler/566931,xavi-simons,566931,Bundesliga,https://img.a.transfermarkt.technology/portrait/header/566931-1729778226.jpg?lm=1
Christoph Baumgartner,25,RB Leipzig,Attacking Midfield,Midfield,Austria,€18.00m,https://www.transfermarkt.us/christoph-baumgartner/profil/spieler/324278,christoph-baumgartner,324278,Bundesliga,https://img.a.transfermarkt.technology/portrait/header/324278-1716315718.jpg?lm=1
Eljif Elmas,25,RB Leipzig,Attacking Midfield,Midfield,North Macedonia,€15.00m,https://www.transfermarkt.us/eljif-elmas/profil/spieler/400489,eljif-elmas,400489,Bundesliga,https://img.a.transfermarkt.technology/portrait/header/400489-1709127683.jpg?lm=1
Antonio Nusa,19,RB Leipzig,Left Winger,Attack,Norway,€22.00m,https://www.transfermarkt.us/antonio-nusa/profil/spieler/894914,antonio-nusa,894914,Bundesliga,https://img.a.transfermarkt.technology/portrait/header/894914-1724337096.jpg?lm=1
Loïs Openda,24,RB Leipzig,Centre-Forward,Attack,Belgium,€60.00m,https://www.transfermarkt.us/lois-openda/profil/spieler/368887,lois-openda,368887,Bundesliga,https://img.a.transfermarkt.technology/portrait/header/368887-1713944805.jpg?lm=1
Benjamin Sesko,21,RB Leipzig,Centre-Forward,Attack,Slovenia,€50.00m,https://www.transfermarkt.us/benjamin-sesko/profil/spieler/627442,benjamin-sesko,627442,Bundesliga,https://img.a.transfermarkt.technology/portrait/header/627442-1713897956.jpg?lm=1
Yussuf Poulsen,30,RB Leipzig,Centre-Forward,Attack,Denmark,€6.00m,https://www.transfermarkt.us/yussuf-poulsen/profil/spieler/157635,yussuf-poulsen,157635,Bundesliga,https://img.a.transfermarkt.technology/portrait/header/157635-1717097740.jpg?lm=1
André Silva,29,RB Leipzig,Centre-Forward,Attack,Portugal,€6.00m,https://www.transfermarkt.us/andre-silva/profil/spieler/198008,andre-silva,198008,Bundesliga,https://img.a.transfermarkt.technology/portrait/header/198008-1724336978.jpg?lm=1
Gregor Kobel,26,Borussia Dortmund,Goalkeeper,Goalkeeper,Switzerland,€40.00m,https://www.transfermarkt.us/gregor-kobel/profil/spieler/257814,gregor-kobel,257814,Bundesliga,https://img.a.transfermarkt.technology/portrait/header/257814-1709559904.jpg?lm=1
Marcel Lotka,23,Borussia Dortmund,Goalkeeper,Goalkeeper,Germany,€1.30m,https://www.transfermarkt.us/marcel-lotka/profil/spieler/453737,marcel-lotka,453737,Bundesliga,https://img.a.transfermarkt.technology/portrait/header/453737-1657285168.jpg?lm=1
Alexander Meyer,33,Borussia Dortmund,Goalkeeper,Goalkeeper,Germany,€0.8m,https://www.transfermarkt.us/alexander-meyer/profil/spieler/76158,alexander-meyer,76158,Bundesliga,https://img.a.transfermarkt.technology/portrait/header/76158-1716381651.jpg?lm=1
Nico Schlotterbeck,25,Borussia Dortmund,Centre-Back,Defender,Germany,€40.00m,https://www.transfermarkt.us/nico-schlotterbeck/profil/spieler/388198,nico-schlotterbeck,388198,Bundesliga,https://img.a.transfermarkt.technology/portrait/header/388198-1709560457.jpg?lm=1
Waldemar Anton,28,Borussia Dortmund,Centre-Back,Defender,Germany,€24.00m,https://www.transfermarkt.us/waldemar-anton/profil/spieler/193004,waldemar-anton,193004,Bundesliga,https://img.a.transfermarkt.technology/portrait/header/193004-1723922551.jpg?lm=1
Niklas Süle,29,Borussia Dortmund,Centre-Back,Defender,Germany,€15.00m,https://www.transfermarkt.us/niklas-sule/profil/spieler/166601,niklas-sule,166601,Bundesliga,https://img.a.transfermarkt.technology/portrait/header/166601-1709560223.jpg?lm=1
Ramy Bensebaini,29,Borussia Dortmund,Left-Back,Defender,Algeria,€7.00m,https://www.transfermarkt.us/ramy-bensebaini/profil/spieler/284732,ramy-bensebaini,284732,Bundesliga,https://img.a.transfermarkt.technology/portrait/header/284732-1730103772.jpg?lm=1
Almugera Kabar,18,Borussia Dortmund,Left-Back,Defender,Germany,€1.00m,https://www.transfermarkt.us/almugera-kabar/profil/spieler/884820,almugera-kabar,884820,Bundesliga,https://img.a.transfermarkt.technology/portrait/header/884820-1713462323.jpg?lm=1
Yan Couto,22,Borussia Dortmund,Right-Back,Defender,Brazil,€25.00m,https://www.transfermarkt.us/yan-couto/profil/spieler/627228,yan-couto,627228,Bundesliga,https://img.a.transfermarkt.technology/portrait/header/627228-1723922216.jpg?lm=1
Julian Ryerson,27,Borussia Dortmund,Right-Back,Defender,Norway,€20.00m,https://www.transfermarkt.us/julian-ryerson/profil/spieler/370789,julian-ryerson,370789,Bundesliga,https://img.a.transfermarkt.technology/portrait/header/370789-1709561216.jpg?lm=1
Emre Can,30,Borussia Dortmund,Defensive Midfield,Midfield,Germany,€10.00m,https://www.transfermarkt.us/emre-can/profil/spieler/119296,emre-can,119296,Bundesliga,https://img.a.transfermarkt.technology/portrait/header/119296-1709561046.jpg?lm=1
Felix Nmecha,24,Borussia Dortmund,Central Midfield,Midfield,Germany,€20.00m,https://www.transfermarkt.us/felix-nmecha/profil/spieler/406640,felix-nmecha,406640,Bundesliga,https://img.a.transfermarkt.technology/portrait/header/406640-1709560961.jpg?lm=1
Marcel Sabitzer,30,Borussia Dortmund,Central Midfield,Midfield,Austria,€20.00m,https://www.transfermarkt.us/marcel-sabitzer/profil/spieler/106987,marcel-sabitzer,106987,Bundesliga,https://img.a.transfermarkt.technology/portrait/header/106987-1711745992.jpg?lm=1
Pascal Groß,33,Borussia Dortmund,Central Midfield,Midfield,Germany,€8.00m,https://www.transfermarkt.us/pascal-gross/profil/spieler/82873,pascal-gross,82873,Bundesliga,https://img.a.transfermarkt.technology/portrait/header/82873-1719671915.jpg?lm=1
Kjell Wätjen,18,Borussia Dortmund,Central Midfield,Midfield,Germany,€2.00m,https://www.transfermarkt.us/kjell-watjen/profil/spieler/884810,kjell-watjen,884810,Bundesliga,https://img.a.transfermarkt.technology/portrait/header/884810-1713462935.jpg?lm=1
Julian Brandt,28,Borussia Dortmund,Attacking Midfield,Midfield,Germany,€40.00m,https://www.transfermarkt.us/julian-brandt/profil/spieler/187492,julian-brandt,187492,Bundesliga,https://img.a.transfermarkt.technology/portrait/header/187492-1709560849.jpg?lm=1
Giovanni Reyna,22,Borussia Dortmund,Attacking Midfield,Midfield,United States,€12.00m,https://www.transfermarkt.us/giovanni-reyna/profil/spieler/504215,giovanni-reyna,504215,Bundesliga,https://img.a.transfermarkt.technology/portrait/header/504215-1719657655.jpg?lm=1
Karim Adeyemi,22,Borussia Dortmund,Left Winger,Attack,Germany,€35.00m,https://www.transfermarkt.us/karim-adeyemi/profil/spieler/496094,karim-adeyemi,496094,Bundesliga,https://img.a.transfermarkt.technology/portrait/header/496094-1712859708.jpg?lm=1
Jamie Gittens,20,Borussia Dortmund,Left Winger,Attack,England,€35.00m,https://www.transfermarkt.us/jamie-gittens/profil/spieler/670882,jamie-gittens,670882,Bundesliga,https://img.a.transfermarkt.technology/portrait/header/670882-1712859996.jpg?lm=1
Julien Duranville,18,Borussia Dortmund,Left Winger,Attack,Belgium,€8.50m,https://www.transfermarkt.us/julien-duranville/profil/spieler/819215,julien-duranville,819215,Bundesliga,https://img.a.transfermarkt.technology/portrait/header/819215-1659621322.jpg?lm=1
Donyell Malen,25,Borussia Dortmund,Right Winger,Attack,Netherlands,€40.00m,https://www.transfermarkt.us/donyell-malen/profil/spieler/326029,donyell-malen,326029,Bundesliga,https://img.a.transfermarkt.technology/portrait/header/326029-1711746104.jpg?lm=1
Cole Campbell,18,Borussia Dortmund,Right Winger,Attack,United States,€0.3m,https://www.transfermarkt.us/cole-campbell/profil/spieler/866579,cole-campbell,866579,Bundesliga,https://img.a.transfermarkt.technology/portrait/header/866579-1713463452.jpg?lm=1
Serhou Guirassy,28,Borussia Dortmund,Centre-Forward,Attack,Guinea,€40.00m,https://www.transfermarkt.us/serhou-guirassy/profil/spieler/270541,serhou-guirassy,270541,Bundesliga,https://img.a.transfermarkt.technology/portrait/header/270541-1727815486.jpg?lm=1
Maximilian Beier,22,Borussia Dortmund,Centre-Forward,Attack,Germany,€30.00m,https://www.transfermarkt.us/maximilian-beier/profil/spieler/578392,maximilian-beier,578392,Bundesliga,https://img.a.transfermarkt.technology/portrait/header/578392-1730574739.jpg?lm=1
Kevin Trapp,34,Eintracht Frankfurt,Goalkeeper,Goalkeeper,Germany,€4.00m,https://www.transfermarkt.us/kevin-trapp/profil/spieler/45672,kevin-trapp,45672,Bundesliga,https://img.a.transfermarkt.technology/portrait/header/45672-1724772525.jpg?lm=1
Kauã Santos,21,Eintracht Frankfurt,Goalkeeper,Goalkeeper,Brazil,€2.50m,https://www.transfermarkt.us/kaua-santos/profil/spieler/997861,kaua-santos,997861,Bundesliga,https://img.a.transfermarkt.technology/portrait/header/997861-1696509170.jpg?lm=1
Jens Grahl,36,Eintracht Frankfurt,Goalkeeper,Goalkeeper,Germany,€0.2m,https://www.transfermarkt.us/jens-grahl/profil/spieler/40034,jens-grahl,40034,Bundesliga,https://img.a.transfermarkt.technology/portrait/header/40034-1663064684.jpg?lm=1
Arthur Theate,24,Eintracht Frankfurt,Centre-Back,Defender,Belgium,€20.00m,https://www.transfermarkt.us/arthur-theate/profil/spieler/368891,arthur-theate,368891,Bundesliga,https://img.a.transfermarkt.technology/portrait/header/368891-1666698276.jpg?lm=1
Robin Koch,28,Eintracht Frankfurt,Centre-Back,Defender,Germany,€18.00m,https://www.transfermarkt.us/robin-koch/profil/spieler/328784,robin-koch,328784,Bundesliga,https://img.a.transfermarkt.technology/portrait/header/328784-1696508822.jpg?lm=1
Tuta,25,Eintracht Frankfurt,Centre-Back,Defender,Brazil,€12.00m,https://www.transfermarkt.us/tuta/profil/spieler/546213,tuta,546213,Bundesliga,https://img.a.transfermarkt.technology/portrait/header/546213-1663064755.jpg?lm=1
Aurèle Amenda,21,Eintracht Frankfurt,Centre-Back,Defender,Switzerland,€9.50m,https://www.transfermarkt.us/aurele-amenda/profil/spieler/635645,aurele-amenda,635645,Bundesliga,https://img.a.transfermarkt.technology/portrait/header/635645-1724772426.jpg?lm=1
Nnamdi Collins,20,Eintracht Frankfurt,Centre-Back,Defender,Germany,€1.00m,https://www.transfermarkt.us/nnamdi-collins/profil/spieler/684315,nnamdi-collins,684315,Bundesliga,https://img.a.transfermarkt.technology/portrait/header/684315-1724772257.jpg?lm=1
Niels Nkounkou,24,Eintracht Frankfurt,Left-Back,Defender,France,€7.50m,https://www.transfermarkt.us/niels-nkounkou/profil/spieler/591193,niels-nkounkou,591193,Bundesliga,https://img.a.transfermarkt.technology/portrait/header/591193-1696509000.jpg?lm=1
Nathaniel Brown,21,Eintracht Frankfurt,Left-Back,Defender,Germany,€3.00m,https://www.transfermarkt.us/nathaniel-brown/profil/spieler/691892,nathaniel-brown,691892,Bundesliga,https://img.a.transfermarkt.technology/portrait/header/691892-1724772335.jpg?lm=1
Rasmus Kristensen,27,Eintracht Frankfurt,Right-Back,Defender,Denmark,€10.00m,https://www.transfermarkt.us/rasmus-kristensen/profil/spieler/369684,rasmus-kristensen,369684,Bundesliga,https://img.a.transfermarkt.technology/portrait/header/369684-1725875948.jpg?lm=1
Timothy Chandler,34,Eintracht Frankfurt,Right-Back,Defender,United States,€0.5m,https://www.transfermarkt.us/timothy-chandler/profil/spieler/49723,timothy-chandler,49723,Bundesliga,https://img.a.transfermarkt.technology/portrait/header/49723-1663064872.jpg?lm=1
Ellyes Skhiri,29,Eintracht Frankfurt,Defensive Midfield,Midfield,Tunisia,€11.00m,https://www.transfermarkt.us/ellyes-skhiri/profil/spieler/290587,ellyes-skhiri,290587,Bundesliga,https://img.a.transfermarkt.technology/portrait/header/290587-1696509403.jpg?lm=1
Hugo Larsson,20,Eintracht Frankfurt,Central Midfield,Midfield,Sweden,€28.00m,https://www.transfermarkt.us/hugo-larsson/profil/spieler/931838,hugo-larsson,931838,Bundesliga,https://img.a.transfermarkt.technology/portrait/header/931838-1696509259.jpg?lm=1
Mahmoud Dahoud,28,Eintracht Frankfurt,Central Midfield,Midfield,Syria,€6.00m,https://www.transfermarkt.us/mahmoud-dahoud/profil/spieler/191422,mahmoud-dahoud,191422,Bundesliga,https://img.a.transfermarkt.technology/portrait/header/191422-1726605307.jpg?lm=1
Oscar Højlund,19,Eintracht Frankfurt,Central Midfield,Midfield,Denmark,€2.00m,https://www.transfermarkt.us/oscar-hojlund/profil/spieler/846310,oscar-hojlund,846310,Bundesliga,https://img.a.transfermarkt.technology/portrait/header/846310-1724771793.jpg?lm=1
Junior Dina Ebimbe,24,Eintracht Frankfurt,Right Midfield,Midfield,France,€9.00m,https://www.transfermarkt.us/junior-dina-ebimbe/profil/spieler/536482,junior-dina-ebimbe,536482,Bundesliga,https://img.a.transfermarkt.technology/portrait/header/536482-1663065378.jpg?lm=1
Farès Chaïbi,22,Eintracht Frankfurt,Attacking Midfield,Midfield,Algeria,€18.00m,https://www.transfermarkt.us/fares-chaibi/profil/spieler/855015,fares-chaibi,855015,Bundesliga,https://img.a.transfermarkt.technology/portrait/header/855015-1693383538.jpg?lm=1
Can Uzun,19,Eintracht Frankfurt,Attacking Midfield,Midfield,Türkiye,€12.00m,https://www.transfermarkt.us/can-uzun/profil/spieler/816585,can-uzun,816585,Bundesliga,https://img.a.transfermarkt.technology/portrait/header/816585-1724772468.jpg?lm=1
Mario Götze,32,Eintracht Frankfurt,Attacking Midfield,Midfield,Germany,€5.50m,https://www.transfermarkt.us/mario-gotze/profil/spieler/74842,mario-gotze,74842,Bundesliga,https://img.a.transfermarkt.technology/portrait/header/74842-1663065102.jpg?lm=1
Krisztián Lisztes,19,Eintracht Frankfurt,Attacking Midfield,Midfield,Hungary,€4.50m,https://www.transfermarkt.us/krisztian-lisztes/profil/spieler/933217,krisztian-lisztes,933217,Bundesliga,https://img.a.transfermarkt.technology/portrait/header/933217-1724771721.jpg?lm=1
Jean-Mattéo Bahoya,19,Eintracht Frankfurt,Left Winger,Attack,France,€7.50m,https://www.transfermarkt.us/jean-matteo-bahoya/profil/spieler/939964,jean-matteo-bahoya,939964,Bundesliga,https://img.a.transfermarkt.technology/portrait/header/939964-1724772389.jpg?lm=1
Ansgar Knauff,22,Eintracht Frankfurt,Right Winger,Attack,Germany,€10.00m,https://www.transfermarkt.us/ansgar-knauff/profil/spieler/429874,ansgar-knauff,429874,Bundesliga,https://img.a.transfermarkt.technology/portrait/header/429874-1663065826.jpg?lm=1
Omar Marmoush,25,Eintracht Frankfurt,Centre-Forward,Attack,Egypt,€40.00m,https://www.transfermarkt.us/omar-marmoush/profil/spieler/445939,omar-marmoush,445939,Bundesliga,https://img.a.transfermarkt.technology/portrait/header/445939-1696508916.jpg?lm=1
Hugo Ekitiké,22,Eintracht Frankfurt,Centre-Forward,Attack,France,€30.00m,https://www.transfermarkt.us/hugo-ekitike/profil/spieler/709726,hugo-ekitike,709726,Bundesliga,https://img.a.transfermarkt.technology/portrait/header/709726-1724772213.jpg?lm=1
Igor Matanovic,21,Eintracht Frankfurt,Centre-Forward,Attack,Croatia,€8.00m,https://www.transfermarkt.us/igor-matanovic/profil/spieler/605268,igor-matanovic,605268,Bundesliga,https://img.a.transfermarkt.technology/portrait/header/605268-1724772594.jpg?lm=1
Oliver Baumann,34,TSG 1899 Hoffenheim,Goalkeeper,Goalkeeper,Germany,€3.00m,https://www.transfermarkt.us/oliver-baumann/profil/spieler/55089,oliver-baumann,55089,Bundesliga,https://img.a.transfermarkt.technology/portrait/header/55089-1657200130.jpg?lm=1
Luca Philipp,24,TSG 1899 Hoffenheim,Goalkeeper,Goalkeeper,Germany,€0.3m,https://www.transfermarkt.us/luca-philipp/profil/spieler/432671,luca-philipp,432671,Bundesliga,https://img.a.transfermarkt.technology/portrait/header/432671-1657200196.jpg?lm=1
Lúkas Petersson,20,TSG 1899 Hoffenheim,Goalkeeper,Goalkeeper,Iceland,€0.15m,https://www.transfermarkt.us/lukas-petersson/profil/spieler/718460,lukas-petersson,718460,Bundesliga,https://img.a.transfermarkt.technology/portrait/header/718460-1723920319.jpg?lm=1
Ozan Kabak,24,TSG 1899 Hoffenheim,Centre-Back,Defender,Türkiye,€10.00m,https://www.transfermarkt.us/ozan-kabak/profil/spieler/361260,ozan-kabak,361260,Bundesliga,https://img.a.transfermarkt.technology/portrait/header/361260-1691269223.jpg?lm=1
Robin Hranac,24,TSG 1899 Hoffenheim,Centre-Back,Defender,Czech Republic,€8.00m,https://www.transfermarkt.us/robin-hranac/profil/spieler/620217,robin-hranac,620217,Bundesliga,https://img.a.transfermarkt.technology/portrait/header/620217-1713471898.jpg?lm=1
Tim Drexler,19,TSG 1899 Hoffenheim,Centre-Back,Defender,Germany,€4.00m,https://www.transfermarkt.us/tim-drexler/profil/spieler/822958,tim-drexler,822958,Bundesliga,https://img.a.transfermarkt.technology/portrait/header/822958-1665473351.jpg?lm=1
Kevin Akpoguma,29,TSG 1899 Hoffenheim,Centre-Back,Defender,Nigeria,€3.00m,https://www.transfermarkt.us/kevin-akpoguma/profil/spieler/160241,kevin-akpoguma,160241,Bundesliga,https://img.a.transfermarkt.technology/portrait/header/160241-1723920979.jpg?lm=1
Stanley Nsoki,25,TSG 1899 Hoffenheim,Centre-Back,Defender,France,€2.50m,https://www.transfermarkt.us/stanley-nsoki/profil/spieler/371141,stanley-nsoki,371141,Bundesliga,https://img.a.transfermarkt.technology/portrait/header/371141-1691269161.jpg?lm=1
Attila Szalai,26,TSG 1899 Hoffenheim,Centre-Back,Defender,Hungary,€2.00m,https://www.transfermarkt.us/attila-szalai/profil/spieler/263380,attila-szalai,263380,Bundesliga,https://img.a.transfermarkt.technology/portrait/header/263380-1691269895.jpg?lm=1
Arthur Chaves,23,TSG 1899 Hoffenheim,Centre-Back,Defender,Brazil,€1.20m,https://www.transfermarkt.us/arthur-chaves/profil/spieler/875332,arthur-chaves,875332,Bundesliga,https://img.a.transfermarkt.technology/portrait/header/875332-1731017725.jpg?lm=1
David Jurásek,24,TSG 1899 Hoffenheim,Left-Back,Defender,Czech Republic,€8.00m,https://www.transfermarkt.us/david-jurasek/profil/spieler/500054,david-jurasek,500054,Bundesliga,https://img.a.transfermarkt.technology/portrait/header/500054-1701333965.jpg?lm=1
Christopher Lenz,30,TSG 1899 Hoffenheim,Left-Back,Defender,Germany,€1.50m,https://www.transfermarkt.us/christopher-lenz/profil/spieler/159844,christopher-lenz,159844,Bundesliga,https://img.a.transfermarkt.technology/portrait/header/159844-1663065776.jpg?lm=1
Marco John,22,TSG 1899 Hoffenheim,Left-Back,Defender,Germany,€1.50m,https://www.transfermarkt.us/marco-john/profil/spieler/450234,marco-john,450234,Bundesliga,https://img.a.transfermarkt.technology/portrait/header/450234-1657201014.jpg?lm=1
Valentin Gendrey,24,TSG 1899 Hoffenheim,Right-Back,Defender,France,€8.50m,https://www.transfermarkt.us/valentin-gendrey/profil/spieler/569387,valentin-gendrey,569387,Bundesliga,https://img.a.transfermarkt.technology/portrait/header/569387-1663745931.jpg?lm=1
Pavel Kaderabek,32,TSG 1899 Hoffenheim,Right-Back,Defender,Czech Republic,€3.00m,https://www.transfermarkt.us/pavel-kaderabek/profil/spieler/143798,pavel-kaderabek,143798,Bundesliga,https://img.a.transfermarkt.technology/portrait/header/143798-1657200722.jpg?lm=1
Florian Grillitsch,29,TSG 1899 Hoffenheim,Defensive Midfield,Midfield,Austria,€6.50m,https://www.transfermarkt.us/florian-grillitsch/profil/spieler/195736,florian-grillitsch,195736,Bundesliga,https://img.a.transfermarkt.technology/portrait/header/195736-1691269821.jpg?lm=1
Diadié Samassékou,28,TSG 1899 Hoffenheim,Defensive Midfield,Midfield,Mali,€1.00m,https://www.transfermarkt.us/diadie-samassekou/profil/spieler/315604,diadie-samassekou,315604,Bundesliga,https://img.a.transfermarkt.technology/portrait/header/315604-1657200749.jpg?lm=1
Anton Stach,26,TSG 1899 Hoffenheim,Central Midfield,Midfield,Germany,€15.00m,https://www.transfermarkt.us/anton-stach/profil/spieler/344069,anton-stach,344069,Bundesliga,https://img.a.transfermarkt.technology/portrait/header/344069-1723921116.jpg?lm=1
Grischa Prömel,29,TSG 1899 Hoffenheim,Central Midfield,Midfield,Germany,€7.00m,https://www.transfermarkt.us/grischa-promel/profil/spieler/234029,grischa-promel,234029,Bundesliga,https://img.a.transfermarkt.technology/portrait/header/234029-1657200969.jpg?lm=1
Umut Tohumcu,20,TSG 1899 Hoffenheim,Central Midfield,Midfield,Germany,€7.00m,https://www.transfermarkt.us/umut-tohumcu/profil/spieler/569031,umut-tohumcu,569031,Bundesliga,https://img.a.transfermarkt.technology/portrait/header/569031-1691269357.jpg?lm=1
Tom Bischof,19,TSG 1899 Hoffenheim,Central Midfield,Midfield,Germany,€3.50m,https://www.transfermarkt.us/tom-bischof/profil/spieler/822959,tom-bischof,822959,Bundesliga,https://img.a.transfermarkt.technology/portrait/header/822959-1723921256.jpg?lm=1
Dennis Geiger,26,TSG 1899 Hoffenheim,Central Midfield,Midfield,Germany,€3.00m,https://www.transfermarkt.us/dennis-geiger/profil/spieler/251309,dennis-geiger,251309,Bundesliga,https://img.a.transfermarkt.technology/portrait/header/251309-1723921207.jpg?lm=1
Finn Ole Becker,24,TSG 1899 Hoffenheim,Central Midfield,Midfield,Germany,€2.50m,https://www.transfermarkt.us/finn-ole-becker/profil/spieler/334999,finn-ole-becker,334999,Bundesliga,https://img.a.transfermarkt.technology/portrait/header/334999-1657200994.jpg?lm=1
Florian Micheler,19,TSG 1899 Hoffenheim,Central Midfield,Midfield,Austria,€0.5m,https://www.transfermarkt.us/florian-micheler/profil/spieler/808664,florian-micheler,808664,Bundesliga,https://img.a.transfermarkt.technology/portrait/header/808664-1730192007.jpg?lm=1
Alexander Prass,23,TSG 1899 Hoffenheim,Left Midfield,Midfield,Austria,€12.00m,https://www.transfermarkt.us/alexander-prass/profil/spieler/434116,alexander-prass,434116,Bundesliga,https://img.a.transfermarkt.technology/portrait/header/434116-1723921044.jpg?lm=1
Jacob Bruun Larsen,26,TSG 1899 Hoffenheim,Left Winger,Attack,Denmark,€6.00m,https://www.transfermarkt.us/jacob-bruun-larsen/profil/spieler/293281,jacob-bruun-larsen,293281,Bundesliga,https://img.a.transfermarkt.technology/portrait/header/293281-1657201254.jpg?lm=1
Marius Bülter,31,TSG 1899 Hoffenheim,Left Winger,Attack,Germany,€2.50m,https://www.transfermarkt.us/marius-bulter/profil/spieler/116088,marius-bulter,116088,Bundesliga,https://img.a.transfermarkt.technology/portrait/header/116088-1691269482.jpg?lm=1
Adam Hlozek,22,TSG 1899 Hoffenheim,Second Striker,Attack,Czech Republic,€18.00m,https://www.transfermarkt.us/adam-hlozek/profil/spieler/552057,adam-hlozek,552057,Bundesliga,https://img.a.transfermarkt.technology/portrait/header/552057-1695368334.jpg?lm=1
Mergim Berisha,26,TSG 1899 Hoffenheim,Centre-Forward,Attack,Germany,€10.00m,https://www.transfermarkt.us/mergim-berisha/profil/spieler/307924,mergim-berisha,307924,Bundesliga,https://img.a.transfermarkt.technology/portrait/header/307924-1691251216.jpg?lm=1
Andrej Kramaric,33,TSG 1899 Hoffenheim,Centre-Forward,Attack,Croatia,€5.00m,https://www.transfermarkt.us/andrej-kramaric/profil/spieler/46580,andrej-kramaric,46580,Bundesliga,https://img.a.transfermarkt.technology/portrait/header/46580-1657201316.jpg?lm=1
Ihlas Bebou,30,TSG 1899 Hoffenheim,Centre-Forward,Attack,Togo,€4.00m,https://www.transfermarkt.us/ihlas-bebou/profil/spieler/237164,ihlas-bebou,237164,Bundesliga,https://img.a.transfermarkt.technology/portrait/header/237164-1723921163.jpg?lm=1
Haris Tabakovic,30,TSG 1899 Hoffenheim,Centre-Forward,Attack,Bosnia-Herzegovina,€3.00m,https://www.transfermarkt.us/haris-tabakovic/profil/spieler/203123,haris-tabakovic,203123,Bundesliga,https://img.a.transfermarkt.technology/portrait/header/203123-1720778399.jpg?lm=1
Max Moerstedt,18,TSG 1899 Hoffenheim,Centre-Forward,Attack,Germany,€3.00m,https://www.transfermarkt.us/max-moerstedt/profil/spieler/923595,max-moerstedt,923595,Bundesliga,https://img.a.transfermarkt.technology/portrait/header/923595-1723920909.jpg?lm=1
Kevin Müller,33,1.FC Heidenheim 1846,Goalkeeper,Goalkeeper,Germany,€1.00m,https://www.transfermarkt.us/kevin-muller/profil/spieler/43824,kevin-muller,43824,Bundesliga,https://img.a.transfermarkt.technology/portrait/header/43824-1657874601.jpg?lm=1
Frank Feller,20,1.FC Heidenheim 1846,Goalkeeper,Goalkeeper,Germany,€0.35m,https://www.transfermarkt.us/frank-feller/profil/spieler/806948,frank-feller,806948,Bundesliga,https://img.a.transfermarkt.technology/portrait/header/806948-1690186659.jpg?lm=1
Vitus Eicher,34,1.FC Heidenheim 1846,Goalkeeper,Goalkeeper,Germany,€0.25m,https://www.transfermarkt.us/vitus-eicher/profil/spieler/57796,vitus-eicher,57796,Bundesliga,https://img.a.transfermarkt.technology/portrait/header/57796-1657874640.jpg?lm=1
Paul Tschernuth,22,1.FC Heidenheim 1846,Goalkeeper,Goalkeeper,Austria,€0.1m,https://www.transfermarkt.us/paul-tschernuth/profil/spieler/519035,paul-tschernuth,519035,Bundesliga,https://img.a.transfermarkt.technology/portrait/header/519035-1657874664.jpg?lm=1
Patrick Mainka,30,1.FC Heidenheim 1846,Centre-Back,Defender,Germany,€3.00m,https://www.transfermarkt.us/patrick-mainka/profil/spieler/133731,patrick-mainka,133731,Bundesliga,https://img.a.transfermarkt.technology/portrait/header/133731-1657874688.jpg?lm=1
Benedikt Gimber,27,1.FC Heidenheim 1846,Centre-Back,Defender,Germany,€2.80m,https://www.transfermarkt.us/benedikt-gimber/profil/spieler/227084,benedikt-gimber,227084,Bundesliga,https://img.a.transfermarkt.technology/portrait/header/227084-1657099906.jpg?lm=1
Tim Siersleben,24,1.FC Heidenheim 1846,Centre-Back,Defender,Germany,€1.50m,https://www.transfermarkt.us/tim-siersleben/profil/spieler/337092,tim-siersleben,337092,Bundesliga,https://img.a.transfermarkt.technology/portrait/header/337092-1657874709.jpg?lm=1
Thomas Keller,25,1.FC Heidenheim 1846,Centre-Back,Defender,Germany,€0.35m,https://www.transfermarkt.us/thomas-keller/profil/spieler/485747,thomas-keller,485747,Bundesliga,https://img.a.transfermarkt.technology/portrait/header/485747-1657874744.jpg?lm=1
Jonas Föhrenbach,28,1.FC Heidenheim 1846,Left-Back,Defender,Germany,€2.00m,https://www.transfermarkt.us/jonas-fohrenbach/profil/spieler/192169,jonas-fohrenbach,192169,Bundesliga,https://img.a.transfermarkt.technology/portrait/header/192169-1657874815.jpg?lm=1
Omar Traoré,26,1.FC Heidenheim 1846,Right-Back,Defender,Germany,€3.50m,https://www.transfermarkt.us/omar-traore/profil/spieler/388294,omar-traore,388294,Bundesliga,https://img.a.transfermarkt.technology/portrait/header/388294-1690186175.jpg?lm=1
Marnon Busch,29,1.FC Heidenheim 1846,Right-Back,Defender,Germany,€1.20m,https://www.transfermarkt.us/marnon-busch/profil/spieler/117478,marnon-busch,117478,Bundesliga,https://img.a.transfermarkt.technology/portrait/header/117478-1657874858.jpg?lm=1
Lennard Maloney,25,1.FC Heidenheim 1846,Defensive Midfield,Midfield,United States,€5.00m,https://www.transfermarkt.us/lennard-maloney/profil/spieler/392710,lennard-maloney,392710,Bundesliga,https://img.a.transfermarkt.technology/portrait/header/392710-1657874790.jpg?lm=1
Niklas Dorsch,26,1.FC Heidenheim 1846,Defensive Midfield,Midfield,Germany,€4.00m,https://www.transfermarkt.us/niklas-dorsch/profil/spieler/251302,niklas-dorsch,251302,Bundesliga,https://img.a.transfermarkt.technology/portrait/header/251302-1722850585.jpg?lm=1
Julian Niehues,23,1.FC Heidenheim 1846,Defensive Midfield,Midfield,Germany,€1.50m,https://www.transfermarkt.us/julian-niehues/profil/spieler/530173,julian-niehues,530173,Bundesliga,https://img.a.transfermarkt.technology/portrait/header/530173-1721852705.jpg?lm=1
Norman Theuerkauf,37,1.FC Heidenheim 1846,Defensive Midfield,Midfield,Germany,€0.3m,https://www.transfermarkt.us/norman-theuerkauf/profil/spieler/31599,norman-theuerkauf,31599,Bundesliga,https://img.a.transfermarkt.technology/portrait/header/31599-1657874835.jpg?lm=1
Luka Janes,20,1.FC Heidenheim 1846,Defensive Midfield,Midfield,Germany,€0.2m,https://www.transfermarkt.us/luka-janes/profil/spieler/825971,luka-janes,825971,Bundesliga,https://img.a.transfermarkt.technology/portrait/header/825971-1690186353.jpg?lm=1
Jan Schöppner,25,1.FC Heidenheim 1846,Central Midfield,Midfield,Germany,€3.50m,https://www.transfermarkt.us/jan-schoppner/profil/spieler/581357,jan-schoppner,581357,Bundesliga,https://img.a.transfermarkt.technology/portrait/header/581357-1721852254.jpg?lm=1
Luca Kerber,22,1.FC Heidenheim 1846,Central Midfield,Midfield,Germany,€1.30m,https://www.transfermarkt.us/luca-kerber/profil/spieler/809498,luca-kerber,809498,Bundesliga,https://img.a.transfermarkt.technology/portrait/header/809498-1721852758.jpg?lm=1
Paul Wanner,18,1.FC Heidenheim 1846,Attacking Midfield,Midfield,Germany,€15.00m,https://www.transfermarkt.us/paul-wanner/profil/spieler/900909,paul-wanner,900909,Bundesliga,https://img.a.transfermarkt.technology/portrait/header/900909-1661800800.jpg?lm=1
Adrian Beck,27,1.FC Heidenheim 1846,Attacking Midfield,Midfield,Germany,€1.50m,https://www.transfermarkt.us/adrian-beck/profil/spieler/273669,adrian-beck,273669,Bundesliga,https://img.a.transfermarkt.technology/portrait/header/273669-1721852328.jpg?lm=1
Denis Thomalla,32,1.FC Heidenheim 1846,Attacking Midfield,Midfield,Germany,€0.75m,https://www.transfermarkt.us/denis-thomalla/profil/spieler/94030,denis-thomalla,94030,Bundesliga,https://img.a.transfermarkt.technology/portrait/header/94030-1657875455.jpg?lm=1
Leo Scienza,26,1.FC Heidenheim 1846,Left Winger,Attack,Brazil,€2.50m,https://www.transfermarkt.us/leo-scienza/profil/spieler/804219,leo-scienza,804219,Bundesliga,https://img.a.transfermarkt.technology/portrait/header/804219-1721852378.jpg?lm=1
Mathias Honsak,27,1.FC Heidenheim 1846,Left Winger,Attack,Austria,€1.20m,https://www.transfermarkt.us/mathias-honsak/profil/spieler/283497,mathias-honsak,283497,Bundesliga,https://img.a.transfermarkt.technology/portrait/header/283497-1721852632.jpg?lm=1
Christopher Negele,19,1.FC Heidenheim 1846,Left Winger,Attack,Germany,€0.0m,https://www.transfermarkt.us/christopher-negele/profil/spieler/924339,christopher-negele,924339,Bundesliga,https://img.a.transfermarkt.technology/portrait/header/924339-1721852798.jpg?lm=1
Sirlord Conteh,28,1.FC Heidenheim 1846,Right Winger,Attack,Germany,€1.50m,https://www.transfermarkt.us/sirlord-conteh/profil/spieler/307183,sirlord-conteh,307183,Bundesliga,https://img.a.transfermarkt.technology/portrait/header/307183-1721852922.jpg?lm=1
Marvin Pieringer,25,1.FC Heidenheim 1846,Centre-Forward,Attack,Germany,€4.50m,https://www.transfermarkt.us/marvin-pieringer/profil/spieler/471055,marvin-pieringer,471055,Bundesliga,https://img.a.transfermarkt.technology/portrait/header/471055-1690186870.jpg?lm=1
Maximilian Breunig,24,1.FC Heidenheim 1846,Centre-Forward,Attack,Germany,€2.00m,https://www.transfermarkt.us/maximilian-breunig/profil/spieler/584254,maximilian-breunig,584254,Bundesliga,https://img.a.transfermarkt.technology/portrait/header/584254-1658505130.jpg?lm=1
Mikkel Kaufmann,23,1.FC Heidenheim 1846,Centre-Forward,Attack,Denmark,€2.00m,https://www.transfermarkt.us/mikkel-kaufmann/profil/spieler/545332,mikkel-kaufmann,545332,Bundesliga,https://img.a.transfermarkt.technology/portrait/header/545332-1691614182.jpg?lm=1
Stefan Schimmer,30,1.FC Heidenheim 1846,Centre-Forward,Attack,Germany,€0.5m,https://www.transfermarkt.us/stefan-schimmer/profil/spieler/394033,stefan-schimmer,394033,Bundesliga,https://img.a.transfermarkt.technology/portrait/header/394033-1721852150.jpg?lm=1
Michael Zetterer,29,SV Werder Bremen,Goalkeeper,Goalkeeper,Germany,€4.00m,https://www.transfermarkt.us/michael-zetterer/profil/spieler/196813,michael-zetterer,196813,Bundesliga,https://img.a.transfermarkt.technology/portrait/header/196813-1660208839.jpg?lm=1
Mio Backhaus,20,SV Werder Bremen,Goalkeeper,Goalkeeper,Germany,€2.00m,https://www.transfermarkt.us/mio-backhaus/profil/spieler/620295,mio-backhaus,620295,Bundesliga,https://img.a.transfermarkt.technology/portrait/header/620295-1722887617.jpg?lm=1
Markus Kolke,34,SV Werder Bremen,Goalkeeper,Goalkeeper,Germany,€0.3m,https://www.transfermarkt.us/markus-kolke/profil/spieler/99451,markus-kolke,99451,Bundesliga,https://img.a.transfermarkt.technology/portrait/header/99451-1722887501.jpg?lm=1
Marco Friedl,26,SV Werder Bremen,Centre-Back,Defender,Austria,€7.50m,https://www.transfermarkt.us/marco-friedl/profil/spieler/156990,marco-friedl,156990,Bundesliga,https://img.a.transfermarkt.technology/portrait/header/156990-1660207986.jpg?lm=1
Niklas Stark,29,SV Werder Bremen,Centre-Back,Defender,Germany,€5.50m,https://www.transfermarkt.us/niklas-stark/profil/spieler/162434,niklas-stark,162434,Bundesliga,https://img.a.transfermarkt.technology/portrait/header/162434-1660208662.jpg?lm=1
Milos Veljkovic,29,SV Werder Bremen,Centre-Back,Defender,Serbia,€4.50m,https://www.transfermarkt.us/milos-veljkovic/profil/spieler/202228,milos-veljkovic,202228,Bundesliga,https://img.a.transfermarkt.technology/portrait/header/202228-1694527030.jpg?lm=1
Amos Pieper,26,SV Werder Bremen,Centre-Back,Defender,Germany,€4.00m,https://www.transfermarkt.us/amos-pieper/profil/spieler/334221,amos-pieper,334221,Bundesliga,https://img.a.transfermarkt.technology/portrait/header/334221-1660208427.jpg?lm=1
Julián Malatini,23,SV Werder Bremen,Centre-Back,Defender,Argentina,€2.50m,https://www.transfermarkt.us/julian-malatini/profil/spieler/830108,julian-malatini,830108,Bundesliga,https://img.a.transfermarkt.technology/portrait/header/830108-1722887346.jpg?lm=1
Anthony Jung,33,SV Werder Bremen,Centre-Back,Defender,Germany,€1.00m,https://www.transfermarkt.us/anthony-jung/profil/spieler/58995,anthony-jung,58995,Bundesliga,https://img.a.transfermarkt.technology/portrait/header/58995-1660208184.jpg?lm=1
Derrick Köhn,25,SV Werder Bremen,Left-Back,Defender,Germany,€6.00m,https://www.transfermarkt.us/derrick-kohn/profil/spieler/391780,derrick-kohn,391780,Bundesliga,https://img.a.transfermarkt.technology/portrait/header/391780-1707464358.png?lm=1
Mitchell Weiser,30,SV Werder Bremen,Right-Back,Defender,Germany,€6.00m,https://www.transfermarkt.us/mitchell-weiser/profil/spieler/119211,mitchell-weiser,119211,Bundesliga,https://img.a.transfermarkt.technology/portrait/header/119211-1660208775.jpg?lm=1
Felix Agu,25,SV Werder Bremen,Right-Back,Defender,Germany,€6.00m,https://www.transfermarkt.us/felix-agu/profil/spieler/393512,felix-agu,393512,Bundesliga,https://img.a.transfermarkt.technology/portrait/header/393512-1722887707.jpg?lm=1
Senne Lynen,25,SV Werder Bremen,Defensive Midfield,Midfield,Belgium,€7.00m,https://www.transfermarkt.us/senne-lynen/profil/spieler/338668,senne-lynen,338668,Bundesliga,https://img.a.transfermarkt.technology/portrait/header/338668-1722887459.jpg?lm=1
Skelly Alvero,22,SV Werder Bremen,Defensive Midfield,Midfield,France,€4.00m,https://www.transfermarkt.us/skelly-alvero/profil/spieler/855134,skelly-alvero,855134,Bundesliga,https://img.a.transfermarkt.technology/portrait/header/855134-1706082508.jpg?lm=1
Jens Stage,28,SV Werder Bremen,Central Midfield,Midfield,Denmark,€9.00m,https://www.transfermarkt.us/jens-stage/profil/spieler/289835,jens-stage,289835,Bundesliga,https://img.a.transfermarkt.technology/portrait/header/289835-1660208628.jpg?lm=1
Leonardo Bittencourt,30,SV Werder Bremen,Central Midfield,Midfield,Germany,€2.50m,https://www.transfermarkt.us/leonardo-bittencourt/profil/spieler/93844,leonardo-bittencourt,93844,Bundesliga,https://img.a.transfermarkt.technology/portrait/header/93844-1660206490.jpg?lm=1
Naby Keïta,29,SV Werder Bremen,Central Midfield,Midfield,Guinea,€1.00m,https://www.transfermarkt.us/naby-keita/profil/spieler/302215,naby-keita,302215,Bundesliga,https://img.a.transfermarkt.technology/portrait/header/302215-1691613796.jpg?lm=1
Olivier Deman,24,SV Werder Bremen,Left Midfield,Midfield,Belgium,€4.00m,https://www.transfermarkt.us/olivier-deman/profil/spieler/621802,olivier-deman,621802,Bundesliga,https://img.a.transfermarkt.technology/portrait/header/621802-1722887784.jpg?lm=1
Leon Opitz,19,SV Werder Bremen,Left Midfield,Midfield,Germany,€0.6m,https://www.transfermarkt.us/leon-opitz/profil/spieler/825073,leon-opitz,825073,Bundesliga,https://img.a.transfermarkt.technology/portrait/header/825073-1693834663.jpg?lm=1
Romano Schmid,24,SV Werder Bremen,Attacking Midfield,Midfield,Austria,€13.00m,https://www.transfermarkt.us/romano-schmid/profil/spieler/346853,romano-schmid,346853,Bundesliga,https://img.a.transfermarkt.technology/portrait/header/346853-1730117104.jpg?lm=1
Isak Hansen-Aarøen,20,SV Werder Bremen,Attacking Midfield,Midfield,Norway,€1.50m,https://www.transfermarkt.us/isak-hansen-aaroen/profil/spieler/670116,isak-hansen-aaroen,670116,Bundesliga,https://img.a.transfermarkt.technology/portrait/header/670116-1722887545.jpg?lm=1
Marco Grüll,26,SV Werder Bremen,Left Winger,Attack,Austria,€4.00m,https://www.transfermarkt.us/marco-grull/profil/spieler/391766,marco-grull,391766,Bundesliga,https://img.a.transfermarkt.technology/portrait/header/391766-1692995037.png?lm=1
Abdenego Nankishi,22,SV Werder Bremen,Left Winger,Attack,Germany,€0.45m,https://www.transfermarkt.us/abdenego-nankishi/profil/spieler/455662,abdenego-nankishi,455662,Bundesliga,https://img.a.transfermarkt.technology/portrait/header/455662-1660208303.jpg?lm=1
Justin Njinmah,24,SV Werder Bremen,Right Winger,Attack,Germany,€9.00m,https://www.transfermarkt.us/justin-njinmah/profil/spieler/596153,justin-njinmah,596153,Bundesliga,https://img.a.transfermarkt.technology/portrait/header/596153-1722887298.jpg?lm=1
Oliver Burke,27,SV Werder Bremen,Right Winger,Attack,Scotland,€1.00m,https://www.transfermarkt.us/oliver-burke/profil/spieler/341317,oliver-burke,341317,Bundesliga,https://img.a.transfermarkt.technology/portrait/header/341317-1660206566.jpg?lm=1
Marvin Ducksch,30,SV Werder Bremen,Centre-Forward,Attack,Germany,€9.00m,https://www.transfermarkt.us/marvin-ducksch/profil/spieler/125103,marvin-ducksch,125103,Bundesliga,https://img.a.transfermarkt.technology/portrait/header/125103-1660206693.jpg?lm=1
Keke Topp,20,SV Werder Bremen,Centre-Forward,Attack,Germany,€4.00m,https://www.transfermarkt.us/keke-topp/profil/spieler/701757,keke-topp,701757,Bundesliga,https://img.a.transfermarkt.technology/portrait/header/701757-1722887176.jpg?lm=1
Noah Atubolu,22,SC Freiburg,Goalkeeper,Goalkeeper,Germany,€10.00m,https://www.transfermarkt.us/noah-atubolu/profil/spieler/526845,noah-atubolu,526845,Bundesliga,https://img.a.transfermarkt.technology/portrait/header/526845-1658411548.jpg?lm=1
Florian Müller,27,SC Freiburg,Goalkeeper,Goalkeeper,Germany,€1.20m,https://www.transfermarkt.us/florian-muller/profil/spieler/284769,florian-muller,284769,Bundesliga,https://img.a.transfermarkt.technology/portrait/header/284769-1691998669.jpg?lm=1
Jannik Huth,30,SC Freiburg,Goalkeeper,Goalkeeper,Germany,€0.4m,https://www.transfermarkt.us/jannik-huth/profil/spieler/160954,jannik-huth,160954,Bundesliga,https://img.a.transfermarkt.technology/portrait/header/160954-1723190117.jpg?lm=1
Philipp Lienhart,28,SC Freiburg,Centre-Back,Defender,Austria,€15.00m,https://www.transfermarkt.us/philipp-lienhart/profil/spieler/225657,philipp-lienhart,225657,Bundesliga,https://img.a.transfermarkt.technology/portrait/header/225657-1658411602.jpg?lm=1
Matthias Ginter,30,SC Freiburg,Centre-Back,Defender,Germany,€10.00m,https://www.transfermarkt.us/matthias-ginter/profil/spieler/124502,matthias-ginter,124502,Bundesliga,https://img.a.transfermarkt.technology/portrait/header/124502-1658411624.jpg?lm=1
Max Rosenfelder,21,SC Freiburg,Centre-Back,Defender,Germany,€2.50m,https://www.transfermarkt.us/max-rosenfelder/profil/spieler/599419,max-rosenfelder,599419,Bundesliga,https://img.a.transfermarkt.technology/portrait/header/599419-1658503667.jpg?lm=1
Kenneth Schmidt,22,SC Freiburg,Centre-Back,Defender,Germany,€2.00m,https://www.transfermarkt.us/kenneth-schmidt/profil/spieler/527276,kenneth-schmidt,527276,Bundesliga,https://img.a.transfermarkt.technology/portrait/header/527276-1723190073.jpg?lm=1
Manuel Gulde,33,SC Freiburg,Centre-Back,Defender,Germany,€1.50m,https://www.transfermarkt.us/manuel-gulde/profil/spieler/45683,manuel-gulde,45683,Bundesliga,https://img.a.transfermarkt.technology/portrait/header/45683-1658411711.jpg?lm=1
Bruno Ogbus,18,SC Freiburg,Centre-Back,Defender,Switzerland,€1.00m,https://www.transfermarkt.us/bruno-ogbus/profil/spieler/863759,bruno-ogbus,863759,Bundesliga,https://img.a.transfermarkt.technology/portrait/header/863759-1723189626.jpg?lm=1
Christian Günter,31,SC Freiburg,Left-Back,Defender,Germany,€5.00m,https://www.transfermarkt.us/christian-gunter/profil/spieler/93707,christian-gunter,93707,Bundesliga,https://img.a.transfermarkt.technology/portrait/header/93707-1658411784.jpg?lm=1
Jordy Makengo,23,SC Freiburg,Left-Back,Defender,France,€3.50m,https://www.transfermarkt.us/jordy-makengo/profil/spieler/815078,jordy-makengo,815078,Bundesliga,https://img.a.transfermarkt.technology/portrait/header/815078-1691998545.jpg?lm=1
Kiliann Sildillia,22,SC Freiburg,Right-Back,Defender,France,€15.00m,https://www.transfermarkt.us/kiliann-sildillia/profil/spieler/548348,kiliann-sildillia,548348,Bundesliga,https://img.a.transfermarkt.technology/portrait/header/548348-1691998588.jpg?lm=1
Lukas Kübler,32,SC Freiburg,Right-Back,Defender,Germany,€2.00m,https://www.transfermarkt.us/lukas-kubler/profil/spieler/93604,lukas-kubler,93604,Bundesliga,https://img.a.transfermarkt.technology/portrait/header/93604-1658412582.jpg?lm=1
Nicolas Höfler,34,SC Freiburg,Defensive Midfield,Midfield,Germany,€1.00m,https://www.transfermarkt.us/nicolas-hofler/profil/spieler/55099,nicolas-hofler,55099,Bundesliga,https://img.a.transfermarkt.technology/portrait/header/55099-1658412737.jpg?lm=1
Maximilian Eggestein,27,SC Freiburg,Central Midfield,Midfield,Germany,€10.00m,https://www.transfermarkt.us/maximilian-eggestein/profil/spieler/190284,maximilian-eggestein,190284,Bundesliga,https://img.a.transfermarkt.technology/portrait/header/190284-1723189965.jpg?lm=1
Patrick Osterhage,24,SC Freiburg,Central Midfield,Midfield,Germany,€7.00m,https://www.transfermarkt.us/patrick-osterhage/profil/spieler/443331,patrick-osterhage,443331,Bundesliga,https://img.a.transfermarkt.technology/portrait/header/443331-1723190030.jpg?lm=1
Johan Manzambi,19,SC Freiburg,Central Midfield,Midfield,Switzerland,€0.75m,https://www.transfermarkt.us/johan-manzambi/profil/spieler/927353,johan-manzambi,927353,Bundesliga,https://img.a.transfermarkt.technology/portrait/header/927353-1688714441.jpg?lm=1
Merlin Röhl,22,SC Freiburg,Attacking Midfield,Midfield,Germany,€12.00m,https://www.transfermarkt.us/merlin-rohl/profil/spieler/608832,merlin-rohl,608832,Bundesliga,https://img.a.transfermarkt.technology/portrait/header/608832-1726649794.jpg?lm=1
Daniel-Kofi Kyereh,28,SC Freiburg,Attacking Midfield,Midfield,Ghana,€3.50m,https://www.transfermarkt.us/daniel-kofi-kyereh/profil/spieler/272587,daniel-kofi-kyereh,272587,Bundesliga,https://img.a.transfermarkt.technology/portrait/header/272587-1658413205.jpg?lm=1
Vincenzo Grifo,31,SC Freiburg,Left Winger,Attack,Italy,€9.00m,https://www.transfermarkt.us/vincenzo-grifo/profil/spieler/185077,vincenzo-grifo,185077,Bundesliga,https://img.a.transfermarkt.technology/portrait/header/185077-1658413230.jpg?lm=1
Noah Weißhaupt,23,SC Freiburg,Left Winger,Attack,Germany,€5.00m,https://www.transfermarkt.us/noah-weisshaupt/profil/spieler/392163,noah-weisshaupt,392163,Bundesliga,https://img.a.transfermarkt.technology/portrait/header/392163-1658413281.jpg?lm=1
Florent Muslija,26,SC Freiburg,Left Winger,Attack,Kosovo,€2.50m,https://www.transfermarkt.us/florent-muslija/profil/spieler/337036,florent-muslija,337036,Bundesliga,https://img.a.transfermarkt.technology/portrait/header/337036-1723189853.jpg?lm=1
Ritsu Doan,26,SC Freiburg,Right Winger,Attack,Japan,€18.00m,https://www.transfermarkt.us/ritsu-doan/profil/spieler/358504,ritsu-doan,358504,Bundesliga,https://img.a.transfermarkt.technology/portrait/header/358504-1658413443.jpg?lm=1
Eren Dinkçi,22,SC Freiburg,Right Winger,Attack,Türkiye,€12.00m,https://www.transfermarkt.us/eren-dinkci/profil/spieler/645774,eren-dinkci,645774,Bundesliga,https://img.a.transfermarkt.technology/portrait/header/645774-1690186275.jpg?lm=1
Maximilian Philipp,30,SC Freiburg,Second Striker,Attack,Germany,€1.20m,https://www.transfermarkt.us/maximilian-philipp/profil/spieler/143891,maximilian-philipp,143891,Bundesliga,https://img.a.transfermarkt.technology/portrait/header/143891-1723189806.jpg?lm=1
Michael Gregoritsch,30,SC Freiburg,Centre-Forward,Attack,Austria,€8.00m,https://www.transfermarkt.us/michael-gregoritsch/profil/spieler/120205,michael-gregoritsch,120205,Bundesliga,https://img.a.transfermarkt.technology/portrait/header/120205-1658413549.jpg?lm=1
Junior Adamu,23,SC Freiburg,Centre-Forward,Attack,Austria,€6.00m,https://www.transfermarkt.us/junior-adamu/profil/spieler/452477,junior-adamu,452477,Bundesliga,https://img.a.transfermarkt.technology/portrait/header/452477-1691998414.jpg?lm=1
Lucas Höler,30,SC Freiburg,Centre-Forward,Attack,Germany,€4.00m,https://www.transfermarkt.us/lucas-holer/profil/spieler/248999,lucas-holer,248999,Bundesliga,https://img.a.transfermarkt.technology/portrait/header/248999-1658413525.jpg?lm=1
Nediljko Labrovic,25,FC Augsburg,Goalkeeper,Goalkeeper,Croatia,€4.50m,https://www.transfermarkt.us/nediljko-labrovic/profil/spieler/610190,nediljko-labrovic,610190,Bundesliga,https://img.a.transfermarkt.technology/portrait/header/610190-1722850680.jpg?lm=1
Finn Dahmen,26,FC Augsburg,Goalkeeper,Goalkeeper,Germany,€3.50m,https://www.transfermarkt.us/finn-dahmen/profil/spieler/251299,finn-dahmen,251299,Bundesliga,https://img.a.transfermarkt.technology/portrait/header/251299-1722849607.jpg?lm=1
Daniel Klein,23,FC Augsburg,Goalkeeper,Goalkeeper,Germany,€0.15m,https://www.transfermarkt.us/daniel-klein/profil/spieler/392124,daniel-klein,392124,Bundesliga,https://img.a.transfermarkt.technology/portrait/header/392124-1723534046.jpg?lm=1
Chrislain Matsima,22,FC Augsburg,Centre-Back,Defender,France,€7.00m,https://www.transfermarkt.us/chrislain-matsima/profil/spieler/569383,chrislain-matsima,569383,Bundesliga,https://img.a.transfermarkt.technology/portrait/header/569383-1726605447.jpg?lm=1
Keven Schlotterbeck,27,FC Augsburg,Centre-Back,Defender,Germany,€6.00m,https://www.transfermarkt.us/keven-schlotterbeck/profil/spieler/413843,keven-schlotterbeck,413843,Bundesliga,https://img.a.transfermarkt.technology/portrait/header/413843-1722849820.jpg?lm=1
Maximilian Bauer,24,FC Augsburg,Centre-Back,Defender,Germany,€3.00m,https://www.transfermarkt.us/maximilian-bauer/profil/spieler/388363,maximilian-bauer,388363,Bundesliga,https://img.a.transfermarkt.technology/portrait/header/388363-1723533985.jpg?lm=1
Jeffrey Gouweleeuw,33,FC Augsburg,Centre-Back,Defender,Netherlands,€2.00m,https://www.transfermarkt.us/jeffrey-gouweleeuw/profil/spieler/106405,jeffrey-gouweleeuw,106405,Bundesliga,https://img.a.transfermarkt.technology/portrait/header/106405-1723534156.jpg?lm=1
Reece Oxford,25,FC Augsburg,Centre-Back,Defender,England,€0.7m,https://www.transfermarkt.us/reece-oxford/profil/spieler/314295,reece-oxford,314295,Bundesliga,https://img.a.transfermarkt.technology/portrait/header/314295-1658599514.jpg?lm=1
Noahkai Banks,18,FC Augsburg,Centre-Back,Defender,United States,€0.15m,https://www.transfermarkt.us/noahkai-banks/profil/spieler/923945,noahkai-banks,923945,Bundesliga,https://img.a.transfermarkt.technology/portrait/header/923945-1722849946.jpg?lm=1
Dimitrios Giannoulis,29,FC Augsburg,Left-Back,Defender,Greece,€2.80m,https://www.transfermarkt.us/dimitrios-giannoulis/profil/spieler/295630,dimitrios-giannoulis,295630,Bundesliga,https://img.a.transfermarkt.technology/portrait/header/295630-1722850451.jpg?lm=1
Mads Pedersen,28,FC Augsburg,Left-Back,Defender,Denmark,€2.50m,https://www.transfermarkt.us/mads-pedersen/profil/spieler/288429,mads-pedersen,288429,Bundesliga,https://img.a.transfermarkt.technology/portrait/header/288429-1722849762.jpg?lm=1
Marius Wolf,29,FC Augsburg,Right-Back,Defender,Germany,€3.00m,https://www.transfermarkt.us/marius-wolf/profil/spieler/193900,marius-wolf,193900,Bundesliga,https://img.a.transfermarkt.technology/portrait/header/193900-1723533785.jpg?lm=1
Robert Gumny,26,FC Augsburg,Right-Back,Defender,Poland,€2.00m,https://www.transfermarkt.us/robert-gumny/profil/spieler/353826,robert-gumny,353826,Bundesliga,https://img.a.transfermarkt.technology/portrait/header/353826-1723534351.jpg?lm=1
Henri Koudossou,25,FC Augsburg,Right-Back,Defender,Germany,€0.45m,https://www.transfermarkt.us/henri-koudossou/profil/spieler/515624,henri-koudossou,515624,Bundesliga,https://img.a.transfermarkt.technology/portrait/header/515624-1722850046.jpg?lm=1
Kristijan Jakic,27,FC Augsburg,Defensive Midfield,Midfield,Croatia,€6.50m,https://www.transfermarkt.us/kristijan-jakic/profil/spieler/374954,kristijan-jakic,374954,Bundesliga,https://img.a.transfermarkt.technology/portrait/header/374954-1722850639.jpg?lm=1
Tim Breithaupt,22,FC Augsburg,Defensive Midfield,Midfield,Germany,€3.00m,https://www.transfermarkt.us/tim-breithaupt/profil/spieler/569457,tim-breithaupt,569457,Bundesliga,https://img.a.transfermarkt.technology/portrait/header/569457-1723534386.jpg?lm=1
Mahmut Kücüksahin,20,FC Augsburg,Defensive Midfield,Midfield,Türkiye,€0.175m,https://www.transfermarkt.us/mahmut-kucuksahin/profil/spieler/730486,mahmut-kucuksahin,730486,Bundesliga,https://img.a.transfermarkt.technology/portrait/header/730486-1723533755.jpg?lm=1
Frank Onyeka,26,FC Augsburg,Central Midfield,Midfield,Nigeria,€9.00m,https://www.transfermarkt.us/frank-onyeka/profil/spieler/421637,frank-onyeka,421637,Bundesliga,https://img.a.transfermarkt.technology/portrait/header/421637-1726605377.jpg?lm=1
Arne Maier,25,FC Augsburg,Central Midfield,Midfield,Germany,€5.00m,https://www.transfermarkt.us/arne-maier/profil/spieler/296397,arne-maier,296397,Bundesliga,https://img.a.transfermarkt.technology/portrait/header/296397-1723534223.jpg?lm=1
Elvis Rexhbecaj,27,FC Augsburg,Central Midfield,Midfield,Kosovo,€3.50m,https://www.transfermarkt.us/elvis-rexhbecaj/profil/spieler/280575,elvis-rexhbecaj,280575,Bundesliga,https://img.a.transfermarkt.technology/portrait/header/280575-1723534071.jpg?lm=1
Alexis Claude-Maurice,26,FC Augsburg,Attacking Midfield,Midfield,France,€3.50m,https://www.transfermarkt.us/alexis-claude-maurice/profil/spieler/384593,alexis-claude-maurice,384593,Bundesliga,https://img.a.transfermarkt.technology/portrait/header/384593-1726605505.jpg?lm=1
Fredrik Jensen,27,FC Augsburg,Attacking Midfield,Midfield,Finland,€3.50m,https://www.transfermarkt.us/fredrik-jensen/profil/spieler/249157,fredrik-jensen,249157,Bundesliga,https://img.a.transfermarkt.technology/portrait/header/249157-1722850499.jpg?lm=1
Mert Kömür,19,FC Augsburg,Attacking Midfield,Midfield,Germany,€2.00m,https://www.transfermarkt.us/mert-komur/profil/spieler/777005,mert-komur,777005,Bundesliga,https://img.a.transfermarkt.technology/portrait/header/777005-1723534018.jpg?lm=1
Rubén Vargas,26,FC Augsburg,Left Winger,Attack,Switzerland,€9.00m,https://www.transfermarkt.us/ruben-vargas/profil/spieler/345886,ruben-vargas,345886,Bundesliga,https://img.a.transfermarkt.technology/portrait/header/345886-1722850174.jpg?lm=1
Yusuf Kabadayi,20,FC Augsburg,Left Winger,Attack,Germany,€1.50m,https://www.transfermarkt.us/yusuf-kabadayi/profil/spieler/604359,yusuf-kabadayi,604359,Bundesliga,https://img.a.transfermarkt.technology/portrait/header/604359-1722850338.jpg?lm=1
Masaya Okugawa,28,FC Augsburg,Left Winger,Attack,Japan,€0.9m,https://www.transfermarkt.us/masaya-okugawa/profil/spieler/307052,masaya-okugawa,307052,Bundesliga,https://img.a.transfermarkt.technology/portrait/header/307052-1723533958.jpg?lm=1
Phillip Tietz,27,FC Augsburg,Centre-Forward,Attack,Germany,€5.00m,https://www.transfermarkt.us/phillip-tietz/profil/spieler/288340,phillip-tietz,288340,Bundesliga,https://img.a.transfermarkt.technology/portrait/header/288340-1723534293.jpg?lm=1
Samuel Essende,26,FC Augsburg,Centre-Forward,Attack,DR Congo,€4.50m,https://www.transfermarkt.us/samuel-essende/profil/spieler/395522,samuel-essende,395522,Bundesliga,https://img.a.transfermarkt.technology/portrait/header/395522-1722849662.jpg?lm=1
Steve Mounié,30,FC Augsburg,Centre-Forward,Attack,Benin,€4.50m,https://www.transfermarkt.us/steve-mounie/profil/spieler/238639,steve-mounie,238639,Bundesliga,https://img.a.transfermarkt.technology/portrait/header/238639-1722849465.jpg?lm=1
Kamil Grabara,25,VfL Wolfsburg,Goalkeeper,Goalkeeper,Poland,€14.00m,https://www.transfermarkt.us/kamil-grabara/profil/spieler/346551,kamil-grabara,346551,Bundesliga,https://img.a.transfermarkt.technology/portrait/header/346551-1724770843.jpg?lm=1
Marius Müller,31,VfL Wolfsburg,Goalkeeper,Goalkeeper,Germany,€1.50m,https://www.transfermarkt.us/marius-muller/profil/spieler/118161,marius-muller,118161,Bundesliga,https://img.a.transfermarkt.technology/portrait/header/118161-1724771088.jpg?lm=1
Pavao Pervan,37,VfL Wolfsburg,Goalkeeper,Goalkeeper,Austria,€0.3m,https://www.transfermarkt.us/pavao-pervan/profil/spieler/51977,pavao-pervan,51977,Bundesliga,https://img.a.transfermarkt.technology/portrait/header/51977-1657202144.jpg?lm=1
Niklas Klinger,29,VfL Wolfsburg,Goalkeeper,Goalkeeper,Germany,€0.1m,https://www.transfermarkt.us/niklas-klinger/profil/spieler/192268,niklas-klinger,192268,Bundesliga,https://img.a.transfermarkt.technology/portrait/header/192268-1657202222.jpg?lm=1
Konstantinos Koulierakis,21,VfL Wolfsburg,Centre-Back,Defender,Greece,€12.00m,https://www.transfermarkt.us/konstantinos-koulierakis/profil/spieler/669380,konstantinos-koulierakis,669380,Bundesliga,https://img.a.transfermarkt.technology/portrait/header/669380-1694780769.png?lm=1
Sebastiaan Bornauw,25,VfL Wolfsburg,Centre-Back,Defender,Belgium,€7.00m,https://www.transfermarkt.us/sebastiaan-bornauw/profil/spieler/338629,sebastiaan-bornauw,338629,Bundesliga,https://img.a.transfermarkt.technology/portrait/header/338629-1657202272.jpg?lm=1
Cédric Zesiger,26,VfL Wolfsburg,Centre-Back,Defender,Switzerland,€5.00m,https://www.transfermarkt.us/cedric-zesiger/profil/spieler/382478,cedric-zesiger,382478,Bundesliga,https://img.a.transfermarkt.technology/portrait/header/382478-1689866125.jpg?lm=1
Denis Vavro,28,VfL Wolfsburg,Centre-Back,Defender,Slovakia,€5.00m,https://www.transfermarkt.us/denis-vavro/profil/spieler/239962,denis-vavro,239962,Bundesliga,https://img.a.transfermarkt.technology/portrait/header/239962-1731920675.jpg?lm=1
Mathys Angély,17,VfL Wolfsburg,Centre-Back,Defender,France,€0.6m,https://www.transfermarkt.us/mathys-angely/profil/spieler/1075579,mathys-angely,1075579,Bundesliga,https://img.a.transfermarkt.technology/portrait/header/1075579-1723565270.jpg?lm=1
David Odogu,18,VfL Wolfsburg,Centre-Back,Defender,Germany,€0.0m,https://www.transfermarkt.us/david-odogu/profil/spieler/897423,david-odogu,897423,Bundesliga,https://img.a.transfermarkt.technology/portrait/header/897423-1724771146.jpg?lm=1
Rogério,26,VfL Wolfsburg,Left-Back,Defender,Brazil,€5.00m,https://www.transfermarkt.us/rogerio/profil/spieler/401527,rogerio,401527,Bundesliga,https://img.a.transfermarkt.technology/portrait/header/401527-1695624076.jpg?lm=1
Joakim Maehle,27,VfL Wolfsburg,Right-Back,Defender,Denmark,€14.00m,https://www.transfermarkt.us/joakim-maehle/profil/spieler/369674,joakim-maehle,369674,Bundesliga,https://img.a.transfermarkt.technology/portrait/header/369674-1724770995.jpg?lm=1
Ridle Baku,26,VfL Wolfsburg,Right-Back,Defender,Germany,€7.00m,https://www.transfermarkt.us/ridle-baku/profil/spieler/327251,ridle-baku,327251,Bundesliga,https://img.a.transfermarkt.technology/portrait/header/327251-1657203077.jpg?lm=1
Kilian Fischer,24,VfL Wolfsburg,Right-Back,Defender,Germany,€2.50m,https://www.transfermarkt.us/kilian-fischer/profil/spieler/435796,kilian-fischer,435796,Bundesliga,https://img.a.transfermarkt.technology/portrait/header/435796-1657202527.jpg?lm=1
Salih Özcan,26,VfL Wolfsburg,Defensive Midfield,Midfield,Türkiye,€10.00m,https://www.transfermarkt.us/salih-ozcan/profil/spieler/244940,salih-ozcan,244940,Bundesliga,https://img.a.transfermarkt.technology/portrait/header/244940-1709561120.jpg?lm=1
Aster Vranckx,22,VfL Wolfsburg,Central Midfield,Midfield,Belgium,€12.00m,https://www.transfermarkt.us/aster-vranckx/profil/spieler/503881,aster-vranckx,503881,Bundesliga,https://img.a.transfermarkt.technology/portrait/header/503881-1657202999.jpg?lm=1
Mattias Svanberg,25,VfL Wolfsburg,Central Midfield,Midfield,Sweden,€12.00m,https://www.transfermarkt.us/mattias-svanberg/profil/spieler/342405,mattias-svanberg,342405,Bundesliga,https://img.a.transfermarkt.technology/portrait/header/342405-1689866072.jpg?lm=1
Maximilian Arnold,30,VfL Wolfsburg,Central Midfield,Midfield,Germany,€7.00m,https://www.transfermarkt.us/maximilian-arnold/profil/spieler/117674,maximilian-arnold,117674,Bundesliga,https://img.a.transfermarkt.technology/portrait/header/117674-1660652294.JPG?lm=1
Yannick Gerhardt,30,VfL Wolfsburg,Central Midfield,Midfield,Germany,€4.00m,https://www.transfermarkt.us/yannick-gerhardt/profil/spieler/119277,yannick-gerhardt,119277,Bundesliga,https://img.a.transfermarkt.technology/portrait/header/119277-1657203024.jpg?lm=1
Kevin Paredes,21,VfL Wolfsburg,Left Midfield,Midfield,United States,€7.50m,https://www.transfermarkt.us/kevin-paredes/profil/spieler/711517,kevin-paredes,711517,Bundesliga,https://img.a.transfermarkt.technology/portrait/header/711517-1657203115.jpg?lm=1
Lovro Majer,26,VfL Wolfsburg,Attacking Midfield,Midfield,Croatia,€20.00m,https://www.transfermarkt.us/lovro-majer/profil/spieler/387106,lovro-majer,387106,Bundesliga,https://img.a.transfermarkt.technology/portrait/header/387106-1695624038.jpg?lm=1
Bence Dárdai,18,VfL Wolfsburg,Attacking Midfield,Midfield,Germany,€2.00m,https://www.transfermarkt.us/bence-dardai/profil/spieler/789252,bence-dardai,789252,Bundesliga,https://img.a.transfermarkt.technology/portrait/header/789252-1695045596.jpg?lm=1
Bennit Bröger,18,VfL Wolfsburg,Attacking Midfield,Midfield,Germany,€0.5m,https://www.transfermarkt.us/bennit-broger/profil/spieler/897479,bennit-broger,897479,Bundesliga,https://img.a.transfermarkt.technology/portrait/header/897479-1701533448.jpg?lm=1
Jakub Kaminski,22,VfL Wolfsburg,Left Winger,Attack,Poland,€6.00m,https://www.transfermarkt.us/jakub-kaminski/profil/spieler/407098,jakub-kaminski,407098,Bundesliga,https://img.a.transfermarkt.technology/portrait/header/407098-1724770940.jpg?lm=1
David Leal Costa,18,VfL Wolfsburg,Left Winger,Attack,Portugal,€0.0m,https://www.transfermarkt.us/david-leal-costa/profil/spieler/910588,david-leal-costa,910588,Bundesliga,https://img.a.transfermarkt.technology/portrait/header/910588-1696107843.jpeg?lm=1
Patrick Wimmer,23,VfL Wolfsburg,Right Winger,Attack,Austria,€15.00m,https://www.transfermarkt.us/patrick-wimmer/profil/spieler/533295,patrick-wimmer,533295,Bundesliga,https://img.a.transfermarkt.technology/portrait/header/533295-1657203456.jpg?lm=1
Mohamed Amoura,24,VfL Wolfsburg,Centre-Forward,Attack,Algeria,€16.00m,https://www.transfermarkt.us/mohamed-amoura/profil/spieler/746910,mohamed-amoura,746910,Bundesliga,https://img.a.transfermarkt.technology/portrait/header/746910-1724771303.jpg?lm=1
Jonas Wind,25,VfL Wolfsburg,Centre-Forward,Attack,Denmark,€15.00m,https://www.transfermarkt.us/jonas-wind/profil/spieler/391004,jonas-wind,391004,Bundesliga,https://img.a.transfermarkt.technology/portrait/header/391004-1689866009.jpg?lm=1
Tiago Tomás,22,VfL Wolfsburg,Centre-Forward,Attack,Portugal,€6.00m,https://www.transfermarkt.us/tiago-tomas/profil/spieler/616344,tiago-tomas,616344,Bundesliga,https://img.a.transfermarkt.technology/portrait/header/616344-1695623995.jpg?lm=1
Lukas Nmecha,25,VfL Wolfsburg,Centre-Forward,Attack,Germany,€5.00m,https://www.transfermarkt.us/lukas-nmecha/profil/spieler/314288,lukas-nmecha,314288,Bundesliga,https://img.a.transfermarkt.technology/portrait/header/314288-1657203640.jpg?lm=1
Kevin Behrens,33,VfL Wolfsburg,Centre-Forward,Attack,Germany,€2.00m,https://www.transfermarkt.us/kevin-behrens/profil/spieler/117432,kevin-behrens,117432,Bundesliga,https://img.a.transfermarkt.technology/portrait/header/117432-1692707679.jpg?lm=1
Bartosz Bialek,23,VfL Wolfsburg,Centre-Forward,Attack,Poland,€1.00m,https://www.transfermarkt.us/bartosz-bialek/profil/spieler/535551,bartosz-bialek,535551,Bundesliga,https://img.a.transfermarkt.technology/portrait/header/535551-1657203695.jpg?lm=1
Robin Zentner,30,1.FSV Mainz 05,Goalkeeper,Goalkeeper,Germany,€3.00m,https://www.transfermarkt.us/robin-zentner/profil/spieler/160963,robin-zentner,160963,Bundesliga,https://img.a.transfermarkt.technology/portrait/header/160963-1676499369.jpg?lm=1
Daniel Batz,33,1.FSV Mainz 05,Goalkeeper,Goalkeeper,Germany,€0.35m,https://www.transfermarkt.us/daniel-batz/profil/spieler/90317,daniel-batz,90317,Bundesliga,https://img.a.transfermarkt.technology/portrait/header/90317-1722886526.jpg?lm=1
Lasse Rieß,23,1.FSV Mainz 05,Goalkeeper,Goalkeeper,Germany,€0.2m,https://www.transfermarkt.us/lasse-riess/profil/spieler/490609,lasse-riess,490609,Bundesliga,https://img.a.transfermarkt.technology/portrait/header/490609-1720079547.png?lm=1
Andreas Hanche-Olsen,27,1.FSV Mainz 05,Centre-Back,Defender,Norway,€9.00m,https://www.transfermarkt.us/andreas-hanche-olsen/profil/spieler/370683,andreas-hanche-olsen,370683,Bundesliga,https://img.a.transfermarkt.technology/portrait/header/370683-1692000124.jpg?lm=1
Moritz Jenz,25,1.FSV Mainz 05,Centre-Back,Defender,Germany,€7.50m,https://www.transfermarkt.us/moritz-jenz/profil/spieler/460245,moritz-jenz,460245,Bundesliga,https://img.a.transfermarkt.technology/portrait/header/460245-1689865901.jpg?lm=1
Maxim Leitsch,26,1.FSV Mainz 05,Centre-Back,Defender,Germany,€2.00m,https://www.transfermarkt.us/maxim-leitsch/profil/spieler/334207,maxim-leitsch,334207,Bundesliga,https://img.a.transfermarkt.technology/portrait/header/334207-1676499456.jpg?lm=1
Stefan Bell,33,1.FSV Mainz 05,Centre-Back,Defender,Germany,€0.8m,https://www.transfermarkt.us/stefan-bell/profil/spieler/82350,stefan-bell,82350,Bundesliga,https://img.a.transfermarkt.technology/portrait/header/82350-1657706740.jpg?lm=1
Maxim Dal,18,1.FSV Mainz 05,Centre-Back,Defender,Germany,€0.0m,https://www.transfermarkt.us/maxim-dal/profil/spieler/934317,maxim-dal,934317,Bundesliga,https://img.a.transfermarkt.technology/portrait/header/934317-1722886472.jpg?lm=1
Phillipp Mwene,30,1.FSV Mainz 05,Left-Back,Defender,Austria,€1.80m,https://www.transfermarkt.us/phillipp-mwene/profil/spieler/127573,phillipp-mwene,127573,Bundesliga,https://img.a.transfermarkt.technology/portrait/header/127573-1722886402.jpg?lm=1
Silvan Widmer,31,1.FSV Mainz 05,Right-Back,Defender,Switzerland,€2.50m,https://www.transfermarkt.us/silvan-widmer/profil/spieler/168989,silvan-widmer,168989,Bundesliga,https://img.a.transfermarkt.technology/portrait/header/168989-1629202510.jpg?lm=1
Nikolas Veratschnig,21,1.FSV Mainz 05,Right-Back,Defender,Austria,€1.00m,https://www.transfermarkt.us/nikolas-veratschnig/profil/spieler/601143,nikolas-veratschnig,601143,Bundesliga,https://img.a.transfermarkt.technology/portrait/header/601143-1722885901.jpg?lm=1
Danny da Costa,31,1.FSV Mainz 05,Right-Back,Defender,Germany,€0.8m,https://www.transfermarkt.us/danny-da-costa/profil/spieler/85906,danny-da-costa,85906,Bundesliga,https://img.a.transfermarkt.technology/portrait/header/85906-1657707067.jpg?lm=1
Dominik Kohr,30,1.FSV Mainz 05,Defensive Midfield,Midfield,Germany,€3.00m,https://www.transfermarkt.us/dominik-kohr/profil/spieler/118847,dominik-kohr,118847,Bundesliga,https://img.a.transfermarkt.technology/portrait/header/118847-1722886760.jpg?lm=1
Kaishu Sano,23,1.FSV Mainz 05,Defensive Midfield,Midfield,Japan,€2.50m,https://www.transfermarkt.us/kaishu-sano/profil/spieler/643574,kaishu-sano,643574,Bundesliga,https://img.a.transfermarkt.technology/portrait/header/643574-1705758334.jpg?lm=1
Nadiem Amiri,28,1.FSV Mainz 05,Central Midfield,Midfield,Germany,€9.00m,https://www.transfermarkt.us/nadiem-amiri/profil/spieler/232454,nadiem-amiri,232454,Bundesliga,https://img.a.transfermarkt.technology/portrait/header/232454-1722885996.jpg?lm=1
Anthony Caci,27,1.FSV Mainz 05,Right Midfield,Midfield,France,€7.00m,https://www.transfermarkt.us/anthony-caci/profil/spieler/453016,anthony-caci,453016,Bundesliga,https://img.a.transfermarkt.technology/portrait/header/453016-1657706767.jpg?lm=1
Hyun-seok Hong,25,1.FSV Mainz 05,Attacking Midfield,Midfield,"Korea, South",€7.00m,https://www.transfermarkt.us/hyun-seok-hong/profil/spieler/562948,hyun-seok-hong,562948,Bundesliga,https://img.a.transfermarkt.technology/portrait/header/562948-1660641447.png?lm=1
Paul Nebel,22,1.FSV Mainz 05,Attacking Midfield,Midfield,Germany,€3.50m,https://www.transfermarkt.us/paul-nebel/profil/spieler/503160,paul-nebel,503160,Bundesliga,https://img.a.transfermarkt.technology/portrait/header/503160-1722886613.jpg?lm=1
Jae-sung Lee,32,1.FSV Mainz 05,Attacking Midfield,Midfield,"Korea, South",€2.50m,https://www.transfermarkt.us/jae-sung-lee/profil/spieler/314398,jae-sung-lee,314398,Bundesliga,https://img.a.transfermarkt.technology/portrait/header/314398-1668504727.jpg?lm=1
Aymen Barkok,26,1.FSV Mainz 05,Attacking Midfield,Midfield,Morocco,€1.00m,https://www.transfermarkt.us/aymen-barkok/profil/spieler/315332,aymen-barkok,315332,Bundesliga,https://img.a.transfermarkt.technology/portrait/header/315332-1657707404.jpg?lm=1
Gabriel Vidovic,21,1.FSV Mainz 05,Left Winger,Attack,Croatia,€3.50m,https://www.transfermarkt.us/gabriel-vidovic/profil/spieler/604327,gabriel-vidovic,604327,Bundesliga,https://img.a.transfermarkt.technology/portrait/header/604327-1693303272.jpg?lm=1
Armindo Sieb,21,1.FSV Mainz 05,Second Striker,Attack,Germany,€4.00m,https://www.transfermarkt.us/armindo-sieb/profil/spieler/569033,armindo-sieb,569033,Bundesliga,https://img.a.transfermarkt.technology/portrait/header/569033-1722886149.jpg?lm=1
Jonathan Burkardt,24,1.FSV Mainz 05,Centre-Forward,Attack,Germany,€15.00m,https://www.transfermarkt.us/jonathan-burkardt/profil/spieler/333647,jonathan-burkardt,333647,Bundesliga,https://img.a.transfermarkt.technology/portrait/header/333647-1698840239.jpg?lm=1
Nelson Weiper,19,1.FSV Mainz 05,Centre-Forward,Attack,Germany,€5.00m,https://www.transfermarkt.us/nelson-weiper/profil/spieler/796213,nelson-weiper,796213,Bundesliga,https://img.a.transfermarkt.technology/portrait/header/796213-1692000176.jpg?lm=1
Karim Onisiwo,32,1.FSV Mainz 05,Centre-Forward,Attack,Austria,€1.50m,https://www.transfermarkt.us/karim-onisiwo/profil/spieler/119234,karim-onisiwo,119234,Bundesliga,https://img.a.transfermarkt.technology/portrait/header/119234-1722886304.jpg?lm=1
Jonas Omlin,30,Borussia Mönchengladbach,Goalkeeper,Goalkeeper,Switzerland,€6.00m,https://www.transfermarkt.us/jonas-omlin/profil/spieler/247915,jonas-omlin,247915,Bundesliga,https://img.a.transfermarkt.technology/portrait/header/247915-1691248651.jpg?lm=1
Moritz Nicolas,27,Borussia Mönchengladbach,Goalkeeper,Goalkeeper,Germany,€2.50m,https://www.transfermarkt.us/moritz-nicolas/profil/spieler/284270,moritz-nicolas,284270,Bundesliga,https://img.a.transfermarkt.technology/portrait/header/284270-1722945496.jpg?lm=1
Jan Olschowsky,23,Borussia Mönchengladbach,Goalkeeper,Goalkeeper,Germany,€0.6m,https://www.transfermarkt.us/jan-olschowsky/profil/spieler/455922,jan-olschowsky,455922,Bundesliga,https://img.a.transfermarkt.technology/portrait/header/455922-1662965990.jpg?lm=1
Tobias Sippel,36,Borussia Mönchengladbach,Goalkeeper,Goalkeeper,Germany,€0.3m,https://www.transfermarkt.us/tobias-sippel/profil/spieler/31653,tobias-sippel,31653,Bundesliga,https://img.a.transfermarkt.technology/portrait/header/31653-1662965792.jpg?lm=1
Ko Itakura,27,Borussia Mönchengladbach,Centre-Back,Defender,Japan,€15.00m,https://www.transfermarkt.us/ko-itakura/profil/spieler/355816,ko-itakura,355816,Bundesliga,https://img.a.transfermarkt.technology/portrait/header/355816-1662966245.jpg?lm=1
Nico Elvedi,28,Borussia Mönchengladbach,Centre-Back,Defender,Switzerland,€10.00m,https://www.transfermarkt.us/nico-elvedi/profil/spieler/192635,nico-elvedi,192635,Bundesliga,https://img.a.transfermarkt.technology/portrait/header/192635-1691249306.jpg?lm=1
Marvin Friedrich,28,Borussia Mönchengladbach,Centre-Back,Defender,Germany,€3.50m,https://www.transfermarkt.us/marvin-friedrich/profil/spieler/196231,marvin-friedrich,196231,Bundesliga,https://img.a.transfermarkt.technology/portrait/header/196231-1662966392.jpg?lm=1
Fabio Chiarodia,19,Borussia Mönchengladbach,Centre-Back,Defender,Italy,€2.00m,https://www.transfermarkt.us/fabio-chiarodia/profil/spieler/724104,fabio-chiarodia,724104,Bundesliga,https://img.a.transfermarkt.technology/portrait/header/724104-1722945535.jpg?lm=1
Luca Netz,21,Borussia Mönchengladbach,Left-Back,Defender,Germany,€8.00m,https://www.transfermarkt.us/luca-netz/profil/spieler/524285,luca-netz,524285,Bundesliga,https://img.a.transfermarkt.technology/portrait/header/524285-1662966052.jpg?lm=1
Lukas Ullrich,20,Borussia Mönchengladbach,Left-Back,Defender,Germany,€0.75m,https://www.transfermarkt.us/lukas-ullrich/profil/spieler/787151,lukas-ullrich,787151,Bundesliga,https://img.a.transfermarkt.technology/portrait/header/787151-1691248738.jpg?lm=1
Joe Scally,21,Borussia Mönchengladbach,Right-Back,Defender,United States,€10.00m,https://www.transfermarkt.us/joe-scally/profil/spieler/504153,joe-scally,504153,Bundesliga,https://img.a.transfermarkt.technology/portrait/header/504153-1662965954.jpg?lm=1
Stefan Lainer,32,Borussia Mönchengladbach,Right-Back,Defender,Austria,€2.50m,https://www.transfermarkt.us/stefan-lainer/profil/spieler/85791,stefan-lainer,85791,Bundesliga,https://img.a.transfermarkt.technology/portrait/header/85791-1627997478.jpg?lm=1
Julian Weigl,29,Borussia Mönchengladbach,Defensive Midfield,Midfield,Germany,€6.00m,https://www.transfermarkt.us/julian-weigl/profil/spieler/196792,julian-weigl,196792,Bundesliga,https://img.a.transfermarkt.technology/portrait/header/196792-1662965628.jpg?lm=1
Rocco Reitz,22,Borussia Mönchengladbach,Central Midfield,Midfield,Germany,€10.00m,https://www.transfermarkt.us/rocco-reitz/profil/spieler/467434,rocco-reitz,467434,Bundesliga,https://img.a.transfermarkt.technology/portrait/header/467434-1662966138.jpg?lm=1
Florian Neuhaus,27,Borussia Mönchengladbach,Central Midfield,Midfield,Germany,€5.00m,https://www.transfermarkt.us/florian-neuhaus/profil/spieler/278332,florian-neuhaus,278332,Bundesliga,https://img.a.transfermarkt.technology/portrait/header/278332-1662966489.jpg?lm=1
Philipp Sander,26,Borussia Mönchengladbach,Central Midfield,Midfield,Germany,€4.00m,https://www.transfermarkt.us/philipp-sander/profil/spieler/388409,philipp-sander,388409,Bundesliga,https://img.a.transfermarkt.technology/portrait/header/388409-1706105305.jpg?lm=1
Kevin Stöger,31,Borussia Mönchengladbach,Attacking Midfield,Midfield,Austria,€5.00m,https://www.transfermarkt.us/kevin-stoger/profil/spieler/106872,kevin-stoger,106872,Bundesliga,https://img.a.transfermarkt.technology/portrait/header/106872-1722945684.jpg?lm=1
Robin Hack,26,Borussia Mönchengladbach,Left Winger,Attack,Germany,€8.00m,https://www.transfermarkt.us/robin-hack/profil/spieler/284010,robin-hack,284010,Bundesliga,https://img.a.transfermarkt.technology/portrait/header/284010-1722945425.jpg?lm=1
Yvandro Borges Sanches,20,Borussia Mönchengladbach,Left Winger,Attack,Luxembourg,€0.75m,https://www.transfermarkt.us/yvandro-borges-sanches/profil/spieler/586659,yvandro-borges-sanches,586659,Bundesliga,https://img.a.transfermarkt.technology/portrait/header/586659-1662966289.jpg?lm=1
Franck Honorat,28,Borussia Mönchengladbach,Right Winger,Attack,France,€12.00m,https://www.transfermarkt.us/franck-honorat/profil/spieler/229006,franck-honorat,229006,Bundesliga,https://img.a.transfermarkt.technology/portrait/header/229006-1691248904.jpg?lm=1
Nathan Ngoumou,24,Borussia Mönchengladbach,Right Winger,Attack,France,€5.00m,https://www.transfermarkt.us/nathan-ngoumou/profil/spieler/629588,nathan-ngoumou,629588,Bundesliga,https://img.a.transfermarkt.technology/portrait/header/629588-1662966435.jpg?lm=1
Tim Kleindienst,29,Borussia Mönchengladbach,Centre-Forward,Attack,Germany,€8.00m,https://www.transfermarkt.us/tim-kleindienst/profil/spieler/193033,tim-kleindienst,193033,Bundesliga,https://img.a.transfermarkt.technology/portrait/header/193033-1722945738.jpg?lm=1
Alassane Pléa,31,Borussia Mönchengladbach,Centre-Forward,Attack,France,€7.00m,https://www.transfermarkt.us/alassane-plea/profil/spieler/167329,alassane-plea,167329,Bundesliga,https://img.a.transfermarkt.technology/portrait/header/167329-1627997314.jpg?lm=1
Tomas Cvancara,24,Borussia Mönchengladbach,Centre-Forward,Attack,Czech Republic,€6.50m,https://www.transfermarkt.us/tomas-cvancara/profil/spieler/544148,tomas-cvancara,544148,Bundesliga,https://img.a.transfermarkt.technology/portrait/header/544148-1691249040.jpg?lm=1
Grant-Leon Ranos,21,Borussia Mönchengladbach,Centre-Forward,Attack,Armenia,€1.00m,https://www.transfermarkt.us/grant-leon-ranos/profil/spieler/574201,grant-leon-ranos,574201,Bundesliga,https://img.a.transfermarkt.technology/portrait/header/574201-1691249188.jpg?lm=1
Shio Fukuda,20,Borussia Mönchengladbach,Centre-Forward,Attack,Japan,€0.3m,https://www.transfermarkt.us/shio-fukuda/profil/spieler/1073997,shio-fukuda,1073997,Bundesliga,https://img.a.transfermarkt.technology/portrait/header/1073997-1722945597.jpg?lm=1
Frederik Rönnow,32,1.FC Union Berlin,Goalkeeper,Goalkeeper,Denmark,€4.50m,https://www.transfermarkt.us/frederik-ronnow/profil/spieler/107775,frederik-ronnow,107775,Bundesliga,https://img.a.transfermarkt.technology/portrait/header/107775-1692707378.jpg?lm=1
Alexander Schwolow,32,1.FC Union Berlin,Goalkeeper,Goalkeeper,Germany,€0.7m,https://www.transfermarkt.us/alexander-schwolow/profil/spieler/93763,alexander-schwolow,93763,Bundesliga,https://img.a.transfermarkt.technology/portrait/header/93763-1726351593.jpg?lm=1
Carl Klaus,30,1.FC Union Berlin,Goalkeeper,Goalkeeper,Germany,€0.35m,https://www.transfermarkt.us/carl-klaus/profil/spieler/161057,carl-klaus,161057,Bundesliga,https://img.a.transfermarkt.technology/portrait/header/161057-1689328549.jpg?lm=1
Yannic Stein,20,1.FC Union Berlin,Goalkeeper,Goalkeeper,Germany,€0.2m,https://www.transfermarkt.us/yannic-stein/profil/spieler/698840,yannic-stein,698840,Bundesliga,https://img.a.transfermarkt.technology/portrait/header/698840-1691614386.jpg?lm=1
Danilho Doekhi,26,1.FC Union Berlin,Centre-Back,Defender,Netherlands,€17.00m,https://www.transfermarkt.us/danilho-doekhi/profil/spieler/387047,danilho-doekhi,387047,Bundesliga,https://img.a.transfermarkt.technology/portrait/header/387047-1692707468.jpg?lm=1
Diogo Leite,25,1.FC Union Berlin,Centre-Back,Defender,Portugal,€15.00m,https://www.transfermarkt.us/diogo-leite/profil/spieler/357156,diogo-leite,357156,Bundesliga,https://img.a.transfermarkt.technology/portrait/header/357156-1691999912.jpg?lm=1
Leopold Querfeld,20,1.FC Union Berlin,Centre-Back,Defender,Austria,€5.00m,https://www.transfermarkt.us/leopold-querfeld/profil/spieler/597432,leopold-querfeld,597432,Bundesliga,https://img.a.transfermarkt.technology/portrait/header/597432-1726351317.jpg?lm=1
Kevin Vogt,33,1.FC Union Berlin,Centre-Back,Defender,Germany,€2.00m,https://www.transfermarkt.us/kevin-vogt/profil/spieler/84435,kevin-vogt,84435,Bundesliga,https://img.a.transfermarkt.technology/portrait/header/84435-1726350948.jpg?lm=1
Oluwaseun Ogbemudia,18,1.FC Union Berlin,Centre-Back,Defender,Germany,€0.0m,https://www.transfermarkt.us/oluwaseun-ogbemudia/profil/spieler/995520,oluwaseun-ogbemudia,995520,Bundesliga,https://img.a.transfermarkt.technology/portrait/header/995520-1726351144.jpg?lm=1
Jérôme Roussillon,31,1.FC Union Berlin,Left-Back,Defender,Guadeloupe,€2.50m,https://www.transfermarkt.us/jerome-roussillon/profil/spieler/127076,jerome-roussillon,127076,Bundesliga,https://img.a.transfermarkt.technology/portrait/header/127076-1691614715.jpg?lm=1
Josip Juranovic,29,1.FC Union Berlin,Right-Back,Defender,Croatia,€7.50m,https://www.transfermarkt.us/josip-juranovic/profil/spieler/362977,josip-juranovic,362977,Bundesliga,https://img.a.transfermarkt.technology/portrait/header/362977-1691614466.jpg?lm=1
Christopher Trimmel,37,1.FC Union Berlin,Right-Back,Defender,Austria,€0.6m,https://www.transfermarkt.us/christopher-trimmel/profil/spieler/75921,christopher-trimmel,75921,Bundesliga,https://img.a.transfermarkt.technology/portrait/header/75921-1692707564.jpg?lm=1
Lucas Tousart,27,1.FC Union Berlin,Defensive Midfield,Midfield,France,€5.50m,https://www.transfermarkt.us/lucas-tousart/profil/spieler/353948,lucas-tousart,353948,Bundesliga,https://img.a.transfermarkt.technology/portrait/header/353948-1691614305.jpg?lm=1
Rani Khedira,30,1.FC Union Berlin,Defensive Midfield,Midfield,Germany,€5.00m,https://www.transfermarkt.us/rani-khedira/profil/spieler/124410,rani-khedira,124410,Bundesliga,https://img.a.transfermarkt.technology/portrait/header/124410-1692707430.jpg?lm=1
Aljoscha Kemlein,20,1.FC Union Berlin,Defensive Midfield,Midfield,Germany,€3.00m,https://www.transfermarkt.us/aljoscha-kemlein/profil/spieler/692737,aljoscha-kemlein,692737,Bundesliga,https://img.a.transfermarkt.technology/portrait/header/692737-1691614020.jpg?lm=1
András Schäfer,25,1.FC Union Berlin,Central Midfield,Midfield,Hungary,€5.00m,https://www.transfermarkt.us/andras-schafer/profil/spieler/454863,andras-schafer,454863,Bundesliga,https://img.a.transfermarkt.technology/portrait/header/454863-1726351222.jpg?lm=1
László Bénes,27,1.FC Union Berlin,Central Midfield,Midfield,Slovakia,€5.00m,https://www.transfermarkt.us/laszlo-benes/profil/spieler/243188,laszlo-benes,243188,Bundesliga,https://img.a.transfermarkt.technology/portrait/header/243188-1719585148.jpg?lm=1
Janik Haberer,30,1.FC Union Berlin,Central Midfield,Midfield,Germany,€3.00m,https://www.transfermarkt.us/janik-haberer/profil/spieler/177779,janik-haberer,177779,Bundesliga,https://img.a.transfermarkt.technology/portrait/header/177779-1692707721.jpg?lm=1
Tom Rothe,20,1.FC Union Berlin,Left Midfield,Midfield,Germany,€8.00m,https://www.transfermarkt.us/tom-rothe/profil/spieler/798043,tom-rothe,798043,Bundesliga,https://img.a.transfermarkt.technology/portrait/header/798043-1715607518.jpg?lm=1
Robert Skov,28,1.FC Union Berlin,Left Midfield,Midfield,Denmark,€3.00m,https://www.transfermarkt.us/robert-skov/profil/spieler/270393,robert-skov,270393,Bundesliga,https://img.a.transfermarkt.technology/portrait/header/270393-1726350741.jpg?lm=1
Woo-yeong Jeong,25,1.FC Union Berlin,Attacking Midfield,Midfield,"Korea, South",€3.50m,https://www.transfermarkt.us/woo-yeong-jeong/profil/spieler/297583,woo-yeong-jeong,297583,Bundesliga,https://img.a.transfermarkt.technology/portrait/header/297583-1723707463.jpg?lm=1
David Preu,20,1.FC Union Berlin,Left Winger,Attack,Germany,€0.025m,https://www.transfermarkt.us/david-preu/profil/spieler/745075,david-preu,745075,Bundesliga,https://img.a.transfermarkt.technology/portrait/header/745075-1726351060.jpg?lm=1
Tim Skarke,28,1.FC Union Berlin,Right Winger,Attack,Germany,€3.00m,https://www.transfermarkt.us/tim-skarke/profil/spieler/287920,tim-skarke,287920,Bundesliga,https://img.a.transfermarkt.technology/portrait/header/287920-1692707601.jpg?lm=1
Yorbe Vertessen,23,1.FC Union Berlin,Centre-Forward,Attack,Belgium,€5.00m,https://www.transfermarkt.us/yorbe-vertessen/profil/spieler/409517,yorbe-vertessen,409517,Bundesliga,https://img.a.transfermarkt.technology/portrait/header/409517-1726351379.jpg?lm=1
Benedict Hollerbach,23,1.FC Union Berlin,Centre-Forward,Attack,Germany,€5.00m,https://www.transfermarkt.us/benedict-hollerbach/profil/spieler/453870,benedict-hollerbach,453870,Bundesliga,https://img.a.transfermarkt.technology/portrait/header/453870-1691614654.jpg?lm=1
Kevin Volland,32,1.FC Union Berlin,Centre-Forward,Attack,Germany,€4.00m,https://www.transfermarkt.us/kevin-volland/profil/spieler/82009,kevin-volland,82009,Bundesliga,https://img.a.transfermarkt.technology/portrait/header/82009-1726351449.jpg?lm=1
Jordan,28,1.FC Union Berlin,Centre-Forward,Attack,United States,€4.00m,https://www.transfermarkt.us/jordan/profil/spieler/355369,jordan,355369,Bundesliga,https://img.a.transfermarkt.technology/portrait/header/355369-1692707635.jpg?lm=1
Andrej Ilic,24,1.FC Union Berlin,Centre-Forward,Attack,Serbia,€3.00m,https://www.transfermarkt.us/andrej-ilic/profil/spieler/583699,andrej-ilic,583699,Bundesliga,https://img.a.transfermarkt.technology/portrait/header/583699-1726350811.jpg?lm=1
Ivan Prtajin,28,1.FC Union Berlin,Centre-Forward,Attack,Croatia,€1.80m,https://www.transfermarkt.us/ivan-prtajin/profil/spieler/340700,ivan-prtajin,340700,Bundesliga,https://img.a.transfermarkt.technology/portrait/header/340700-1690131388.jpg?lm=1
Patrick Drewes,31,VfL Bochum,Goalkeeper,Goalkeeper,Germany,€1.00m,https://www.transfermarkt.us/patrick-drewes/profil/spieler/94192,patrick-drewes,94192,Bundesliga,https://img.a.transfermarkt.technology/portrait/header/94192-1721851751.jpg?lm=1
Timo Horn,31,VfL Bochum,Goalkeeper,Goalkeeper,Germany,€0.8m,https://www.transfermarkt.us/timo-horn/profil/spieler/84938,timo-horn,84938,Bundesliga,https://img.a.transfermarkt.technology/portrait/header/84938-1657109580.jpg?lm=1
Manuel Riemann,36,VfL Bochum,Goalkeeper,Goalkeeper,Germany,€0.3m,https://www.transfermarkt.us/manuel-riemann/profil/spieler/40792,manuel-riemann,40792,Bundesliga,https://img.a.transfermarkt.technology/portrait/header/40792-1691250480.jpg?lm=1
Paul Grave,23,VfL Bochum,Goalkeeper,Goalkeeper,Germany,€0.05m,https://www.transfermarkt.us/paul-grave/profil/spieler/452192,paul-grave,452192,Bundesliga,https://img.a.transfermarkt.technology/portrait/header/452192-1657283109.jpg?lm=1
Erhan Masovic,26,VfL Bochum,Centre-Back,Defender,Serbia,€4.00m,https://www.transfermarkt.us/erhan-masovic/profil/spieler/343959,erhan-masovic,343959,Bundesliga,https://img.a.transfermarkt.technology/portrait/header/343959-1657283131.jpg?lm=1
Tim Oermann,21,VfL Bochum,Centre-Back,Defender,Germany,€4.00m,https://www.transfermarkt.us/tim-oermann/profil/spieler/696164,tim-oermann,696164,Bundesliga,https://img.a.transfermarkt.technology/portrait/header/696164-1657283257.jpg?lm=1
Ivan Ordets,32,VfL Bochum,Centre-Back,Defender,Ukraine,€2.50m,https://www.transfermarkt.us/ivan-ordets/profil/spieler/118850,ivan-ordets,118850,Bundesliga,https://img.a.transfermarkt.technology/portrait/header/118850-1721851592.jpg?lm=1
Jakov Medic,26,VfL Bochum,Centre-Back,Defender,Croatia,€2.00m,https://www.transfermarkt.us/jakov-medic/profil/spieler/488755,jakov-medic,488755,Bundesliga,https://img.a.transfermarkt.technology/portrait/header/488755-1689779607.jpg?lm=1
Noah Loosli,27,VfL Bochum,Centre-Back,Defender,Switzerland,€0.8m,https://www.transfermarkt.us/noah-loosli/profil/spieler/265209,noah-loosli,265209,Bundesliga,https://img.a.transfermarkt.technology/portrait/header/265209-1691250300.jpg?lm=1
Mohammed Tolba,20,VfL Bochum,Centre-Back,Defender,Germany,€0.2m,https://www.transfermarkt.us/mohammed-tolba/profil/spieler/813730,mohammed-tolba,813730,Bundesliga,https://img.a.transfermarkt.technology/portrait/header/813730-1691250541.jpg?lm=1
Bernardo,29,VfL Bochum,Left-Back,Defender,Brazil,€7.00m,https://www.transfermarkt.us/bernardo/profil/spieler/364258,bernardo,364258,Bundesliga,https://img.a.transfermarkt.technology/portrait/header/364258-1691250245.jpg?lm=1
Maximilian Wittek,29,VfL Bochum,Left-Back,Defender,Germany,€2.00m,https://www.transfermarkt.us/maximilian-wittek/profil/spieler/196793,maximilian-wittek,196793,Bundesliga,https://img.a.transfermarkt.technology/portrait/header/196793-1721851854.jpg?lm=1
Felix Passlack,26,VfL Bochum,Right-Back,Defender,Germany,€2.50m,https://www.transfermarkt.us/felix-passlack/profil/spieler/274461,felix-passlack,274461,Bundesliga,https://img.a.transfermarkt.technology/portrait/header/274461-1691250368.jpg?lm=1
Cristian Gamboa,35,VfL Bochum,Right-Back,Defender,Costa Rica,€0.5m,https://www.transfermarkt.us/cristian-gamboa/profil/spieler/121686,cristian-gamboa,121686,Bundesliga,https://img.a.transfermarkt.technology/portrait/header/121686-1657283791.jpg?lm=1
Ibrahima Sissoko,27,VfL Bochum,Defensive Midfield,Midfield,Mali,€6.00m,https://www.transfermarkt.us/ibrahima-sissoko/profil/spieler/372712,ibrahima-sissoko,372712,Bundesliga,https://img.a.transfermarkt.technology/portrait/header/372712-1721851302.jpg?lm=1
Anthony Losilla,38,VfL Bochum,Defensive Midfield,Midfield,France,€0.5m,https://www.transfermarkt.us/anthony-losilla/profil/spieler/111266,anthony-losilla,111266,Bundesliga,https://img.a.transfermarkt.technology/portrait/header/111266-1657283817.jpg?lm=1
Niklas Jahn,20,VfL Bochum,Defensive Midfield,Midfield,Germany,€0.2m,https://www.transfermarkt.us/niklas-jahn/profil/spieler/744600,niklas-jahn,744600,Bundesliga,https://img.a.transfermarkt.technology/portrait/header/744600-1713773332.jpg?lm=1
Matus Bero,29,VfL Bochum,Central Midfield,Midfield,Slovakia,€3.50m,https://www.transfermarkt.us/matus-bero/profil/spieler/204047,matus-bero,204047,Bundesliga,https://img.a.transfermarkt.technology/portrait/header/204047-1691249674.jpg?lm=1
Agon Elezi,23,VfL Bochum,Central Midfield,Midfield,North Macedonia,€0.8m,https://www.transfermarkt.us/agon-elezi/profil/spieler/505324,agon-elezi,505324,Bundesliga,https://img.a.transfermarkt.technology/portrait/header/505324-1721851490.jpg?lm=1
Mats Pannewig,20,VfL Bochum,Central Midfield,Midfield,Germany,€0.6m,https://www.transfermarkt.us/mats-pannewig/profil/spieler/796221,mats-pannewig,796221,Bundesliga,https://img.a.transfermarkt.technology/portrait/header/796221-1691249799.jpg?lm=1
Koji Miyoshi,27,VfL Bochum,Right Midfield,Midfield,Japan,€2.00m,https://www.transfermarkt.us/koji-miyoshi/profil/spieler/295060,koji-miyoshi,295060,Bundesliga,https://img.a.transfermarkt.technology/portrait/header/295060-1671479611.jpg?lm=1
Dani de Wit,26,VfL Bochum,Attacking Midfield,Midfield,Netherlands,€5.00m,https://www.transfermarkt.us/dani-de-wit/profil/spieler/340459,dani-de-wit,340459,Bundesliga,https://img.a.transfermarkt.technology/portrait/header/340459-1721851359.jpg?lm=1
Lukas Daschner,26,VfL Bochum,Attacking Midfield,Midfield,Germany,€1.20m,https://www.transfermarkt.us/lukas-daschner/profil/spieler/334213,lukas-daschner,334213,Bundesliga,https://img.a.transfermarkt.technology/portrait/header/334213-1721851417.jpg?lm=1
Moritz-Broni Kwarteng,26,VfL Bochum,Attacking Midfield,Midfield,Germany,€1.20m,https://www.transfermarkt.us/moritz-broni-kwarteng/profil/spieler/316575,moritz-broni-kwarteng,316575,Bundesliga,https://img.a.transfermarkt.technology/portrait/header/316575-1691249734.jpg?lm=1
Lennart Koerdt,19,VfL Bochum,Attacking Midfield,Midfield,Germany,€0.0m,https://www.transfermarkt.us/lennart-koerdt/profil/spieler/930008,lennart-koerdt,930008,Bundesliga,https://img.a.transfermarkt.technology/portrait/header/930008-1721851800.jpg?lm=1
Aliou Baldé,21,VfL Bochum,Left Winger,Attack,Guinea,€0.8m,https://www.transfermarkt.us/aliou-balde/profil/spieler/666977,aliou-balde,666977,Bundesliga,https://img.a.transfermarkt.technology/portrait/header/666977-1723302616.jpg?lm=1
Gerrit Holtmann,29,VfL Bochum,Left Winger,Attack,Philippines,€0.7m,https://www.transfermarkt.us/gerrit-holtmann/profil/spieler/190289,gerrit-holtmann,190289,Bundesliga,https://img.a.transfermarkt.technology/portrait/header/190289-1721851662.jpg?lm=1
Samuel Bamba,20,VfL Bochum,Right Winger,Attack,Germany,€0.8m,https://www.transfermarkt.us/samuel-bamba/profil/spieler/684318,samuel-bamba,684318,Bundesliga,https://img.a.transfermarkt.technology/portrait/header/684318-1721851536.jpg?lm=1
Myron Boadu,23,VfL Bochum,Centre-Forward,Attack,Netherlands,€5.00m,https://www.transfermarkt.us/myron-boadu/profil/spieler/412932,myron-boadu,412932,Bundesliga,https://img.a.transfermarkt.technology/portrait/header/412932-1666692057.jpg?lm=1
Moritz Broschinski,24,VfL Bochum,Centre-Forward,Attack,Germany,€3.00m,https://www.transfermarkt.us/moritz-broschinski/profil/spieler/406973,moritz-broschinski,406973,Bundesliga,https://img.a.transfermarkt.technology/portrait/header/406973-1691250658.jpg?lm=1
Philipp Hofmann,31,VfL Bochum,Centre-Forward,Attack,Germany,€1.80m,https://www.transfermarkt.us/philipp-hofmann/profil/spieler/119037,philipp-hofmann,119037,Bundesliga,https://img.a.transfermarkt.technology/portrait/header/119037-1657284242.jpg?lm=1
Nikola Vasilj,28,FC St. Pauli,Goalkeeper,Goalkeeper,Bosnia-Herzegovina,€2.00m,https://www.transfermarkt.us/nikola-vasilj/profil/spieler/248454,nikola-vasilj,248454,Bundesliga,https://img.a.transfermarkt.technology/portrait/header/248454-1723630622.jpeg?lm=1
Ben Voll,23,FC St. Pauli,Goalkeeper,Goalkeeper,Germany,€0.5m,https://www.transfermarkt.us/ben-voll/profil/spieler/453742,ben-voll,453742,Bundesliga,https://img.a.transfermarkt.technology/portrait/header/453742-1723630455.jpeg?lm=1
Eric Oelschlägel,29,FC St. Pauli,Goalkeeper,Goalkeeper,Germany,€0.3m,https://www.transfermarkt.us/eric-oelschlagel/profil/spieler/152460,eric-oelschlagel,152460,Bundesliga,https://img.a.transfermarkt.technology/portrait/header/152460-1629450680.jpg?lm=1
Sascha Burchert,35,FC St. Pauli,Goalkeeper,Goalkeeper,Germany,€0.2m,https://www.transfermarkt.us/sascha-burchert/profil/spieler/36898,sascha-burchert,36898,Bundesliga,https://img.a.transfermarkt.technology/portrait/header/36898-1723630766.jpeg?lm=1
Sören Ahlers,27,FC St. Pauli,Goalkeeper,Goalkeeper,Germany,€0.05m,https://www.transfermarkt.us/soren-ahlers/profil/spieler/333074,soren-ahlers,333074,Bundesliga,https://img.a.transfermarkt.technology/portrait/header/333074-1723630704.jpeg?lm=1
Eric Smith,27,FC St. Pauli,Centre-Back,Defender,Sweden,€4.00m,https://www.transfermarkt.us/eric-smith/profil/spieler/292534,eric-smith,292534,Bundesliga,https://img.a.transfermarkt.technology/portrait/header/292534-1723631157.jpeg?lm=1
Hauke Wahl,30,FC St. Pauli,Centre-Back,Defender,Germany,€1.50m,https://www.transfermarkt.us/hauke-wahl/profil/spieler/154147,hauke-wahl,154147,Bundesliga,https://img.a.transfermarkt.technology/portrait/header/154147-1723631071.jpeg?lm=1
Karol Mets,31,FC St. Pauli,Centre-Back,Defender,Estonia,€1.30m,https://www.transfermarkt.us/karol-mets/profil/spieler/139304,karol-mets,139304,Bundesliga,https://img.a.transfermarkt.technology/portrait/header/139304-1723630917.jpeg?lm=1
David Nemeth,23,FC St. Pauli,Centre-Back,Defender,Austria,€0.8m,https://www.transfermarkt.us/david-nemeth/profil/spieler/451906,david-nemeth,451906,Bundesliga,https://img.a.transfermarkt.technology/portrait/header/451906-1723630981.jpeg?lm=1
Adam Dzwigala,29,FC St. Pauli,Centre-Back,Defender,Poland,€0.6m,https://www.transfermarkt.us/adam-dzwigala/profil/spieler/236966,adam-dzwigala,236966,Bundesliga,https://img.a.transfermarkt.technology/portrait/header/236966-1723631615.jpeg?lm=1
Muhammad Dahaba,19,FC St. Pauli,Centre-Back,Defender,Germany,€0.125m,https://www.transfermarkt.us/muhammad-dahaba/profil/spieler/914890,muhammad-dahaba,914890,Bundesliga,https://img.a.transfermarkt.technology/portrait/header/914890-1723631671.jpeg?lm=1
Philipp Treu,23,FC St. Pauli,Left-Back,Defender,Germany,€2.50m,https://www.transfermarkt.us/philipp-treu/profil/spieler/335993,philipp-treu,335993,Bundesliga,https://img.a.transfermarkt.technology/portrait/header/335993-1723631488.jpeg?lm=1
Lars Ritzka,26,FC St. Pauli,Left-Back,Defender,Germany,€0.9m,https://www.transfermarkt.us/lars-ritzka/profil/spieler/333903,lars-ritzka,333903,Bundesliga,https://img.a.transfermarkt.technology/portrait/header/333903-1723631434.jpeg?lm=1
Manolis Saliakas,28,FC St. Pauli,Right-Back,Defender,Greece,€2.50m,https://www.transfermarkt.us/manolis-saliakas/profil/spieler/242661,manolis-saliakas,242661,Bundesliga,https://img.a.transfermarkt.technology/portrait/header/242661-1723630834.jpeg?lm=1
Fin Stevens,21,FC St. Pauli,Right-Back,Defender,Wales,€0.6m,https://www.transfermarkt.us/fin-stevens/profil/spieler/587019,fin-stevens,587019,Bundesliga,https://img.a.transfermarkt.technology/portrait/header/587019-1722842294.jpg?lm=1
Robert Wagner,21,FC St. Pauli,Central Midfield,Midfield,Germany,€3.00m,https://www.transfermarkt.us/robert-wagner/profil/spieler/690429,robert-wagner,690429,Bundesliga,https://img.a.transfermarkt.technology/portrait/header/690429-1723632023.jpeg?lm=1
Connor Metcalfe,25,FC St. Pauli,Central Midfield,Midfield,Australia,€2.50m,https://www.transfermarkt.us/connor-metcalfe/profil/spieler/522223,connor-metcalfe,522223,Bundesliga,https://img.a.transfermarkt.technology/portrait/header/522223-1723631966.jpeg?lm=1
Jackson Irvine,31,FC St. Pauli,Central Midfield,Midfield,Australia,€2.00m,https://www.transfermarkt.us/jackson-irvine/profil/spieler/192557,jackson-irvine,192557,Bundesliga,https://img.a.transfermarkt.technology/portrait/header/192557-1723631725.jpeg?lm=1
Carlo Boukhalfa,25,FC St. Pauli,Central Midfield,Midfield,Germany,€0.7m,https://www.transfermarkt.us/carlo-boukhalfa/profil/spieler/329373,carlo-boukhalfa,329373,Bundesliga,https://img.a.transfermarkt.technology/portrait/header/329373-1723631834.jpeg?lm=1
Erik Ahlstrand,23,FC St. Pauli,Central Midfield,Midfield,Sweden,€0.7m,https://www.transfermarkt.us/erik-ahlstrand/profil/spieler/501049,erik-ahlstrand,501049,Bundesliga,https://img.a.transfermarkt.technology/portrait/header/501049-1723631889.jpeg?lm=1
Elias Saad,24,FC St. Pauli,Left Winger,Attack,Tunisia,€4.00m,https://www.transfermarkt.us/elias-saad/profil/spieler/526466,elias-saad,526466,Bundesliga,https://img.a.transfermarkt.technology/portrait/header/526466-1723632619.jpeg?lm=1
Morgan Guilavogui,26,FC St. Pauli,Left Winger,Attack,Guinea,€3.00m,https://www.transfermarkt.us/morgan-guilavogui/profil/spieler/691786,morgan-guilavogui,691786,Bundesliga,https://img.a.transfermarkt.technology/portrait/header/691786-1723632746.jpeg?lm=1
Oladapo Afolayan,27,FC St. Pauli,Right Winger,Attack,England,€3.00m,https://www.transfermarkt.us/oladapo-afolayan/profil/spieler/487850,oladapo-afolayan,487850,Bundesliga,https://img.a.transfermarkt.technology/portrait/header/487850-1723632432.jpeg?lm=1
Danel Sinani,27,FC St. Pauli,Right Winger,Attack,Luxembourg,€0.5m,https://www.transfermarkt.us/danel-sinani/profil/spieler/346499,danel-sinani,346499,Bundesliga,https://img.a.transfermarkt.technology/portrait/header/346499-1723632317.jpeg?lm=1
Scott Banks,23,FC St. Pauli,Right Winger,Attack,Scotland,€0.5m,https://www.transfermarkt.us/scott-banks/profil/spieler/596821,scott-banks,596821,Bundesliga,https://img.a.transfermarkt.technology/portrait/header/596821-1723632492.jpeg?lm=1
Johannes Eggestein,26,FC St. Pauli,Centre-Forward,Attack,Germany,€2.00m,https://www.transfermarkt.us/johannes-eggestein/profil/spieler/251303,johannes-eggestein,251303,Bundesliga,https://img.a.transfermarkt.technology/portrait/header/251303-1723632371.jpeg?lm=1
Simon Zoller,33,FC St. Pauli,Centre-Forward,Attack,Germany,€0.35m,https://www.transfermarkt.us/simon-zoller/profil/spieler/79967,simon-zoller,79967,Bundesliga,https://img.a.transfermarkt.technology/portrait/header/79967-1723632686.jpeg?lm=1
Andreas Albers,34,FC St. Pauli,Centre-Forward,Attack,Denmark,€0.3m,https://www.transfermarkt.us/andreas-albers/profil/spieler/88647,andreas-albers,88647,Bundesliga,https://img.a.transfermarkt.technology/portrait/header/88647-1723632561.jpeg?lm=1
Maurides,30,FC St. Pauli,Centre-Forward,Attack,Brazil,€0.3m,https://www.transfermarkt.us/maurides/profil/spieler/227511,maurides,227511,Bundesliga,https://img.a.transfermarkt.technology/portrait/header/227511-1723632805.jpeg?lm=1
Timon Weiner,25,Holstein Kiel,Goalkeeper,Goalkeeper,Germany,€1.50m,https://www.transfermarkt.us/timon-weiner/profil/spieler/296428,timon-weiner,296428,Bundesliga,https://img.a.transfermarkt.technology/portrait/header/296428-1721851050.jpg?lm=1
Thomas Dähne,30,Holstein Kiel,Goalkeeper,Goalkeeper,Germany,€0.4m,https://www.transfermarkt.us/thomas-dahne/profil/spieler/115979,thomas-dahne,115979,Bundesliga,https://img.a.transfermarkt.technology/portrait/header/115979-1657791709.jpg?lm=1
Marcel Engelhardt,31,Holstein Kiel,Goalkeeper,Goalkeeper,Germany,€0.175m,https://www.transfermarkt.us/marcel-engelhardt/profil/spieler/124080,marcel-engelhardt,124080,Bundesliga,https://img.a.transfermarkt.technology/portrait/header/124080-1688646182.jpg?lm=1
Tyler Doğan,19,Holstein Kiel,Goalkeeper,Goalkeeper,Türkiye,€0.075m,https://www.transfermarkt.us/tyler-dogan/profil/spieler/883902,tyler-dogan,883902,Bundesliga,https://img.a.transfermarkt.technology/portrait/header/883902-1728892910.jpg?lm=1
Colin Kleine-Bekel,21,Holstein Kiel,Centre-Back,Defender,Germany,€3.00m,https://www.transfermarkt.us/colin-kleine-bekel/profil/spieler/622722,colin-kleine-bekel,622722,Bundesliga,https://img.a.transfermarkt.technology/portrait/header/622722-1688646080.jpg?lm=1
Timo Becker,27,Holstein Kiel,Centre-Back,Defender,Germany,€2.00m,https://www.transfermarkt.us/timo-becker/profil/spieler/282349,timo-becker,282349,Bundesliga,https://img.a.transfermarkt.technology/portrait/header/282349-1657791826.jpg?lm=1
Max Geschwill,23,Holstein Kiel,Centre-Back,Defender,Germany,€1.00m,https://www.transfermarkt.us/max-geschwill/profil/spieler/471890,max-geschwill,471890,Bundesliga,https://img.a.transfermarkt.technology/portrait/header/471890-1691615892.jpg?lm=1
Marco Komenda,28,Holstein Kiel,Centre-Back,Defender,Germany,€0.9m,https://www.transfermarkt.us/marco-komenda/profil/spieler/335631,marco-komenda,335631,Bundesliga,https://img.a.transfermarkt.technology/portrait/header/335631-1657791801.jpg?lm=1
Carl Johansson,30,Holstein Kiel,Centre-Back,Defender,Sweden,€0.7m,https://www.transfermarkt.us/carl-johansson/profil/spieler/225043,carl-johansson,225043,Bundesliga,https://img.a.transfermarkt.technology/portrait/header/225043-1688646720.jpg?lm=1
Tymoteusz Puchacz,25,Holstein Kiel,Left-Back,Defender,Poland,€2.00m,https://www.transfermarkt.us/tymoteusz-puchacz/profil/spieler/361575,tymoteusz-puchacz,361575,Bundesliga,https://img.a.transfermarkt.technology/portrait/header/361575-1692190026.jpg?lm=1
Dominik Javorcek,22,Holstein Kiel,Left-Back,Defender,Slovakia,€0.55m,https://www.transfermarkt.us/dominik-javorcek/profil/spieler/610608,dominik-javorcek,610608,Bundesliga,https://img.a.transfermarkt.technology/portrait/header/610608-1699980353.png?lm=1
Lasse Rosenboom,22,Holstein Kiel,Right-Back,Defender,Germany,€0.5m,https://www.transfermarkt.us/lasse-rosenboom/profil/spieler/512352,lasse-rosenboom,512352,Bundesliga,https://img.a.transfermarkt.technology/portrait/header/512352-1688646400.jpg?lm=1
Marko Ivezic,22,Holstein Kiel,Defensive Midfield,Midfield,Serbia,€3.00m,https://www.transfermarkt.us/marko-ivezic/profil/spieler/706024,marko-ivezic,706024,Bundesliga,https://img.a.transfermarkt.technology/portrait/header/706024-1688646673.jpg?lm=1
Patrick Erras,29,Holstein Kiel,Defensive Midfield,Midfield,Germany,€1.00m,https://www.transfermarkt.us/patrick-erras/profil/spieler/193859,patrick-erras,193859,Bundesliga,https://img.a.transfermarkt.technology/portrait/header/193859-1657792157.jpg?lm=1
Marvin Schulz,29,Holstein Kiel,Defensive Midfield,Midfield,Germany,€0.7m,https://www.transfermarkt.us/marvin-schulz/profil/spieler/168678,marvin-schulz,168678,Bundesliga,https://img.a.transfermarkt.technology/portrait/header/168678-1721851183.jpg?lm=1
Armin Gigovic,22,Holstein Kiel,Central Midfield,Midfield,Bosnia-Herzegovina,€2.50m,https://www.transfermarkt.us/armin-gigovic/profil/spieler/651269,armin-gigovic,651269,Bundesliga,https://img.a.transfermarkt.technology/portrait/header/651269-1606809695.png?lm=1
Magnus Knudsen,23,Holstein Kiel,Central Midfield,Midfield,Norway,€2.00m,https://www.transfermarkt.us/magnus-knudsen/profil/spieler/651735,magnus-knudsen,651735,Bundesliga,https://img.a.transfermarkt.technology/portrait/header/651735-1721850811.jpg?lm=1
Nicolai Remberg,24,Holstein Kiel,Central Midfield,Midfield,Germany,€1.80m,https://www.transfermarkt.us/nicolai-remberg/profil/spieler/592534,nicolai-remberg,592534,Bundesliga,https://img.a.transfermarkt.technology/portrait/header/592534-1688646465.jpg?lm=1
Lewis Holtby,34,Holstein Kiel,Central Midfield,Midfield,Germany,€0.5m,https://www.transfermarkt.us/lewis-holtby/profil/spieler/55508,lewis-holtby,55508,Bundesliga,https://img.a.transfermarkt.technology/portrait/header/55508-1721850987.jpg?lm=1
Aurel Wagbe,20,Holstein Kiel,Left Midfield,Midfield,Germany,€0.1m,https://www.transfermarkt.us/aurel-wagbe/profil/spieler/747983,aurel-wagbe,747983,Bundesliga,https://img.a.transfermarkt.technology/portrait/header/747983-1688646323.jpg?lm=1
Finn Porath,27,Holstein Kiel,Attacking Midfield,Midfield,Germany,€1.50m,https://www.transfermarkt.us/finn-porath/profil/spieler/241307,finn-porath,241307,Bundesliga,https://img.a.transfermarkt.technology/portrait/header/241307-1657792610.jpg?lm=1
Steven Skrzybski,32,Holstein Kiel,Attacking Midfield,Midfield,Germany,€1.30m,https://www.transfermarkt.us/steven-skrzybski/profil/spieler/93827,steven-skrzybski,93827,Bundesliga,https://img.a.transfermarkt.technology/portrait/header/93827-1657792592.jpg?lm=1
Andu Kelati,22,Holstein Kiel,Left Winger,Attack,Germany,€0.8m,https://www.transfermarkt.us/andu-kelati/profil/spieler/719694,andu-kelati,719694,Bundesliga,https://img.a.transfermarkt.technology/portrait/header/719694-1721850615.jpg?lm=1
Alexander Bernhardsson,26,Holstein Kiel,Right Winger,Attack,Sweden,€1.50m,https://www.transfermarkt.us/alexander-bernhardsson/profil/spieler/633454,alexander-bernhardsson,633454,Bundesliga,https://img.a.transfermarkt.technology/portrait/header/633454-1721850751.jpg?lm=1
Shuto Machino,25,Holstein Kiel,Centre-Forward,Attack,Japan,€3.50m,https://www.transfermarkt.us/shuto-machino/profil/spieler/550580,shuto-machino,550580,Bundesliga,https://img.a.transfermarkt.technology/portrait/header/550580-1688645996.jpg?lm=1
Benedikt Pichler,27,Holstein Kiel,Centre-Forward,Attack,Austria,€2.00m,https://www.transfermarkt.us/benedikt-pichler/profil/spieler/331362,benedikt-pichler,331362,Bundesliga,https://img.a.transfermarkt.technology/portrait/header/331362-1657792864.jpg?lm=1
Fiete Arp,24,Holstein Kiel,Centre-Forward,Attack,Germany,€0.8m,https://www.transfermarkt.us/fiete-arp/profil/spieler/343337,fiete-arp,343337,Bundesliga,https://img.a.transfermarkt.technology/portrait/header/343337-1657792916.jpg?lm=1
Phil Harres,22,Holstein Kiel,Centre-Forward,Attack,Germany,€0.5m,https://www.transfermarkt.us/phil-harres/profil/spieler/606119,phil-harres,606119,Bundesliga,https://img.a.transfermarkt.technology/portrait/header/606119-1721850669.jpg?lm=1
Gianluigi Donnarumma,25,Paris Saint-Germain,Goalkeeper,Goalkeeper,Italy,€40.00m,https://www.transfermarkt.us/gianluigi-donnarumma/profil/spieler/315858,gianluigi-donnarumma,315858,Ligue 1,https://img.a.transfermarkt.technology/portrait/header/315858-1672304477.jpg?lm=1
Matvey Safonov,25,Paris Saint-Germain,Goalkeeper,Goalkeeper,Russia,€20.00m,https://www.transfermarkt.us/matvey-safonov/profil/spieler/318470,matvey-safonov,318470,Ligue 1,https://img.a.transfermarkt.technology/portrait/header/318470-1732658603.jpg?lm=1
Arnau Tenas,23,Paris Saint-Germain,Goalkeeper,Goalkeeper,Spain,€5.00m,https://www.transfermarkt.us/arnau-tenas/profil/spieler/466783,arnau-tenas,466783,Ligue 1,https://img.a.transfermarkt.technology/portrait/header/466783-1701444229.jpg?lm=1
Marquinhos,30,Paris Saint-Germain,Centre-Back,Defender,Brazil,€50.00m,https://www.transfermarkt.us/marquinhos/profil/spieler/181767,marquinhos,181767,Ligue 1,https://img.a.transfermarkt.technology/portrait/header/181767-1672303747.jpg?lm=1
Willian Pacho,23,Paris Saint-Germain,Centre-Back,Defender,Ecuador,€40.00m,https://www.transfermarkt.us/willian-pacho/profil/spieler/661171,willian-pacho,661171,Ligue 1,https://img.a.transfermarkt.technology/portrait/header/661171-1696508666.jpg?lm=1
Lucas Beraldo,21,Paris Saint-Germain,Centre-Back,Defender,Brazil,€30.00m,https://www.transfermarkt.us/lucas-beraldo/profil/spieler/872171,lucas-beraldo,872171,Ligue 1,https://img.a.transfermarkt.technology/portrait/header/872171-1715107660.jpg?lm=1
Milan Skriniar,29,Paris Saint-Germain,Centre-Back,Defender,Slovakia,€20.00m,https://www.transfermarkt.us/milan-skriniar/profil/spieler/204069,milan-skriniar,204069,Ligue 1,https://img.a.transfermarkt.technology/portrait/header/204069-1598256813.jpg?lm=1
Presnel Kimpembe,29,Paris Saint-Germain,Centre-Back,Defender,France,€9.00m,https://www.transfermarkt.us/presnel-kimpembe/profil/spieler/282041,presnel-kimpembe,282041,Ligue 1,https://img.a.transfermarkt.technology/portrait/header/282041-1672304083.jpg?lm=1
Nuno Mendes,22,Paris Saint-Germain,Left-Back,Defender,Portugal,€55.00m,https://www.transfermarkt.us/nuno-mendes/profil/spieler/616341,nuno-mendes,616341,Ligue 1,https://img.a.transfermarkt.technology/portrait/header/616341-1672304855.jpg?lm=1
Lucas Hernández,28,Paris Saint-Germain,Left-Back,Defender,France,€40.00m,https://www.transfermarkt.us/lucas-hernandez/profil/spieler/281963,lucas-hernandez,281963,Ligue 1,https://img.a.transfermarkt.technology/portrait/header/281963-1667830435.jpg?lm=1
Achraf Hakimi,26,Paris Saint-Germain,Right-Back,Defender,Morocco,€60.00m,https://www.transfermarkt.us/achraf-hakimi/profil/spieler/398073,achraf-hakimi,398073,Ligue 1,https://img.a.transfermarkt.technology/portrait/header/398073-1672304327.jpg?lm=1
Yoram Zague,18,Paris Saint-Germain,Right-Back,Defender,France,€2.50m,https://www.transfermarkt.us/yoram-zague/profil/spieler/1047097,yoram-zague,1047097,Ligue 1,https://img.a.transfermarkt.technology/portrait/header/1047097-1716562778.jpg?lm=1
Naoufel El Hannach,17,Paris Saint-Germain,Right-Back,Defender,Morocco,€0.0m,https://www.transfermarkt.us/naoufel-el-hannach/profil/spieler/1053148,naoufel-el-hannach,1053148,Ligue 1,https://img.a.transfermarkt.technology/portrait/header/default.jpg?lm=1
João Neves,20,Paris Saint-Germain,Defensive Midfield,Midfield,Portugal,€60.00m,https://www.transfermarkt.us/joao-neves/profil/spieler/670681,joao-neves,670681,Ligue 1,https://img.a.transfermarkt.technology/portrait/header/670681-1701295511.jpg?lm=1
Warren Zaïre-Emery,18,Paris Saint-Germain,Central Midfield,Midfield,France,€60.00m,https://www.transfermarkt.us/warren-zaire-emery/profil/spieler/810092,warren-zaire-emery,810092,Ligue 1,https://img.a.transfermarkt.technology/portrait/header/810092-1672303575.jpg?lm=1
Vitinha,24,Paris Saint-Germain,Central Midfield,Midfield,Portugal,€55.00m,https://www.transfermarkt.us/vitinha/profil/spieler/487469,vitinha,487469,Ligue 1,https://img.a.transfermarkt.technology/portrait/header/487469-1672303629.jpg?lm=1
Fabián Ruiz,28,Paris Saint-Germain,Central Midfield,Midfield,Spain,€35.00m,https://www.transfermarkt.us/fabian-ruiz/profil/spieler/350219,fabian-ruiz,350219,Ligue 1,https://img.a.transfermarkt.technology/portrait/header/350219-1718958379.jpg?lm=1
Senny Mayulu,18,Paris Saint-Germain,Central Midfield,Midfield,France,€5.00m,https://www.transfermarkt.us/senny-mayulu/profil/spieler/903693,senny-mayulu,903693,Ligue 1,https://img.a.transfermarkt.technology/portrait/header/903693-1716562599.jpg?lm=1
Ayman Kari,20,Paris Saint-Germain,Central Midfield,Midfield,France,€4.00m,https://www.transfermarkt.us/ayman-kari/profil/spieler/810093,ayman-kari,810093,Ligue 1,https://img.a.transfermarkt.technology/portrait/header/810093-1672304278.jpg?lm=1
Kang-in Lee,23,Paris Saint-Germain,Attacking Midfield,Midfield,"Korea, South",€25.00m,https://www.transfermarkt.us/kang-in-lee/profil/spieler/557149,kang-in-lee,557149,Ligue 1,https://img.a.transfermarkt.technology/portrait/header/557149-1703978046.jpg?lm=1
Bradley Barcola,22,Paris Saint-Germain,Left Winger,Attack,France,€65.00m,https://www.transfermarkt.us/bradley-barcola/profil/spieler/708265,bradley-barcola,708265,Ligue 1,https://img.a.transfermarkt.technology/portrait/header/708265-1653406915.jpg?lm=1
Désiré Doué,19,Paris Saint-Germain,Left Winger,Attack,France,€40.00m,https://www.transfermarkt.us/desire-doue/profil/spieler/914562,desire-doue,914562,Ligue 1,https://img.a.transfermarkt.technology/portrait/header/914562-1667317075.jpg?lm=1
Ousmane Dembélé,27,Paris Saint-Germain,Right Winger,Attack,France,€60.00m,https://www.transfermarkt.us/ousmane-dembele/profil/spieler/288230,ousmane-dembele,288230,Ligue 1,https://img.a.transfermarkt.technology/portrait/header/288230-1684148641.jpg?lm=1
Marco Asensio,28,Paris Saint-Germain,Right Winger,Attack,Spain,€20.00m,https://www.transfermarkt.us/marco-asensio/profil/spieler/296622,marco-asensio,296622,Ligue 1,https://img.a.transfermarkt.technology/portrait/header/296622-1664970818.jpg?lm=1
Ibrahim Mbaye,16,Paris Saint-Germain,Right Winger,Attack,France,€2.00m,https://www.transfermarkt.us/ibrahim-mbaye/profil/spieler/1185888,ibrahim-mbaye,1185888,Ligue 1,https://img.a.transfermarkt.technology/portrait/header/1185888-1723831727.jpg?lm=1
Gonçalo Ramos,23,Paris Saint-Germain,Centre-Forward,Attack,Portugal,€50.00m,https://www.transfermarkt.us/goncalo-ramos/profil/spieler/550550,goncalo-ramos,550550,Ligue 1,https://img.a.transfermarkt.technology/portrait/header/550550-1681906158.jpg?lm=1
Randal Kolo Muani,25,Paris Saint-Germain,Centre-Forward,Attack,France,€40.00m,https://www.transfermarkt.us/randal-kolo-muani/profil/spieler/487969,randal-kolo-muani,487969,Ligue 1,https://img.a.transfermarkt.technology/portrait/header/487969-1718697120.jpg?lm=1
Radoslaw Majecki,25,AS Monaco,Goalkeeper,Goalkeeper,Poland,€5.00m,https://www.transfermarkt.us/radoslaw-majecki/profil/spieler/346546,radoslaw-majecki,346546,Ligue 1,https://img.a.transfermarkt.technology/portrait/header/346546-1672484869.jpg?lm=1
Philipp Köhn,26,AS Monaco,Goalkeeper,Goalkeeper,Switzerland,€5.00m,https://www.transfermarkt.us/philipp-kohn/profil/spieler/251322,philipp-kohn,251322,Ligue 1,https://img.a.transfermarkt.technology/portrait/header/251322-1661531623.png?lm=1
Yann Lienard,21,AS Monaco,Goalkeeper,Goalkeeper,France,€0.2m,https://www.transfermarkt.us/yann-lienard/profil/spieler/745341,yann-lienard,745341,Ligue 1,https://img.a.transfermarkt.technology/portrait/header/745341-1663767128.jpg?lm=1
Wilfried Singo,23,AS Monaco,Centre-Back,Defender,Cote d'Ivoire,€25.00m,https://www.transfermarkt.us/wilfried-singo/profil/spieler/648779,wilfried-singo,648779,Ligue 1,https://img.a.transfermarkt.technology/portrait/header/648779-1661511097.jpg?lm=1
Mohammed Salisu,25,AS Monaco,Centre-Back,Defender,Ghana,€15.00m,https://www.transfermarkt.us/mohammed-salisu/profil/spieler/563963,mohammed-salisu,563963,Ligue 1,https://img.a.transfermarkt.technology/portrait/header/563963-1668428508.jpg?lm=1
Christian Mawissa,19,AS Monaco,Centre-Back,Defender,France,€12.00m,https://www.transfermarkt.us/christian-mawissa/profil/spieler/1005240,christian-mawissa,1005240,Ligue 1,https://img.a.transfermarkt.technology/portrait/header/1005240-1708555606.jpg?lm=1
Thilo Kehrer,28,AS Monaco,Centre-Back,Defender,Germany,€10.00m,https://www.transfermarkt.us/thilo-kehrer/profil/spieler/228948,thilo-kehrer,228948,Ligue 1,https://img.a.transfermarkt.technology/portrait/header/228948-1663242446.jpg?lm=1
Caio Henrique,27,AS Monaco,Left-Back,Defender,Brazil,€20.00m,https://www.transfermarkt.us/caio-henrique/profil/spieler/420064,caio-henrique,420064,Ligue 1,https://img.a.transfermarkt.technology/portrait/header/420064-1614091193.jpg?lm=1
Kassoum Ouattara,20,AS Monaco,Left-Back,Defender,France,€8.00m,https://www.transfermarkt.us/kassoum-ouattara/profil/spieler/947360,kassoum-ouattara,947360,Ligue 1,https://img.a.transfermarkt.technology/portrait/header/947360-1726834011.jpg?lm=1
Vanderson,23,AS Monaco,Right-Back,Defender,Brazil,€20.00m,https://www.transfermarkt.us/vanderson/profil/spieler/789082,vanderson,789082,Ligue 1,https://img.a.transfermarkt.technology/portrait/header/789082-1655282894.jpg?lm=1
Jordan Teze,25,AS Monaco,Right-Back,Defender,Netherlands,€18.00m,https://www.transfermarkt.us/jordan-teze/profil/spieler/364245,jordan-teze,364245,Ligue 1,https://img.a.transfermarkt.technology/portrait/header/364245-1707214531.jpg?lm=1
Denis Zakaria,28,AS Monaco,Defensive Midfield,Midfield,Switzerland,€28.00m,https://www.transfermarkt.us/denis-zakaria/profil/spieler/334526,denis-zakaria,334526,Ligue 1,https://img.a.transfermarkt.technology/portrait/header/334526-1667990520.jpg?lm=1
Soungoutou Magassa,21,AS Monaco,Defensive Midfield,Midfield,France,€8.00m,https://www.transfermarkt.us/soungoutou-magassa/profil/spieler/745181,soungoutou-magassa,745181,Ligue 1,https://img.a.transfermarkt.technology/portrait/header/745181-1666691600.jpg?lm=1
Lamine Camara,20,AS Monaco,Central Midfield,Midfield,Senegal,€15.00m,https://www.transfermarkt.us/lamine-camara/profil/spieler/918969,lamine-camara,918969,Ligue 1,https://img.a.transfermarkt.technology/portrait/header/918969-1726834088.jpg?lm=1
Eliot Matazo,22,AS Monaco,Central Midfield,Midfield,Belgium,€5.00m,https://www.transfermarkt.us/eliot-matazo/profil/spieler/535834,eliot-matazo,535834,Ligue 1,https://img.a.transfermarkt.technology/portrait/header/535834-1706869303.jpg?lm=1
Edan Diop,20,AS Monaco,Central Midfield,Midfield,France,€2.00m,https://www.transfermarkt.us/edan-diop/profil/spieler/745178,edan-diop,745178,Ligue 1,https://img.a.transfermarkt.technology/portrait/header/745178-1677242345.jpg?lm=1
Aleksandr Golovin,28,AS Monaco,Attacking Midfield,Midfield,Russia,€30.00m,https://www.transfermarkt.us/aleksandr-golovin/profil/spieler/263918,aleksandr-golovin,263918,Ligue 1,https://img.a.transfermarkt.technology/portrait/header/263918-1614091807.jpg?lm=1
Takumi Minamino,29,AS Monaco,Left Winger,Attack,Japan,€20.00m,https://www.transfermarkt.us/takumi-minamino/profil/spieler/165793,takumi-minamino,165793,Ligue 1,https://img.a.transfermarkt.technology/portrait/header/165793-1565700962.jpg?lm=1
Eliesse Ben Seghir,19,AS Monaco,Left Winger,Attack,Morocco,€18.00m,https://www.transfermarkt.us/eliesse-ben-seghir/profil/spieler/810895,eliesse-ben-seghir,810895,Ligue 1,https://img.a.transfermarkt.technology/portrait/header/810895-1682691420.jpg?lm=1
Maghnes Akliouche,22,AS Monaco,Right Winger,Attack,France,€30.00m,https://www.transfermarkt.us/maghnes-akliouche/profil/spieler/745200,maghnes-akliouche,745200,Ligue 1,https://img.a.transfermarkt.technology/portrait/header/745200-1717406573.jpg?lm=1
Krépin Diatta,25,AS Monaco,Right Winger,Attack,Senegal,€12.00m,https://www.transfermarkt.us/krepin-diatta/profil/spieler/490426,krepin-diatta,490426,Ligue 1,https://img.a.transfermarkt.technology/portrait/header/490426-1668163198.jpg?lm=1
Folarin Balogun,23,AS Monaco,Centre-Forward,Attack,United States,€25.00m,https://www.transfermarkt.us/folarin-balogun/profil/spieler/503770,folarin-balogun,503770,Ligue 1,https://img.a.transfermarkt.technology/portrait/header/503770-1672838317.jpg?lm=1
George Ilenikhena,18,AS Monaco,Centre-Forward,Attack,Nigeria,€15.00m,https://www.transfermarkt.us/george-ilenikhena/profil/spieler/1004834,george-ilenikhena,1004834,Ligue 1,https://img.a.transfermarkt.technology/portrait/header/1004834-1702545922.jpg?lm=1
Breel Embolo,27,AS Monaco,Centre-Forward,Attack,Switzerland,€12.00m,https://www.transfermarkt.us/breel-embolo/profil/spieler/237662,breel-embolo,237662,Ligue 1,https://img.a.transfermarkt.technology/portrait/header/237662-1669288888.jpg?lm=1
Marco Bizot,33,Stade Brestois 29,Goalkeeper,Goalkeeper,Netherlands,€4.00m,https://www.transfermarkt.us/marco-bizot/profil/spieler/124884,marco-bizot,124884,Ligue 1,https://img.a.transfermarkt.technology/portrait/header/124884-1707302509.jpg?lm=1
Grégoire Coudert,25,Stade Brestois 29,Goalkeeper,Goalkeeper,France,€0.4m,https://www.transfermarkt.us/gregoire-coudert/profil/spieler/525155,gregoire-coudert,525155,Ligue 1,https://img.a.transfermarkt.technology/portrait/header/525155-1632761084.jpg?lm=1
Noah Jauny,20,Stade Brestois 29,Goalkeeper,Goalkeeper,Ireland,€0.0m,https://www.transfermarkt.us/noah-jauny/profil/spieler/975438,noah-jauny,975438,Ligue 1,https://img.a.transfermarkt.technology/portrait/header/default.jpg?lm=1
Brendan Chardonnet,29,Stade Brestois 29,Centre-Back,Defender,France,€8.00m,https://www.transfermarkt.us/brendan-chardonnet/profil/spieler/250779,brendan-chardonnet,250779,Ligue 1,https://img.a.transfermarkt.technology/portrait/header/250779-1582538208.jpg?lm=1
Soumaïla Coulibaly,21,Stade Brestois 29,Centre-Back,Defender,France,€6.00m,https://www.transfermarkt.us/soumaila-coulibaly/profil/spieler/659513,soumaila-coulibaly,659513,Ligue 1,https://img.a.transfermarkt.technology/portrait/header/659513-1657285323.jpg?lm=1
Abdoulaye Ndiaye,22,Stade Brestois 29,Centre-Back,Defender,Senegal,€3.00m,https://www.transfermarkt.us/abdoulaye-ndiaye/profil/spieler/673514,abdoulaye-ndiaye,673514,Ligue 1,https://img.a.transfermarkt.technology/portrait/header/673514-1684140965.jpg?lm=1
Julien Le Cardinal,27,Stade Brestois 29,Centre-Back,Defender,France,€1.50m,https://www.transfermarkt.us/julien-le-cardinal/profil/spieler/794349,julien-le-cardinal,794349,Ligue 1,https://img.a.transfermarkt.technology/portrait/header/794349-1727808054.jpg?lm=1
Bradley Locko,22,Stade Brestois 29,Left-Back,Defender,France,€12.00m,https://www.transfermarkt.us/bradley-locko/profil/spieler/805908,bradley-locko,805908,Ligue 1,https://img.a.transfermarkt.technology/portrait/header/805908-1639674661.png?lm=1
Massadio Haidara,31,Stade Brestois 29,Left-Back,Defender,Mali,€2.00m,https://www.transfermarkt.us/massadio-haidara/profil/spieler/170929,massadio-haidara,170929,Ligue 1,https://img.a.transfermarkt.technology/portrait/header/170929-1599767241.jpg?lm=1
Jordan Amavi,30,Stade Brestois 29,Left-Back,Defender,France,€2.00m,https://www.transfermarkt.us/jordan-amavi/profil/spieler/241229,jordan-amavi,241229,Ligue 1,https://img.a.transfermarkt.technology/portrait/header/241229-1598304378.jpg?lm=1
Kenny Lala,33,Stade Brestois 29,Right-Back,Defender,France,€3.00m,https://www.transfermarkt.us/kenny-lala/profil/spieler/174196,kenny-lala,174196,Ligue 1,https://img.a.transfermarkt.technology/portrait/header/174196-1677254936.jpg?lm=1
Luck Zogbé,19,Stade Brestois 29,Right-Back,Defender,Cote d'Ivoire,€0.5m,https://www.transfermarkt.us/luck-zogbe/profil/spieler/1144999,luck-zogbe,1144999,Ligue 1,https://img.a.transfermarkt.technology/portrait/header/1144999-1725882803.jpg?lm=1
Pierre Lees-Melou,31,Stade Brestois 29,Defensive Midfield,Midfield,France,€10.00m,https://www.transfermarkt.us/pierre-lees-melou/profil/spieler/377393,pierre-lees-melou,377393,Ligue 1,https://img.a.transfermarkt.technology/portrait/header/377393-1710182831.jpg?lm=1
Edimilson Fernandes,28,Stade Brestois 29,Defensive Midfield,Midfield,Switzerland,€3.50m,https://www.transfermarkt.us/edimilson-fernandes/profil/spieler/247555,edimilson-fernandes,247555,Ligue 1,https://img.a.transfermarkt.technology/portrait/header/247555-1628596987.jpg?lm=1
Jonas Martin,34,Stade Brestois 29,Defensive Midfield,Midfield,France,€1.00m,https://www.transfermarkt.us/jonas-martin/profil/spieler/127142,jonas-martin,127142,Ligue 1,https://img.a.transfermarkt.technology/portrait/header/127142-1676911402.jpg?lm=1
Mahdi Camara,26,Stade Brestois 29,Central Midfield,Midfield,France,€10.00m,https://www.transfermarkt.us/mahdi-camara/profil/spieler/324795,mahdi-camara,324795,Ligue 1,https://img.a.transfermarkt.technology/portrait/header/324795-1710182811.jpg?lm=1
Hugo Magnetti,26,Stade Brestois 29,Central Midfield,Midfield,France,€7.00m,https://www.transfermarkt.us/hugo-magnetti/profil/spieler/474662,hugo-magnetti,474662,Ligue 1,https://img.a.transfermarkt.technology/portrait/header/474662-1582538510.jpg?lm=1
Romain Faivre,26,Stade Brestois 29,Right Midfield,Midfield,France,€10.00m,https://www.transfermarkt.us/romain-faivre/profil/spieler/555076,romain-faivre,555076,Ligue 1,https://img.a.transfermarkt.technology/portrait/header/555076-1672831296.jpg?lm=1
Kamory Doumbia,21,Stade Brestois 29,Attacking Midfield,Midfield,Mali,€5.00m,https://www.transfermarkt.us/kamory-doumbia/profil/spieler/671594,kamory-doumbia,671594,Ligue 1,https://img.a.transfermarkt.technology/portrait/header/671594-1639672362.png?lm=1
Ibrahim Salah,23,Stade Brestois 29,Left Winger,Attack,Morocco,€4.00m,https://www.transfermarkt.us/ibrahim-salah/profil/spieler/928323,ibrahim-salah,928323,Ligue 1,https://img.a.transfermarkt.technology/portrait/header/928323-1659944229.jpg?lm=1
Mathias Pereira Lage,28,Stade Brestois 29,Left Winger,Attack,France,€2.50m,https://www.transfermarkt.us/mathias-pereira-lage/profil/spieler/424072,mathias-pereira-lage,424072,Ligue 1,https://img.a.transfermarkt.technology/portrait/header/424072-1559892187.png?lm=1
Axel Camblan,21,Stade Brestois 29,Left Winger,Attack,France,€0.5m,https://www.transfermarkt.us/axel-camblan/profil/spieler/924800,axel-camblan,924800,Ligue 1,https://img.a.transfermarkt.technology/portrait/header/924800-1685635027.jpg?lm=1
Romain Del Castillo,28,Stade Brestois 29,Right Winger,Attack,France,€10.00m,https://www.transfermarkt.us/romain-del-castillo/profil/spieler/353399,romain-del-castillo,353399,Ligue 1,https://img.a.transfermarkt.technology/portrait/header/353399-1593964996.jpg?lm=1
Abdallah Sima,23,Stade Brestois 29,Right Winger,Attack,Senegal,€8.00m,https://www.transfermarkt.us/abdallah-sima/profil/spieler/776798,abdallah-sima,776798,Ligue 1,https://img.a.transfermarkt.technology/portrait/header/776798-1672669896.jpg?lm=1
Mama Baldé,29,Stade Brestois 29,Centre-Forward,Attack,Guinea-Bissau,€4.00m,https://www.transfermarkt.us/mama-balde/profil/spieler/325223,mama-balde,325223,Ligue 1,https://img.a.transfermarkt.technology/portrait/header/325223-1702991373.jpg?lm=1
Ludovic Ajorque,30,Stade Brestois 29,Centre-Forward,Attack,France,€3.00m,https://www.transfermarkt.us/ludovic-ajorque/profil/spieler/283994,ludovic-ajorque,283994,Ligue 1,https://img.a.transfermarkt.technology/portrait/header/283994-1692000251.jpg?lm=1
Lucas Chevalier,23,LOSC Lille,Goalkeeper,Goalkeeper,France,€25.00m,https://www.transfermarkt.us/lucas-chevalier/profil/spieler/463600,lucas-chevalier,463600,Ligue 1,https://img.a.transfermarkt.technology/portrait/header/463600-1708342501.jpg?lm=1
Lisandru Olmeta,19,LOSC Lille,Goalkeeper,Goalkeeper,France,€0.2m,https://www.transfermarkt.us/lisandru-olmeta/profil/spieler/810789,lisandru-olmeta,810789,Ligue 1,https://img.a.transfermarkt.technology/portrait/header/810789-1653495300.jpg?lm=1
Vito Mannone,36,LOSC Lille,Goalkeeper,Goalkeeper,Italy,€0.2m,https://www.transfermarkt.us/vito-mannone/profil/spieler/33781,vito-mannone,33781,Ligue 1,https://img.a.transfermarkt.technology/portrait/header/33781-1614092740.jpg?lm=1
Marc-Aurèle Caillard,30,LOSC Lille,Goalkeeper,Goalkeeper,France,€0.2m,https://www.transfermarkt.us/marc-aurele-caillard/profil/spieler/205465,marc-aurele-caillard,205465,Ligue 1,https://img.a.transfermarkt.technology/portrait/header/205465-1697462573.png?lm=1
Bafodé Diakité,23,LOSC Lille,Centre-Back,Defender,France,€18.00m,https://www.transfermarkt.us/bafode-diakite/profil/spieler/463605,bafode-diakite,463605,Ligue 1,https://img.a.transfermarkt.technology/portrait/header/463605-1666691072.jpg?lm=1
Alexsandro,25,LOSC Lille,Centre-Back,Defender,Brazil,€8.00m,https://www.transfermarkt.us/alexsandro/profil/spieler/648020,alexsandro,648020,Ligue 1,https://img.a.transfermarkt.technology/portrait/header/648020-1666689768.jpg?lm=1
Samuel Umtiti,31,LOSC Lille,Centre-Back,Defender,France,€2.50m,https://www.transfermarkt.us/samuel-umtiti/profil/spieler/126540,samuel-umtiti,126540,Ligue 1,https://img.a.transfermarkt.technology/portrait/header/126540-1708342117.jpg?lm=1
Aïssa Mandi,33,LOSC Lille,Centre-Back,Defender,Algeria,€1.80m,https://www.transfermarkt.us/aissa-mandi/profil/spieler/80293,aissa-mandi,80293,Ligue 1,https://img.a.transfermarkt.technology/portrait/header/80293-1704566125.jpg?lm=1
Rafael Fernandes,22,LOSC Lille,Centre-Back,Defender,Portugal,€1.50m,https://www.transfermarkt.us/rafael-fernandes/profil/spieler/744074,rafael-fernandes,744074,Ligue 1,https://img.a.transfermarkt.technology/portrait/header/744074-1649754949.jpg?lm=1
Ousmane Touré,19,LOSC Lille,Centre-Back,Defender,France,€0.05m,https://www.transfermarkt.us/ousmane-toure/profil/spieler/990732,ousmane-toure,990732,Ligue 1,https://img.a.transfermarkt.technology/portrait/header/990732-1711305319.jpg?lm=1
Mitchel Bakker,24,LOSC Lille,Left-Back,Defender,Netherlands,€6.00m,https://www.transfermarkt.us/mitchel-bakker/profil/spieler/361065,mitchel-bakker,361065,Ligue 1,https://img.a.transfermarkt.technology/portrait/header/361065-1658913284.jpg?lm=1
Gabriel Gudmundsson,25,LOSC Lille,Left-Back,Defender,Sweden,€5.00m,https://www.transfermarkt.us/gabriel-gudmundsson/profil/spieler/362108,gabriel-gudmundsson,362108,Ligue 1,https://img.a.transfermarkt.technology/portrait/header/362108-1666691160.jpg?lm=1
Ismaily,34,LOSC Lille,Left-Back,Defender,Brazil,€1.80m,https://www.transfermarkt.us/ismaily/profil/spieler/124028,ismaily,124028,Ligue 1,https://img.a.transfermarkt.technology/portrait/header/124028-1666690981.jpg?lm=1
Tiago Santos,22,LOSC Lille,Right-Back,Defender,Portugal,€15.00m,https://www.transfermarkt.us/tiago-santos/profil/spieler/816580,tiago-santos,816580,Ligue 1,https://img.a.transfermarkt.technology/portrait/header/816580-1708342212.jpg?lm=1
Thomas Meunier,33,LOSC Lille,Right-Back,Defender,Belgium,€2.50m,https://www.transfermarkt.us/thomas-meunier/profil/spieler/100986,thomas-meunier,100986,Ligue 1,https://img.a.transfermarkt.technology/portrait/header/100986-1662361426.jpg?lm=1
Akim Zedadka,29,LOSC Lille,Right-Back,Defender,Algeria,€2.00m,https://www.transfermarkt.us/akim-zedadka/profil/spieler/327863,akim-zedadka,327863,Ligue 1,https://img.a.transfermarkt.technology/portrait/header/327863-1625741792.jpg?lm=1
Nabil Bentaleb,30,LOSC Lille,Defensive Midfield,Midfield,Algeria,€10.00m,https://www.transfermarkt.us/nabil-bentaleb/profil/spieler/245537,nabil-bentaleb,245537,Ligue 1,https://img.a.transfermarkt.technology/portrait/header/245537-1672670443.jpg?lm=1
Benjamin André,34,LOSC Lille,Defensive Midfield,Midfield,France,€8.00m,https://www.transfermarkt.us/benjamin-andre/profil/spieler/84301,benjamin-andre,84301,Ligue 1,https://img.a.transfermarkt.technology/portrait/header/84301-1666690769.jpg?lm=1
Ngal'ayel Mukau,20,LOSC Lille,Defensive Midfield,Midfield,DR Congo,€4.00m,https://www.transfermarkt.us/ngalayel-mukau/profil/spieler/1016015,ngalayel-mukau,1016015,Ligue 1,https://img.a.transfermarkt.technology/portrait/header/1016015-1718287299.jpg?lm=1
André Gomes,31,LOSC Lille,Central Midfield,Midfield,Portugal,€10.00m,https://www.transfermarkt.us/andre-gomes/profil/spieler/221025,andre-gomes,221025,Ligue 1,https://img.a.transfermarkt.technology/portrait/header/221025-1666691237.jpg?lm=1
Ayyoub Bouaddi,17,LOSC Lille,Central Midfield,Midfield,France,€10.00m,https://www.transfermarkt.us/ayyoub-bouaddi/profil/spieler/1097139,ayyoub-bouaddi,1097139,Ligue 1,https://img.a.transfermarkt.technology/portrait/header/1097139-1732539423.jpg?lm=1
Ethan Mbappé,17,LOSC Lille,Central Midfield,Midfield,France,€2.00m,https://www.transfermarkt.us/ethan-mbappe/profil/spieler/903666,ethan-mbappe,903666,Ligue 1,https://img.a.transfermarkt.technology/portrait/header/903666-1716562689.jpg?lm=1
Angel Gomes,24,LOSC Lille,Attacking Midfield,Midfield,England,€28.00m,https://www.transfermarkt.us/angel-gomes/profil/spieler/392770,angel-gomes,392770,Ligue 1,https://img.a.transfermarkt.technology/portrait/header/392770-1666690396.jpg?lm=1
Rémy Cabella,34,LOSC Lille,Attacking Midfield,Midfield,France,€3.50m,https://www.transfermarkt.us/remy-cabella/profil/spieler/113707,remy-cabella,113707,Ligue 1,https://img.a.transfermarkt.technology/portrait/header/113707-1666690101.jpg?lm=1
Hákon Arnar Haraldsson,21,LOSC Lille,Left Winger,Attack,Iceland,€9.00m,https://www.transfermarkt.us/hakon-arnar-haraldsson/profil/spieler/652275,hakon-arnar-haraldsson,652275,Ligue 1,https://img.a.transfermarkt.technology/portrait/header/652275-1662491592.jpg?lm=1
Osame Sahraoui,23,LOSC Lille,Left Winger,Attack,Morocco,€8.50m,https://www.transfermarkt.us/osame-sahraoui/profil/spieler/580657,osame-sahraoui,580657,Ligue 1,https://img.a.transfermarkt.technology/portrait/header/580657-1723713882.jpg?lm=1
Edon Zhegrova,25,LOSC Lille,Right Winger,Attack,Kosovo,€25.00m,https://www.transfermarkt.us/edon-zhegrova/profil/spieler/496857,edon-zhegrova,496857,Ligue 1,https://img.a.transfermarkt.technology/portrait/header/496857-1642174107.jpg?lm=1
Jonathan David,24,LOSC Lille,Centre-Forward,Attack,Canada,€45.00m,https://www.transfermarkt.us/jonathan-david/profil/spieler/533738,jonathan-david,533738,Ligue 1,https://img.a.transfermarkt.technology/portrait/header/533738-1666690584.jpg?lm=1
Matias Fernandez-Pardo,19,LOSC Lille,Centre-Forward,Attack,Belgium,€6.00m,https://www.transfermarkt.us/matias-fernandez-pardo/profil/spieler/724129,matias-fernandez-pardo,724129,Ligue 1,https://img.a.transfermarkt.technology/portrait/header/724129-1690099031.jpg?lm=1
Mohamed Bayo,26,LOSC Lille,Centre-Forward,Attack,Guinea,€5.00m,https://www.transfermarkt.us/mohamed-bayo/profil/spieler/594991,mohamed-bayo,594991,Ligue 1,https://img.a.transfermarkt.technology/portrait/header/594991-1625740933.jpg?lm=1
Marcin Bulka,25,OGC Nice,Goalkeeper,Goalkeeper,Poland,€20.00m,https://www.transfermarkt.us/marcin-bulka/profil/spieler/465955,marcin-bulka,465955,Ligue 1,https://img.a.transfermarkt.technology/portrait/header/465955-1611915733.jpg?lm=1
Maxime Dupé,31,OGC Nice,Goalkeeper,Goalkeeper,France,€1.50m,https://www.transfermarkt.us/maxime-dupe/profil/spieler/127188,maxime-dupe,127188,Ligue 1,https://img.a.transfermarkt.technology/portrait/header/127188-1676656357.jpg?lm=1
Teddy Boulhendi,23,OGC Nice,Goalkeeper,Goalkeeper,Algeria,€0.1m,https://www.transfermarkt.us/teddy-boulhendi/profil/spieler/789419,teddy-boulhendi,789419,Ligue 1,https://img.a.transfermarkt.technology/portrait/header/789419-1596556222.jpg?lm=1
Moïse Bombito,24,OGC Nice,Centre-Back,Defender,Canada,€7.00m,https://www.transfermarkt.us/moise-bombito/profil/spieler/1089202,moise-bombito,1089202,Ligue 1,https://img.a.transfermarkt.technology/portrait/header/1089202-1709402219.jpg?lm=1
Mohamed Abdelmonem,25,OGC Nice,Centre-Back,Defender,Egypt,€4.00m,https://www.transfermarkt.us/mohamed-abdelmonem/profil/spieler/566025,mohamed-abdelmonem,566025,Ligue 1,https://img.a.transfermarkt.technology/portrait/header/566025-1641136609.jpg?lm=1
Dante,41,OGC Nice,Centre-Back,Defender,Brazil,€0.5m,https://www.transfermarkt.us/dante/profil/spieler/16136,dante,16136,Ligue 1,https://img.a.transfermarkt.technology/portrait/header/16136-1603016168.jpg?lm=1
Amidou Doumbouya,17,OGC Nice,Centre-Back,Defender,France,€0.3m,https://www.transfermarkt.us/amidou-doumbouya/profil/spieler/1075574,amidou-doumbouya,1075574,Ligue 1,https://img.a.transfermarkt.technology/portrait/header/default.jpg?lm=1
Melvin Bard,24,OGC Nice,Left-Back,Defender,France,€12.00m,https://www.transfermarkt.us/melvin-bard/profil/spieler/532775,melvin-bard,532775,Ligue 1,https://img.a.transfermarkt.technology/portrait/header/532775-1649428267.jpg?lm=1
Ali Abdi,30,OGC Nice,Left-Back,Defender,Tunisia,€1.50m,https://www.transfermarkt.us/ali-abdi/profil/spieler/211474,ali-abdi,211474,Ligue 1,https://img.a.transfermarkt.technology/portrait/header/211474-1669277406.jpg?lm=1
Jonathan Clauss,32,OGC Nice,Right-Back,Defender,France,€7.00m,https://www.transfermarkt.us/jonathan-clauss/profil/spieler/175639,jonathan-clauss,175639,Ligue 1,https://img.a.transfermarkt.technology/portrait/header/175639-1666815234.jpg?lm=1
Antoine Mendy,20,OGC Nice,Right-Back,Defender,France,€2.00m,https://www.transfermarkt.us/antoine-mendy/profil/spieler/891998,antoine-mendy,891998,Ligue 1,https://img.a.transfermarkt.technology/portrait/header/891998-1667549413.jpg?lm=1
Youssouf Ndayishimiye,26,OGC Nice,Defensive Midfield,Midfield,Burundi,€15.00m,https://www.transfermarkt.us/youssouf-ndayishimiye/profil/spieler/674612,youssouf-ndayishimiye,674612,Ligue 1,https://img.a.transfermarkt.technology/portrait/header/674612-1667045688.png?lm=1
Pablo Rosario,27,OGC Nice,Defensive Midfield,Midfield,Netherlands,€8.00m,https://www.transfermarkt.us/pablo-rosario/profil/spieler/370791,pablo-rosario,370791,Ligue 1,https://img.a.transfermarkt.technology/portrait/header/370791-1729863723.jpg?lm=1
Hicham Boudaoui,25,OGC Nice,Central Midfield,Midfield,Algeria,€10.00m,https://www.transfermarkt.us/hicham-boudaoui/profil/spieler/560593,hicham-boudaoui,560593,Ligue 1,https://img.a.transfermarkt.technology/portrait/header/560593-1649428044.jpg?lm=1
Morgan Sanson,30,OGC Nice,Central Midfield,Midfield,France,€8.00m,https://www.transfermarkt.us/morgan-sanson/profil/spieler/174094,morgan-sanson,174094,Ligue 1,https://img.a.transfermarkt.technology/portrait/header/174094-1674519367.jpg?lm=1
Tanguy Ndombélé,27,OGC Nice,Central Midfield,Midfield,France,€8.00m,https://www.transfermarkt.us/tanguy-ndombele/profil/spieler/450936,tanguy-ndombele,450936,Ligue 1,https://img.a.transfermarkt.technology/portrait/header/450936-1561540648.jpg?lm=1
Issiaga Camara,19,OGC Nice,Central Midfield,Midfield,Guinea,€0.1m,https://www.transfermarkt.us/issiaga-camara/profil/spieler/1180835,issiaga-camara,1180835,Ligue 1,https://img.a.transfermarkt.technology/portrait/header/1180835-1732833301.jpg?lm=1
Tom Louchet,21,OGC Nice,Right Midfield,Midfield,France,€3.00m,https://www.transfermarkt.us/tom-louchet/profil/spieler/750904,tom-louchet,750904,Ligue 1,https://img.a.transfermarkt.technology/portrait/header/750904-1714473093.jpg?lm=1
Rareș Ilie,21,OGC Nice,Attacking Midfield,Midfield,Romania,€2.00m,https://www.transfermarkt.us/rares-ilie/profil/spieler/812654,rares-ilie,812654,Ligue 1,https://img.a.transfermarkt.technology/portrait/header/812654-1667549482.jpg?lm=1
Jérémie Boga,27,OGC Nice,Left Winger,Attack,Cote d'Ivoire,€15.00m,https://www.transfermarkt.us/jeremie-boga/profil/spieler/216569,jeremie-boga,216569,Ligue 1,https://img.a.transfermarkt.technology/portrait/header/216569-1661509174.jpg?lm=1
Sofiane Diop,24,OGC Nice,Left Winger,Attack,Morocco,€12.00m,https://www.transfermarkt.us/sofiane-diop/profil/spieler/569389,sofiane-diop,569389,Ligue 1,https://img.a.transfermarkt.technology/portrait/header/569389-1614091046.jpg?lm=1
Mohamed-Ali Cho,20,OGC Nice,Right Winger,Attack,France,€12.00m,https://www.transfermarkt.us/mohamed-ali-cho/profil/spieler/670847,mohamed-ali-cho,670847,Ligue 1,https://img.a.transfermarkt.technology/portrait/header/670847-1655064069.jpg?lm=1
Badredine Bouanani,19,OGC Nice,Right Winger,Attack,Algeria,€5.00m,https://www.transfermarkt.us/badredine-bouanani/profil/spieler/707242,badredine-bouanani,707242,Ligue 1,https://img.a.transfermarkt.technology/portrait/header/707242-1674921221.jpg?lm=1
Terem Moffi,25,OGC Nice,Centre-Forward,Attack,Nigeria,€20.00m,https://www.transfermarkt.us/terem-moffi/profil/spieler/538874,terem-moffi,538874,Ligue 1,https://img.a.transfermarkt.technology/portrait/header/538874-1603021287.jpg?lm=1
Youssoufa Moukoko,20,OGC Nice,Centre-Forward,Attack,Germany,€20.00m,https://www.transfermarkt.us/youssoufa-moukoko/profil/spieler/467720,youssoufa-moukoko,467720,Ligue 1,https://img.a.transfermarkt.technology/portrait/header/467720-1709561463.jpg?lm=1
Evann Guessand,23,OGC Nice,Centre-Forward,Attack,Cote d'Ivoire,€12.00m,https://www.transfermarkt.us/evann-guessand/profil/spieler/500689,evann-guessand,500689,Ligue 1,https://img.a.transfermarkt.technology/portrait/header/500689-1596556363.jpg?lm=1
Gaëtan Laborde,30,OGC Nice,Centre-Forward,Attack,France,€8.00m,https://www.transfermarkt.us/gaetan-laborde/profil/spieler/181378,gaetan-laborde,181378,Ligue 1,https://img.a.transfermarkt.technology/portrait/header/181378-1596553589.jpg?lm=1
Victor Orakpo,18,OGC Nice,Centre-Forward,Attack,Nigeria,€0.5m,https://www.transfermarkt.us/victor-orakpo/profil/spieler/1231401,victor-orakpo,1231401,Ligue 1,https://img.a.transfermarkt.technology/portrait/header/1231401-1732833262.jpg?lm=1
Lucas Perri,26,Olympique Lyon,Goalkeeper,Goalkeeper,Brazil,€6.00m,https://www.transfermarkt.us/lucas-perri/profil/spieler/352041,lucas-perri,352041,Ligue 1,https://img.a.transfermarkt.technology/portrait/header/352041-1733188777.jpg?lm=1
Anthony Lopes,34,Olympique Lyon,Goalkeeper,Goalkeeper,Portugal,€2.00m,https://www.transfermarkt.us/anthony-lopes/profil/spieler/60561,anthony-lopes,60561,Ligue 1,https://img.a.transfermarkt.technology/portrait/header/60561-1640775949.jpg?lm=1
Rémy Descamps,28,Olympique Lyon,Goalkeeper,Goalkeeper,France,€1.50m,https://www.transfermarkt.us/remy-descamps/profil/spieler/282028,remy-descamps,282028,Ligue 1,https://img.a.transfermarkt.technology/portrait/header/282028-1608790532.jpg?lm=1
Justin Bengui Joao,19,Olympique Lyon,Goalkeeper,Goalkeeper,France,€0.3m,https://www.transfermarkt.us/justin-bengui-joao/profil/spieler/802986,justin-bengui-joao,802986,Ligue 1,https://img.a.transfermarkt.technology/portrait/header/802986-1706082699.jpg?lm=1
Moussa Niakhaté,28,Olympique Lyon,Centre-Back,Defender,Senegal,€15.00m,https://www.transfermarkt.us/moussa-niakhate/profil/spieler/291200,moussa-niakhate,291200,Ligue 1,https://img.a.transfermarkt.technology/portrait/header/291200-1700737208.jpg?lm=1
Warmed Omari,24,Olympique Lyon,Centre-Back,Defender,Comoros,€8.00m,https://www.transfermarkt.us/warmed-omari/profil/spieler/711996,warmed-omari,711996,Ligue 1,https://img.a.transfermarkt.technology/portrait/header/711996-1632760467.jpg?lm=1
Duje Caleta-Car,28,Olympique Lyon,Centre-Back,Defender,Croatia,€7.00m,https://www.transfermarkt.us/duje-caleta-car/profil/spieler/238266,duje-caleta-car,238266,Ligue 1,https://img.a.transfermarkt.technology/portrait/header/238266-1662069879.jpg?lm=1
Nicolás Tagliafico,32,Olympique Lyon,Left-Back,Defender,Argentina,€8.00m,https://www.transfermarkt.us/nicolas-tagliafico/profil/spieler/131225,nicolas-tagliafico,131225,Ligue 1,https://img.a.transfermarkt.technology/portrait/header/131225-1668181437.jpg?lm=1
Abner,24,Olympique Lyon,Left-Back,Defender,Brazil,€7.00m,https://www.transfermarkt.us/abner/profil/spieler/646402,abner,646402,Ligue 1,https://img.a.transfermarkt.technology/portrait/header/646402-1727464001.jpg?lm=1
Ainsley Maitland-Niles,27,Olympique Lyon,Right-Back,Defender,England,€9.00m,https://www.transfermarkt.us/ainsley-maitland-niles/profil/spieler/285845,ainsley-maitland-niles,285845,Ligue 1,https://img.a.transfermarkt.technology/portrait/header/285845-1702991138.jpg?lm=1
Saël Kumbedi,19,Olympique Lyon,Right-Back,Defender,France,€5.00m,https://www.transfermarkt.us/sael-kumbedi/profil/spieler/951579,sael-kumbedi,951579,Ligue 1,https://img.a.transfermarkt.technology/portrait/header/951579-1672831110.jpg?lm=1
Clinton Mata,32,Olympique Lyon,Right-Back,Defender,Angola,€4.00m,https://www.transfermarkt.us/clinton-mata/profil/spieler/187718,clinton-mata,187718,Ligue 1,https://img.a.transfermarkt.technology/portrait/header/187718-1616529648.jpg?lm=1
Irvyn Lomami,20,Olympique Lyon,Right-Back,Defender,France,€0.15m,https://www.transfermarkt.us/irvyn-lomami/profil/spieler/802987,irvyn-lomami,802987,Ligue 1,https://img.a.transfermarkt.technology/portrait/header/default.jpg?lm=1
Tanner Tessmann,23,Olympique Lyon,Defensive Midfield,Midfield,United States,€7.00m,https://www.transfermarkt.us/tanner-tessmann/profil/spieler/670096,tanner-tessmann,670096,Ligue 1,https://img.a.transfermarkt.technology/portrait/header/670096-1722196121.jpg?lm=1
Nemanja Matic,36,Olympique Lyon,Defensive Midfield,Midfield,Serbia,€3.00m,https://www.transfermarkt.us/nemanja-matic/profil/spieler/74683,nemanja-matic,74683,Ligue 1,https://img.a.transfermarkt.technology/portrait/header/74683-1655212906.jpg?lm=1
Paul Akouokou,26,Olympique Lyon,Defensive Midfield,Midfield,Cote d'Ivoire,€1.00m,https://www.transfermarkt.us/paul-akouokou/profil/spieler/429901,paul-akouokou,429901,Ligue 1,https://img.a.transfermarkt.technology/portrait/header/429901-1702991425.jpg?lm=1
Maxence Caqueret,24,Olympique Lyon,Central Midfield,Midfield,France,€18.00m,https://www.transfermarkt.us/maxence-caqueret/profil/spieler/395237,maxence-caqueret,395237,Ligue 1,https://img.a.transfermarkt.technology/portrait/header/395237-1672831706.jpg?lm=1
Jordan Veretout,31,Olympique Lyon,Central Midfield,Midfield,France,€8.00m,https://www.transfermarkt.us/jordan-veretout/profil/spieler/164771,jordan-veretout,164771,Ligue 1,https://img.a.transfermarkt.technology/portrait/header/164771-1666815169.jpg?lm=1
Corentin Tolisso,30,Olympique Lyon,Central Midfield,Midfield,France,€5.00m,https://www.transfermarkt.us/corentin-tolisso/profil/spieler/190393,corentin-tolisso,190393,Ligue 1,https://img.a.transfermarkt.technology/portrait/header/190393-1672830594.jpg?lm=1
Mahamadou Diawara,19,Olympique Lyon,Central Midfield,Midfield,France,€3.00m,https://www.transfermarkt.us/mahamadou-diawara/profil/spieler/1053147,mahamadou-diawara,1053147,Ligue 1,https://img.a.transfermarkt.technology/portrait/header/1053147-1713179514.jpeg?lm=1
Rayan Cherki,21,Olympique Lyon,Attacking Midfield,Midfield,France,€20.00m,https://www.transfermarkt.us/rayan-cherki/profil/spieler/607223,rayan-cherki,607223,Ligue 1,https://img.a.transfermarkt.technology/portrait/header/607223-1672831487.jpg?lm=1
Malick Fofana,19,Olympique Lyon,Left Winger,Attack,Belgium,€15.00m,https://www.transfermarkt.us/malick-fofana/profil/spieler/743386,malick-fofana,743386,Ligue 1,https://img.a.transfermarkt.technology/portrait/header/743386-1676881156.jpg?lm=1
Saïd Benrahma,29,Olympique Lyon,Left Winger,Attack,Algeria,€15.00m,https://www.transfermarkt.us/said-benrahma/profil/spieler/290532,said-benrahma,290532,Ligue 1,https://img.a.transfermarkt.technology/portrait/header/290532-1686212081.jpg?lm=1
Wilfried Zaha,32,Olympique Lyon,Left Winger,Attack,Cote d'Ivoire,€10.00m,https://www.transfermarkt.us/wilfried-zaha/profil/spieler/145988,wilfried-zaha,145988,Ligue 1,https://img.a.transfermarkt.technology/portrait/header/145988-1701182730.png?lm=1
Ernest Nuamah,21,Olympique Lyon,Right Winger,Attack,Ghana,€18.00m,https://www.transfermarkt.us/ernest-nuamah/profil/spieler/955070,ernest-nuamah,955070,Ligue 1,https://img.a.transfermarkt.technology/portrait/header/955070-1702991257.jpg?lm=1
Georges Mikautadze,24,Olympique Lyon,Centre-Forward,Attack,Georgia,€20.00m,https://www.transfermarkt.us/georges-mikautadze/profil/spieler/729814,georges-mikautadze,729814,Ligue 1,https://img.a.transfermarkt.technology/portrait/header/729814-1719222514.jpg?lm=1
Gift Orban,22,Olympique Lyon,Centre-Forward,Attack,Nigeria,€15.00m,https://www.transfermarkt.us/gift-orban/profil/spieler/1018259,gift-orban,1018259,Ligue 1,https://img.a.transfermarkt.technology/portrait/header/1018259-1701690897.jpg?lm=1
Alexandre Lacazette,33,Olympique Lyon,Centre-Forward,Attack,France,€9.00m,https://www.transfermarkt.us/alexandre-lacazette/profil/spieler/93720,alexandre-lacazette,93720,Ligue 1,https://img.a.transfermarkt.technology/portrait/header/93720-1672830448.jpg?lm=1
Brice Samba,30,RC Lens,Goalkeeper,Goalkeeper,France,€15.00m,https://www.transfermarkt.us/brice-samba/profil/spieler/191056,brice-samba,191056,Ligue 1,https://img.a.transfermarkt.technology/portrait/header/191056-1602242038.jpg?lm=1
Hervé Koffi,28,RC Lens,Goalkeeper,Goalkeeper,Burkina Faso,€2.00m,https://www.transfermarkt.us/herve-koffi/profil/spieler/415383,herve-koffi,415383,Ligue 1,https://img.a.transfermarkt.technology/portrait/header/415383-1672499883.jpg?lm=1
Denis Petric,36,RC Lens,Goalkeeper,Goalkeeper,Slovenia,€0.1m,https://www.transfermarkt.us/denis-petric/profil/spieler/28356,denis-petric,28356,Ligue 1,https://img.a.transfermarkt.technology/portrait/header/28356-1703065287.jpg?lm=1
Kevin Danso,26,RC Lens,Centre-Back,Defender,Austria,€25.00m,https://www.transfermarkt.us/kevin-danso/profil/spieler/263236,kevin-danso,263236,Ligue 1,https://img.a.transfermarkt.technology/portrait/header/263236-1691217955.png?lm=1
Facundo Medina,25,RC Lens,Centre-Back,Defender,Argentina,€25.00m,https://www.transfermarkt.us/facundo-medina/profil/spieler/474800,facundo-medina,474800,Ligue 1,https://img.a.transfermarkt.technology/portrait/header/474800-1653402999.jpg?lm=1
Abdukodir Khusanov,20,RC Lens,Centre-Back,Defender,Uzbekistan,€5.00m,https://www.transfermarkt.us/abdukodir-khusanov/profil/spieler/763079,abdukodir-khusanov,763079,Ligue 1,https://img.a.transfermarkt.technology/portrait/header/763079-1684599647.png?lm=1
Jonathan Gradit,32,RC Lens,Centre-Back,Defender,France,€4.50m,https://www.transfermarkt.us/jonathan-gradit/profil/spieler/126557,jonathan-gradit,126557,Ligue 1,https://img.a.transfermarkt.technology/portrait/header/126557-1544023393.jpg?lm=1
Malang Sarr,25,RC Lens,Centre-Back,Defender,France,€4.00m,https://www.transfermarkt.us/malang-sarr/profil/spieler/344596,malang-sarr,344596,Ligue 1,https://img.a.transfermarkt.technology/portrait/header/344596-1606395203.png?lm=1
Sidi Bane,20,RC Lens,Centre-Back,Defender,Senegal,€0.3m,https://www.transfermarkt.us/sidi-bane/profil/spieler/1000828,sidi-bane,1000828,Ligue 1,https://img.a.transfermarkt.technology/portrait/header/1000828-1683655201.png?lm=1
Ismaëlo Ganiou,19,RC Lens,Centre-Back,Defender,France,€0.0m,https://www.transfermarkt.us/ismaelo-ganiou/profil/spieler/1020191,ismaelo-ganiou,1020191,Ligue 1,https://img.a.transfermarkt.technology/portrait/header/default.jpg?lm=1
Deiver Machado,31,RC Lens,Left-Back,Defender,Colombia,€4.00m,https://www.transfermarkt.us/deiver-machado/profil/spieler/332560,deiver-machado,332560,Ligue 1,https://img.a.transfermarkt.technology/portrait/header/332560-1704797088.jpg?lm=1
Jhoanner Chávez,22,RC Lens,Left-Back,Defender,Ecuador,€4.00m,https://www.transfermarkt.us/jhoanner-chavez/profil/spieler/713787,jhoanner-chavez,713787,Ligue 1,https://img.a.transfermarkt.technology/portrait/header/713787-1656676313.JPG?lm=1
Ruben Aguilar,31,RC Lens,Right-Back,Defender,France,€5.00m,https://www.transfermarkt.us/ruben-aguilar/profil/spieler/203746,ruben-aguilar,203746,Ligue 1,https://img.a.transfermarkt.technology/portrait/header/203746-1614090581.jpg?lm=1
Nampalys Mendy,32,RC Lens,Defensive Midfield,Midfield,Senegal,€2.50m,https://www.transfermarkt.us/nampalys-mendy/profil/spieler/111051,nampalys-mendy,111051,Ligue 1,https://img.a.transfermarkt.technology/portrait/header/111051-1547722265.jpg?lm=1
Hamzat Ojediran,21,RC Lens,Defensive Midfield,Midfield,Nigeria,€1.20m,https://www.transfermarkt.us/hamzat-ojediran/profil/spieler/718312,hamzat-ojediran,718312,Ligue 1,https://img.a.transfermarkt.technology/portrait/header/718312-1723133488.jpg?lm=1
Tom Pouilly,21,RC Lens,Defensive Midfield,Midfield,France,€0.0m,https://www.transfermarkt.us/tom-pouilly/profil/spieler/917817,tom-pouilly,917817,Ligue 1,https://img.a.transfermarkt.technology/portrait/header/917817-1699472291.jpg?lm=1
Andy Diouf,21,RC Lens,Central Midfield,Midfield,France,€9.00m,https://www.transfermarkt.us/andy-diouf/profil/spieler/711976,andy-diouf,711976,Ligue 1,https://img.a.transfermarkt.technology/portrait/header/711976-1637070021.jpg?lm=1
Neil El Aynaoui,23,RC Lens,Central Midfield,Midfield,Morocco,€8.00m,https://www.transfermarkt.us/neil-el-aynaoui/profil/spieler/901019,neil-el-aynaoui,901019,Ligue 1,https://img.a.transfermarkt.technology/portrait/header/901019-1685539384.jpg?lm=1
Przemyslaw Frankowski,29,RC Lens,Right Midfield,Midfield,Poland,€9.00m,https://www.transfermarkt.us/przemyslaw-frankowski/profil/spieler/239743,przemyslaw-frankowski,239743,Ligue 1,https://img.a.transfermarkt.technology/portrait/header/239743-1669189009.jpg?lm=1
Jimmy Cabot,30,RC Lens,Right Midfield,Midfield,France,€2.50m,https://www.transfermarkt.us/jimmy-cabot/profil/spieler/206912,jimmy-cabot,206912,Ligue 1,https://img.a.transfermarkt.technology/portrait/header/206912-1704795705.jpg?lm=1
Anass Zaroury,24,RC Lens,Attacking Midfield,Midfield,Morocco,€9.00m,https://www.transfermarkt.us/anass-zaroury/profil/spieler/491296,anass-zaroury,491296,Ligue 1,https://img.a.transfermarkt.technology/portrait/header/491296-1626771045.jpg?lm=1
David Pereira da Costa,23,RC Lens,Attacking Midfield,Midfield,Portugal,€8.00m,https://www.transfermarkt.us/david-pereira-da-costa/profil/spieler/719442,david-pereira-da-costa,719442,Ligue 1,https://img.a.transfermarkt.technology/portrait/header/719442-1630606082.jpg?lm=1
Angelo Fulgini,28,RC Lens,Attacking Midfield,Midfield,France,€7.00m,https://www.transfermarkt.us/angelo-fulgini/profil/spieler/250013,angelo-fulgini,250013,Ligue 1,https://img.a.transfermarkt.technology/portrait/header/250013-1657707374.jpg?lm=1
Adrien Thomasson,30,RC Lens,Attacking Midfield,Midfield,France,€5.00m,https://www.transfermarkt.us/adrien-thomasson/profil/spieler/215977,adrien-thomasson,215977,Ligue 1,https://img.a.transfermarkt.technology/portrait/header/215977-1673538425.jpg?lm=1
M'Bala Nzola,28,RC Lens,Centre-Forward,Attack,Angola,€7.00m,https://www.transfermarkt.us/mbala-nzola/profil/spieler/354814,mbala-nzola,354814,Ligue 1,https://img.a.transfermarkt.technology/portrait/header/354814-1664974000.jpg?lm=1
Martín Satriano,23,RC Lens,Centre-Forward,Attack,Uruguay,€7.00m,https://www.transfermarkt.us/martin-satriano/profil/spieler/640109,martin-satriano,640109,Ligue 1,https://img.a.transfermarkt.technology/portrait/header/640109-1626685122.jpg?lm=1
Wesley Saïd,29,RC Lens,Centre-Forward,Attack,France,€4.00m,https://www.transfermarkt.us/wesley-said/profil/spieler/182916,wesley-said,182916,Ligue 1,https://img.a.transfermarkt.technology/portrait/header/182916-1593971458.jpg?lm=1
Florian Sotoca,34,RC Lens,Centre-Forward,Attack,France,€3.00m,https://www.transfermarkt.us/florian-sotoca/profil/spieler/354726,florian-sotoca,354726,Ligue 1,https://img.a.transfermarkt.technology/portrait/header/354726-1701294869.jpg?lm=1
Rémy Labeau Lascary,21,RC Lens,Centre-Forward,Attack,Guadeloupe,€1.50m,https://www.transfermarkt.us/remy-labeau-lascary/profil/spieler/917778,remy-labeau-lascary,917778,Ligue 1,https://img.a.transfermarkt.technology/portrait/header/917778-1676913774.jpg?lm=1
Gerónimo Rulli,32,Olympique Marseille,Goalkeeper,Goalkeeper,Argentina,€5.00m,https://www.transfermarkt.us/geronimo-rulli/profil/spieler/229604,geronimo-rulli,229604,Ligue 1,https://img.a.transfermarkt.technology/portrait/header/229604-1698670758.jpg?lm=1
Jeffrey de Lange,26,Olympique Marseille,Goalkeeper,Goalkeeper,Netherlands,€3.00m,https://www.transfermarkt.us/jeffrey-de-lange/profil/spieler/315253,jeffrey-de-lange,315253,Ligue 1,https://img.a.transfermarkt.technology/portrait/header/315253-1723035184.jpg?lm=1
Rubén Blanco,29,Olympique Marseille,Goalkeeper,Goalkeeper,Spain,€2.00m,https://www.transfermarkt.us/ruben-blanco/profil/spieler/199321,ruben-blanco,199321,Ligue 1,https://img.a.transfermarkt.technology/portrait/header/199321-1676905860.jpg?lm=1
Leonardo Balerdi,25,Olympique Marseille,Centre-Back,Defender,Argentina,€20.00m,https://www.transfermarkt.us/leonardo-balerdi/profil/spieler/575998,leonardo-balerdi,575998,Ligue 1,https://img.a.transfermarkt.technology/portrait/header/575998-1640777749.jpg?lm=1
Lilian Brassier,25,Olympique Marseille,Centre-Back,Defender,France,€12.00m,https://www.transfermarkt.us/lilian-brassier/profil/spieler/485960,lilian-brassier,485960,Ligue 1,https://img.a.transfermarkt.technology/portrait/header/485960-1623749516.jpg?lm=1
Chancel Mbemba,30,Olympique Marseille,Centre-Back,Defender,DR Congo,€8.00m,https://www.transfermarkt.us/chancel-mbemba/profil/spieler/203348,chancel-mbemba,203348,Ligue 1,https://img.a.transfermarkt.technology/portrait/header/203348-1666814922.jpg?lm=1
Bamo Meïté,22,Olympique Marseille,Centre-Back,Defender,Cote d'Ivoire,€7.00m,https://www.transfermarkt.us/bamo-meite/profil/spieler/807165,bamo-meite,807165,Ligue 1,https://img.a.transfermarkt.technology/portrait/header/807165-1724754649.jpg?lm=1
Derek Cornelius,27,Olympique Marseille,Centre-Back,Defender,Canada,€4.00m,https://www.transfermarkt.us/derek-cornelius/profil/spieler/328609,derek-cornelius,328609,Ligue 1,https://img.a.transfermarkt.technology/portrait/header/328609-1618857970.jpg?lm=1
Quentin Merlin,22,Olympique Marseille,Left-Back,Defender,France,€10.00m,https://www.transfermarkt.us/quentin-merlin/profil/spieler/557613,quentin-merlin,557613,Ligue 1,https://img.a.transfermarkt.technology/portrait/header/557613-1704213356.jpg?lm=1
Ulisses Garcia,28,Olympique Marseille,Left-Back,Defender,Switzerland,€4.00m,https://www.transfermarkt.us/ulisses-garcia/profil/spieler/192616,ulisses-garcia,192616,Ligue 1,https://img.a.transfermarkt.technology/portrait/header/192616-1700236348.jpg?lm=1
Amir Murillo,28,Olympique Marseille,Right-Back,Defender,Panama,€5.00m,https://www.transfermarkt.us/amir-murillo/profil/spieler/354482,amir-murillo,354482,Ligue 1,https://img.a.transfermarkt.technology/portrait/header/354482-1719228286.jpg?lm=1
Pol Lirola,27,Olympique Marseille,Right-Back,Defender,Spain,€2.50m,https://www.transfermarkt.us/pol-lirola/profil/spieler/298975,pol-lirola,298975,Ligue 1,https://img.a.transfermarkt.technology/portrait/header/298975-1673514557.jpg?lm=1
Pierre-Emile Højbjerg,29,Olympique Marseille,Defensive Midfield,Midfield,Denmark,€20.00m,https://www.transfermarkt.us/pierre-emile-hojbjerg/profil/spieler/167799,pierre-emile-hojbjerg,167799,Ligue 1,https://img.a.transfermarkt.technology/portrait/header/167799-1629882773.jpg?lm=1
Geoffrey Kondogbia,31,Olympique Marseille,Defensive Midfield,Midfield,Central African Republic,€9.00m,https://www.transfermarkt.us/geoffrey-kondogbia/profil/spieler/127189,geoffrey-kondogbia,127189,Ligue 1,https://img.a.transfermarkt.technology/portrait/header/127189-1703066053.jpg?lm=1
Adrien Rabiot,29,Olympique Marseille,Central Midfield,Midfield,France,€30.00m,https://www.transfermarkt.us/adrien-rabiot/profil/spieler/182913,adrien-rabiot,182913,Ligue 1,https://img.a.transfermarkt.technology/portrait/header/182913-1681462009.jpg?lm=1
Ismaël Koné,22,Olympique Marseille,Central Midfield,Midfield,Canada,€12.00m,https://www.transfermarkt.us/ismael-kone/profil/spieler/921655,ismael-kone,921655,Ligue 1,https://img.a.transfermarkt.technology/portrait/header/921655-1646130817.jpg?lm=1
Valentin Rongier,29,Olympique Marseille,Central Midfield,Midfield,France,€10.00m,https://www.transfermarkt.us/valentin-rongier/profil/spieler/332889,valentin-rongier,332889,Ligue 1,https://img.a.transfermarkt.technology/portrait/header/332889-1703065877.jpg?lm=1
Bilal Nadir,21,Olympique Marseille,Central Midfield,Midfield,Morocco,€0.5m,https://www.transfermarkt.us/bilal-nadir/profil/spieler/659520,bilal-nadir,659520,Ligue 1,https://img.a.transfermarkt.technology/portrait/header/659520-1653405768.jpg?lm=1
Gaël Lafont,18,Olympique Marseille,Central Midfield,Midfield,France,€0.0m,https://www.transfermarkt.us/gael-lafont/profil/spieler/955358,gael-lafont,955358,Ligue 1,https://img.a.transfermarkt.technology/portrait/header/955358-1725448244.jpg?lm=1
Valentín Carboni,19,Olympique Marseille,Attacking Midfield,Midfield,Argentina,€15.00m,https://www.transfermarkt.us/valentin-carboni/profil/spieler/787618,valentin-carboni,787618,Ligue 1,https://img.a.transfermarkt.technology/portrait/header/787618-1667405332.jpg?lm=1
Amine Harit,27,Olympique Marseille,Attacking Midfield,Midfield,Morocco,€15.00m,https://www.transfermarkt.us/amine-harit/profil/spieler/372711,amine-harit,372711,Ligue 1,https://img.a.transfermarkt.technology/portrait/header/372711-1666815306.jpg?lm=1
Darryl Bakola,17,Olympique Marseille,Attacking Midfield,Midfield,France,€0.0m,https://www.transfermarkt.us/darryl-bakola/profil/spieler/1170286,darryl-bakola,1170286,Ligue 1,https://img.a.transfermarkt.technology/portrait/header/default.jpg?lm=1
Luis Henrique,22,Olympique Marseille,Left Winger,Attack,Brazil,€12.00m,https://www.transfermarkt.us/luis-henrique/profil/spieler/691316,luis-henrique,691316,Ligue 1,https://img.a.transfermarkt.technology/portrait/header/691316-1632769083.jpg?lm=1
Jonathan Rowe,21,Olympique Marseille,Left Winger,Attack,England,€10.00m,https://www.transfermarkt.us/jonathan-rowe/profil/spieler/672381,jonathan-rowe,672381,Ligue 1,https://img.a.transfermarkt.technology/portrait/header/672381-1708003554.jpg?lm=1
Enzo Sternal,17,Olympique Marseille,Left Winger,Attack,France,€1.50m,https://www.transfermarkt.us/enzo-sternal/profil/spieler/1075589,enzo-sternal,1075589,Ligue 1,https://img.a.transfermarkt.technology/portrait/header/1075589-1725447900.jpg?lm=1
Mason Greenwood,23,Olympique Marseille,Right Winger,Attack,England,€35.00m,https://www.transfermarkt.us/mason-greenwood/profil/spieler/532826,mason-greenwood,532826,Ligue 1,https://img.a.transfermarkt.technology/portrait/header/532826-1693987766.jpg?lm=1
François Mughe,20,Olympique Marseille,Right Winger,Attack,Cameroon,€0.8m,https://www.transfermarkt.us/francois-mughe/profil/spieler/1027216,francois-mughe,1027216,Ligue 1,https://img.a.transfermarkt.technology/portrait/header/1027216-1703065950.jpg?lm=1
Keyliane Abdallah,18,Olympique Marseille,Right Winger,Attack,France,€0.0m,https://www.transfermarkt.us/keyliane-abdallah/profil/spieler/1183719,keyliane-abdallah,1183719,Ligue 1,https://img.a.transfermarkt.technology/portrait/header/default.jpg?lm=1
Elye Wahi,21,Olympique Marseille,Centre-Forward,Attack,France,€30.00m,https://www.transfermarkt.us/elye-wahi/profil/spieler/659542,elye-wahi,659542,Ligue 1,https://img.a.transfermarkt.technology/portrait/header/659542-1692791720.jpg?lm=1
Neal Maupay,28,Olympique Marseille,Centre-Forward,Attack,France,€12.00m,https://www.transfermarkt.us/neal-maupay/profil/spieler/217115,neal-maupay,217115,Ligue 1,https://img.a.transfermarkt.technology/portrait/header/217115-1700737951.jpg?lm=1
Faris Moumbagna,24,Olympique Marseille,Centre-Forward,Attack,Cameroon,€10.00m,https://www.transfermarkt.us/faris-moumbagna/profil/spieler/599663,faris-moumbagna,599663,Ligue 1,https://img.a.transfermarkt.technology/portrait/header/599663-1699864871.jpg?lm=1
Yehvann Diouf,25,Stade Reims,Goalkeeper,Goalkeeper,France,€8.00m,https://www.transfermarkt.us/yehvann-diouf/profil/spieler/448632,yehvann-diouf,448632,Ligue 1,https://img.a.transfermarkt.technology/portrait/header/448632-1723831136.png?lm=1
Alexandre Olliero,28,Stade Reims,Goalkeeper,Goalkeeper,France,€0.4m,https://www.transfermarkt.us/alexandre-olliero/profil/spieler/395602,alexandre-olliero,395602,Ligue 1,https://img.a.transfermarkt.technology/portrait/header/395602-1723831771.png?lm=1
Ludovic Butelle,41,Stade Reims,Goalkeeper,Goalkeeper,France,€0.1m,https://www.transfermarkt.us/ludovic-butelle/profil/spieler/12029,ludovic-butelle,12029,Ligue 1,https://img.a.transfermarkt.technology/portrait/header/12029-1723831895.png?lm=1
Joseph Okumu,27,Stade Reims,Centre-Back,Defender,Kenya,€9.00m,https://www.transfermarkt.us/joseph-okumu/profil/spieler/453376,joseph-okumu,453376,Ligue 1,https://img.a.transfermarkt.technology/portrait/header/453376-1723832031.png?lm=1
Emmanuel Agbadou,27,Stade Reims,Centre-Back,Defender,Cote d'Ivoire,€9.00m,https://www.transfermarkt.us/emmanuel-agbadou/profil/spieler/683895,emmanuel-agbadou,683895,Ligue 1,https://img.a.transfermarkt.technology/portrait/header/683895-1723821154.png?lm=1
Cédric Kipré,27,Stade Reims,Centre-Back,Defender,Cote d'Ivoire,€2.50m,https://www.transfermarkt.us/cedric-kipre/profil/spieler/364827,cedric-kipre,364827,Ligue 1,https://img.a.transfermarkt.technology/portrait/header/364827-1723832143.png?lm=1
Abdoul Koné,19,Stade Reims,Centre-Back,Defender,France,€0.5m,https://www.transfermarkt.us/abdoul-kone/profil/spieler/1130445,abdoul-kone,1130445,Ligue 1,https://img.a.transfermarkt.technology/portrait/header/1130445-1723838146.png?lm=1
Sergio Akieme,26,Stade Reims,Left-Back,Defender,Spain,€7.00m,https://www.transfermarkt.us/sergio-akieme/profil/spieler/355627,sergio-akieme,355627,Ligue 1,https://img.a.transfermarkt.technology/portrait/header/355627-1723835849.png?lm=1
Thibault De Smet,26,Stade Reims,Left-Back,Defender,Belgium,€3.00m,https://www.transfermarkt.us/thibault-de-smet/profil/spieler/340177,thibault-de-smet,340177,Ligue 1,https://img.a.transfermarkt.technology/portrait/header/340177-1723835956.png?lm=1
Nhoa Sangui,18,Stade Reims,Left-Back,Defender,France,€1.50m,https://www.transfermarkt.us/nhoa-sangui/profil/spieler/955281,nhoa-sangui,955281,Ligue 1,https://img.a.transfermarkt.technology/portrait/header/955281-1723838815.png?lm=1
Aurélio Buta,27,Stade Reims,Right-Back,Defender,Portugal,€5.00m,https://www.transfermarkt.us/aurelio-buta/profil/spieler/258039,aurelio-buta,258039,Ligue 1,https://img.a.transfermarkt.technology/portrait/header/258039-1725288770.png?lm=1
Maxime Busi,25,Stade Reims,Right-Back,Defender,Belgium,€1.50m,https://www.transfermarkt.us/maxime-busi/profil/spieler/570817,maxime-busi,570817,Ligue 1,https://img.a.transfermarkt.technology/portrait/header/570817-1672838490.jpg?lm=1
Gabriel Moscardo,19,Stade Reims,Defensive Midfield,Midfield,Brazil,€15.00m,https://www.transfermarkt.us/gabriel-moscardo/profil/spieler/1086636,gabriel-moscardo,1086636,Ligue 1,https://img.a.transfermarkt.technology/portrait/header/1086636-1724752763.png?lm=1
Amadou Koné,19,Stade Reims,Defensive Midfield,Midfield,Cote d'Ivoire,€0.5m,https://www.transfermarkt.us/amadou-kone/profil/spieler/1178474,amadou-kone,1178474,Ligue 1,https://img.a.transfermarkt.technology/portrait/header/1178474-1723820351.png?lm=1
Marshall Munetsi,28,Stade Reims,Central Midfield,Midfield,Zimbabwe,€10.00m,https://www.transfermarkt.us/marshall-munetsi/profil/spieler/414908,marshall-munetsi,414908,Ligue 1,https://img.a.transfermarkt.technology/portrait/header/414908-1723836952.png?lm=1
Teddy Teuma,31,Stade Reims,Central Midfield,Midfield,Malta,€7.00m,https://www.transfermarkt.us/teddy-teuma/profil/spieler/409153,teddy-teuma,409153,Ligue 1,https://img.a.transfermarkt.technology/portrait/header/409153-1723821029.png?lm=1
Valentin Atangana,19,Stade Reims,Central Midfield,Midfield,France,€5.00m,https://www.transfermarkt.us/valentin-atangana/profil/spieler/923759,valentin-atangana,923759,Ligue 1,https://img.a.transfermarkt.technology/portrait/header/923759-1723836219.png?lm=1
Yaya Fofana,20,Stade Reims,Central Midfield,Midfield,Cote d'Ivoire,€3.00m,https://www.transfermarkt.us/yaya-fofana/profil/spieler/1044893,yaya-fofana,1044893,Ligue 1,https://img.a.transfermarkt.technology/portrait/header/1044893-1723838377.png?lm=1
Reda Khadra,23,Stade Reims,Attacking Midfield,Midfield,Germany,€3.00m,https://www.transfermarkt.us/reda-khadra/profil/spieler/405686,reda-khadra,405686,Ligue 1,https://img.a.transfermarkt.technology/portrait/header/405686-1723836051.png?lm=1
Mohamed Daramy,22,Stade Reims,Left Winger,Attack,Denmark,€10.00m,https://www.transfermarkt.us/mohamed-daramy/profil/spieler/574385,mohamed-daramy,574385,Ligue 1,https://img.a.transfermarkt.technology/portrait/header/574385-1723837255.png?lm=1
Keito Nakamura,24,Stade Reims,Left Winger,Attack,Japan,€10.00m,https://www.transfermarkt.us/keito-nakamura/profil/spieler/405397,keito-nakamura,405397,Ligue 1,https://img.a.transfermarkt.technology/portrait/header/405397-1723837290.png?lm=1
Mamadou Diakhon,19,Stade Reims,Left Winger,Attack,France,€0.7m,https://www.transfermarkt.us/mamadou-diakhon/profil/spieler/1054839,mamadou-diakhon,1054839,Ligue 1,https://img.a.transfermarkt.technology/portrait/header/1054839-1723837204.png?lm=1
Junya Ito,31,Stade Reims,Right Winger,Attack,Japan,€8.00m,https://www.transfermarkt.us/junya-ito/profil/spieler/348791,junya-ito,348791,Ligue 1,https://img.a.transfermarkt.technology/portrait/header/348791-1723820780.png?lm=1
Oumar Diakité,20,Stade Reims,Centre-Forward,Attack,Cote d'Ivoire,€6.00m,https://www.transfermarkt.us/oumar-diakite/profil/spieler/847279,oumar-diakite,847279,Ligue 1,https://img.a.transfermarkt.technology/portrait/header/847279-1723837401.png?lm=1
Amine Salama,24,Stade Reims,Centre-Forward,Attack,France,€2.00m,https://www.transfermarkt.us/amine-salama/profil/spieler/980576,amine-salama,980576,Ligue 1,https://img.a.transfermarkt.technology/portrait/header/980576-1723837386.png?lm=1
Doğan Alemdar,22,Stade Rennais FC,Goalkeeper,Goalkeeper,Türkiye,€2.50m,https://www.transfermarkt.us/dogan-alemdar/profil/spieler/576033,dogan-alemdar,576033,Ligue 1,https://img.a.transfermarkt.technology/portrait/header/576033-1643968658.jpg?lm=1
Gauthier Gallon,31,Stade Rennais FC,Goalkeeper,Goalkeeper,France,€1.20m,https://www.transfermarkt.us/gauthier-gallon/profil/spieler/193256,gauthier-gallon,193256,Ligue 1,https://img.a.transfermarkt.technology/portrait/header/193256-1583139111.jpg?lm=1
Steve Mandanda,39,Stade Rennais FC,Goalkeeper,Goalkeeper,France,€0.8m,https://www.transfermarkt.us/steve-mandanda/profil/spieler/23951,steve-mandanda,23951,Ligue 1,https://img.a.transfermarkt.technology/portrait/header/23951-1666698933.jpg?lm=1
Geoffrey Lembet,36,Stade Rennais FC,Goalkeeper,Goalkeeper,Central African Republic,€0.15m,https://www.transfermarkt.us/geoffrey-lembet/profil/spieler/72414,geoffrey-lembet,72414,Ligue 1,https://img.a.transfermarkt.technology/portrait/header/72414-1666525120.jpg?lm=1
Mikayil Faye,20,Stade Rennais FC,Centre-Back,Defender,Senegal,€10.00m,https://www.transfermarkt.us/mikayil-faye/profil/spieler/666974,mikayil-faye,666974,Ligue 1,https://img.a.transfermarkt.technology/portrait/header/666974-1637834339.jpg?lm=1
Alidu Seidu,24,Stade Rennais FC,Centre-Back,Defender,Ghana,€9.00m,https://www.transfermarkt.us/alidu-seidu/profil/spieler/798404,alidu-seidu,798404,Ligue 1,https://img.a.transfermarkt.technology/portrait/header/798404-1679507806.jpg?lm=1
Leo Østigård,25,Stade Rennais FC,Centre-Back,Defender,Norway,€8.00m,https://www.transfermarkt.us/leo-ostigard/profil/spieler/367284,leo-ostigard,367284,Ligue 1,https://img.a.transfermarkt.technology/portrait/header/367284-1708552959.jpg?lm=1
Christopher Wooh,23,Stade Rennais FC,Centre-Back,Defender,Cameroon,€6.00m,https://www.transfermarkt.us/christopher-wooh/profil/spieler/572326,christopher-wooh,572326,Ligue 1,https://img.a.transfermarkt.technology/portrait/header/572326-1725959929.jpg?lm=1
Abdelhamid Ait Boudlal,18,Stade Rennais FC,Centre-Back,Defender,Morocco,€0.0m,https://www.transfermarkt.us/abdelhamid-ait-boudlal/profil/spieler/1134251,abdelhamid-ait-boudlal,1134251,Ligue 1,https://img.a.transfermarkt.technology/portrait/header/1134251-1709139023.jpg?lm=1
Adrien Truffert,23,Stade Rennais FC,Left-Back,Defender,France,€18.00m,https://www.transfermarkt.us/adrien-truffert/profil/spieler/654539,adrien-truffert,654539,Ligue 1,https://img.a.transfermarkt.technology/portrait/header/654539-1616684807.jpg?lm=1
Mahamadou Nagida,19,Stade Rennais FC,Left-Back,Defender,Cameroon,€0.5m,https://www.transfermarkt.us/mahamadou-nagida/profil/spieler/1176345,mahamadou-nagida,1176345,Ligue 1,https://img.a.transfermarkt.technology/portrait/header/1176345-1702911497.jpg?lm=1
Lorenz Assignon,24,Stade Rennais FC,Right-Back,Defender,France,€10.00m,https://www.transfermarkt.us/lorenz-assignon/profil/spieler/711969,lorenz-assignon,711969,Ligue 1,https://img.a.transfermarkt.technology/portrait/header/711969-1666699250.jpg?lm=1
Hans Hateboer,30,Stade Rennais FC,Right-Back,Defender,Netherlands,€3.50m,https://www.transfermarkt.us/hans-hateboer/profil/spieler/275303,hans-hateboer,275303,Ligue 1,https://img.a.transfermarkt.technology/portrait/header/275303-1661509184.jpg?lm=1
Azor Matusiwa,26,Stade Rennais FC,Defensive Midfield,Midfield,Netherlands,€12.00m,https://www.transfermarkt.us/azor-matusiwa/profil/spieler/315145,azor-matusiwa,315145,Ligue 1,https://img.a.transfermarkt.technology/portrait/header/315145-1639675049.png?lm=1
Baptiste Santamaria,29,Stade Rennais FC,Defensive Midfield,Midfield,France,€10.00m,https://www.transfermarkt.us/baptiste-santamaria/profil/spieler/285323,baptiste-santamaria,285323,Ligue 1,https://img.a.transfermarkt.technology/portrait/header/285323-1666698827.jpg?lm=1
Albert Grønbaek,23,Stade Rennais FC,Central Midfield,Midfield,Denmark,€15.00m,https://www.transfermarkt.us/albert-gronbaek/profil/spieler/503866,albert-gronbaek,503866,Ligue 1,https://img.a.transfermarkt.technology/portrait/header/503866-1729079861.jpg?lm=1
Naouirou Ahamada,22,Stade Rennais FC,Central Midfield,Midfield,France,€8.00m,https://www.transfermarkt.us/naouirou-ahamada/profil/spieler/538971,naouirou-ahamada,538971,Ligue 1,https://img.a.transfermarkt.technology/portrait/header/538971-1657181756.jpg?lm=1
Glen Kamara,29,Stade Rennais FC,Central Midfield,Midfield,Finland,€6.00m,https://www.transfermarkt.us/glen-kamara/profil/spieler/242632,glen-kamara,242632,Ligue 1,https://img.a.transfermarkt.technology/portrait/header/242632-1663177745.jpg?lm=1
Jordan James,20,Stade Rennais FC,Central Midfield,Midfield,Wales,€4.50m,https://www.transfermarkt.us/jordan-james/profil/spieler/667517,jordan-james,667517,Ligue 1,https://img.a.transfermarkt.technology/portrait/header/667517-1675157129.png?lm=1
Djaoui Cissé,20,Stade Rennais FC,Central Midfield,Midfield,France,€0.1m,https://www.transfermarkt.us/djaoui-cisse/profil/spieler/931160,djaoui-cisse,931160,Ligue 1,https://img.a.transfermarkt.technology/portrait/header/default.jpg?lm=1
Jota,25,Stade Rennais FC,Left Winger,Attack,Portugal,€9.00m,https://www.transfermarkt.us/jota/profil/spieler/329812,jota,329812,Ligue 1,https://img.a.transfermarkt.technology/portrait/header/329812-1688393694.jpg?lm=1
Ludovic Blas,26,Stade Rennais FC,Right Winger,Attack,France,€15.00m,https://www.transfermarkt.us/ludovic-blas/profil/spieler/288225,ludovic-blas,288225,Ligue 1,https://img.a.transfermarkt.technology/portrait/header/288225-1596557793.jpg?lm=1
Carlos Andrés Gómez,22,Stade Rennais FC,Right Winger,Attack,Colombia,€6.00m,https://www.transfermarkt.us/carlos-andres-gomez/profil/spieler/957461,carlos-andres-gomez,957461,Ligue 1,https://img.a.transfermarkt.technology/portrait/header/957461-1711315579.jpg?lm=1
Amine Gouiri,24,Stade Rennais FC,Centre-Forward,Attack,Algeria,€25.00m,https://www.transfermarkt.us/amine-gouiri/profil/spieler/418659,amine-gouiri,418659,Ligue 1,https://img.a.transfermarkt.technology/portrait/header/418659-1649428727.jpg?lm=1
Arnaud Kalimuendo,22,Stade Rennais FC,Centre-Forward,Attack,France,€20.00m,https://www.transfermarkt.us/arnaud-kalimuendo/profil/spieler/585959,arnaud-kalimuendo,585959,Ligue 1,https://img.a.transfermarkt.technology/portrait/header/585959-1666698479.jpg?lm=1
Henrik Meister,21,Stade Rennais FC,Centre-Forward,Attack,Denmark,€3.00m,https://www.transfermarkt.us/henrik-meister/profil/spieler/914934,henrik-meister,914934,Ligue 1,https://img.a.transfermarkt.technology/portrait/header/914934-1723453803.jpg?lm=1
Guillaume Restes,19,FC Toulouse,Goalkeeper,Goalkeeper,France,€18.00m,https://www.transfermarkt.us/guillaume-restes/profil/spieler/912902,guillaume-restes,912902,Ligue 1,https://img.a.transfermarkt.technology/portrait/header/912902-1676656145.jpg?lm=1
Álex Domínguez,26,FC Toulouse,Goalkeeper,Goalkeeper,Spain,€0.3m,https://www.transfermarkt.us/alex-dominguez/profil/spieler/524937,alex-dominguez,524937,Ligue 1,https://img.a.transfermarkt.technology/portrait/header/524937-1708555939.jpg?lm=1
Justin Lacombe,21,FC Toulouse,Goalkeeper,Goalkeeper,France,€0.05m,https://www.transfermarkt.us/justin-lacombe/profil/spieler/854988,justin-lacombe,854988,Ligue 1,https://img.a.transfermarkt.technology/portrait/header/854988-1708555273.jpg?lm=1
Rasmus Nicolaisen,27,FC Toulouse,Centre-Back,Defender,Denmark,€6.00m,https://www.transfermarkt.us/rasmus-nicolaisen/profil/spieler/283227,rasmus-nicolaisen,283227,Ligue 1,https://img.a.transfermarkt.technology/portrait/header/283227-1626438001.jpg?lm=1
Mark McKenzie,25,FC Toulouse,Centre-Back,Defender,United States,€6.00m,https://www.transfermarkt.us/mark-mckenzie/profil/spieler/429259,mark-mckenzie,429259,Ligue 1,https://img.a.transfermarkt.technology/portrait/header/429259-1714036622.png?lm=1
Charlie Cresswell,22,FC Toulouse,Centre-Back,Defender,England,€4.00m,https://www.transfermarkt.us/charlie-cresswell/profil/spieler/597659,charlie-cresswell,597659,Ligue 1,https://img.a.transfermarkt.technology/portrait/header/597659-1641461698.jpg?lm=1
Ümit Akdağ,21,FC Toulouse,Centre-Back,Defender,Romania,€0.8m,https://www.transfermarkt.us/umit-akdag/profil/spieler/958647,umit-akdag,958647,Ligue 1,https://img.a.transfermarkt.technology/portrait/header/958647-1724664658.jpg?lm=1
Gabriel Suazo,27,FC Toulouse,Left-Back,Defender,Chile,€3.50m,https://www.transfermarkt.us/gabriel-suazo/profil/spieler/385105,gabriel-suazo,385105,Ligue 1,https://img.a.transfermarkt.technology/portrait/header/385105-1718986679.jpg?lm=1
Ylies Aradj,19,FC Toulouse,Left-Back,Defender,France,€0.0m,https://www.transfermarkt.us/ylies-aradj/profil/spieler/923758,ylies-aradj,923758,Ligue 1,https://img.a.transfermarkt.technology/portrait/header/923758-1708555761.jpg?lm=1
Warren Kamanzi,24,FC Toulouse,Right-Back,Defender,Norway,€2.00m,https://www.transfermarkt.us/warren-kamanzi/profil/spieler/794758,warren-kamanzi,794758,Ligue 1,https://img.a.transfermarkt.technology/portrait/header/794758-1671210731.jpg?lm=1
Djibril Sidibé,32,FC Toulouse,Right-Back,Defender,France,€1.50m,https://www.transfermarkt.us/djibril-sidibe/profil/spieler/161869,djibril-sidibe,161869,Ligue 1,https://img.a.transfermarkt.technology/portrait/header/161869-1604261378.jpg?lm=1
Vincent Sierro,29,FC Toulouse,Central Midfield,Midfield,Switzerland,€4.00m,https://www.transfermarkt.us/vincent-sierro/profil/spieler/280387,vincent-sierro,280387,Ligue 1,https://img.a.transfermarkt.technology/portrait/header/280387-1708555105.jpg?lm=1
Cristian Cásseres Jr.,24,FC Toulouse,Central Midfield,Midfield,Venezuela,€4.00m,https://www.transfermarkt.us/cristian-casseres-jr-/profil/spieler/467632,cristian-casseres-jr-,467632,Ligue 1,https://img.a.transfermarkt.technology/portrait/header/467632-1646141354.JPG?lm=1
Niklas Schmidt,26,FC Toulouse,Central Midfield,Midfield,Germany,€3.00m,https://www.transfermarkt.us/niklas-schmidt/profil/spieler/275249,niklas-schmidt,275249,Ligue 1,https://img.a.transfermarkt.technology/portrait/header/275249-1660208599.jpg?lm=1
Miha Zajc,30,FC Toulouse,Central Midfield,Midfield,Slovenia,€2.00m,https://www.transfermarkt.us/miha-zajc/profil/spieler/149829,miha-zajc,149829,Ligue 1,https://img.a.transfermarkt.technology/portrait/header/149829-1696449687.png?lm=1
Denis Genreau,25,FC Toulouse,Attacking Midfield,Midfield,Australia,€1.00m,https://www.transfermarkt.us/denis-genreau/profil/spieler/470618,denis-genreau,470618,Ligue 1,https://img.a.transfermarkt.technology/portrait/header/470618-1625839037.jpg?lm=1
Yann Gboho,23,FC Toulouse,Left Winger,Attack,France,€4.00m,https://www.transfermarkt.us/yann-gboho/profil/spieler/463613,yann-gboho,463613,Ligue 1,https://img.a.transfermarkt.technology/portrait/header/463613-1672485001.jpg?lm=1
Joshua King,32,FC Toulouse,Left Winger,Attack,Norway,€2.00m,https://www.transfermarkt.us/joshua-king/profil/spieler/91059,joshua-king,91059,Ligue 1,https://img.a.transfermarkt.technology/portrait/header/91059-1696447644.png?lm=1
Zakaria Aboukhlal,24,FC Toulouse,Right Winger,Attack,Morocco,€10.00m,https://www.transfermarkt.us/zakaria-aboukhlal/profil/spieler/393238,zakaria-aboukhlal,393238,Ligue 1,https://img.a.transfermarkt.technology/portrait/header/393238-1629444913.jpg?lm=1
Aron Dønnum,26,FC Toulouse,Right Winger,Attack,Norway,€3.50m,https://www.transfermarkt.us/aron-donnum/profil/spieler/476836,aron-donnum,476836,Ligue 1,https://img.a.transfermarkt.technology/portrait/header/476836-1678012976.jpg?lm=1
Shavy Babicka,24,FC Toulouse,Right Winger,Attack,Gabon,€3.50m,https://www.transfermarkt.us/shavy-babicka/profil/spieler/916920,shavy-babicka,916920,Ligue 1,https://img.a.transfermarkt.technology/portrait/header/916920-1668887323.jpg?lm=1
Frank Magri,25,FC Toulouse,Centre-Forward,Attack,Cameroon,€3.00m,https://www.transfermarkt.us/frank-magri/profil/spieler/807689,frank-magri,807689,Ligue 1,https://img.a.transfermarkt.technology/portrait/header/807689-1653399470.jpg?lm=1
Benjamin Lecomte,33,Montpellier HSC,Goalkeeper,Goalkeeper,France,€3.50m,https://www.transfermarkt.us/benjamin-lecomte/profil/spieler/127181,benjamin-lecomte,127181,Ligue 1,https://img.a.transfermarkt.technology/portrait/header/127181-1702663657.JPG?lm=1
Dimitry Bertaud,26,Montpellier HSC,Goalkeeper,Goalkeeper,DR Congo,€1.20m,https://www.transfermarkt.us/dimitry-bertaud/profil/spieler/371816,dimitry-bertaud,371816,Ligue 1,https://img.a.transfermarkt.technology/portrait/header/371816-1702663704.JPG?lm=1
Belmin Dizdarevic,23,Montpellier HSC,Goalkeeper,Goalkeeper,Bosnia-Herzegovina,€0.2m,https://www.transfermarkt.us/belmin-dizdarevic/profil/spieler/483007,belmin-dizdarevic,483007,Ligue 1,https://img.a.transfermarkt.technology/portrait/header/483007-1702663715.JPG?lm=1
Becir Omeragic,22,Montpellier HSC,Centre-Back,Defender,Switzerland,€6.00m,https://www.transfermarkt.us/becir-omeragic/profil/spieler/507344,becir-omeragic,507344,Ligue 1,https://img.a.transfermarkt.technology/portrait/header/507344-1702665167.JPG?lm=1
Kiki Kouyaté,27,Montpellier HSC,Centre-Back,Defender,Mali,€5.00m,https://www.transfermarkt.us/kiki-kouyate/profil/spieler/211637,kiki-kouyate,211637,Ligue 1,https://img.a.transfermarkt.technology/portrait/header/211637-1702665133.JPG?lm=1
Modibo Sagnan,25,Montpellier HSC,Centre-Back,Defender,Mali,€3.00m,https://www.transfermarkt.us/modibo-sagnan/profil/spieler/524925,modibo-sagnan,524925,Ligue 1,https://img.a.transfermarkt.technology/portrait/header/524925-1548769689.jpg?lm=1
Christopher Jullien,31,Montpellier HSC,Centre-Back,Defender,France,€2.50m,https://www.transfermarkt.us/christopher-jullien/profil/spieler/201737,christopher-jullien,201737,Ligue 1,https://img.a.transfermarkt.technology/portrait/header/201737-1702665335.JPG?lm=1
Nikola Maksimović,33,Montpellier HSC,Centre-Back,Defender,Serbia,€0.35m,https://www.transfermarkt.us/nikola-maksimovic/profil/spieler/124715,nikola-maksimovic,124715,Ligue 1,https://img.a.transfermarkt.technology/portrait/header/124715-1696432924.png?lm=1
Issiaga Sylla,30,Montpellier HSC,Left-Back,Defender,Guinea,€2.50m,https://www.transfermarkt.us/issiaga-sylla/profil/spieler/220878,issiaga-sylla,220878,Ligue 1,https://img.a.transfermarkt.technology/portrait/header/220878-1702665492.JPG?lm=1
Théo Sainte-Luce,26,Montpellier HSC,Left-Back,Defender,France,€1.00m,https://www.transfermarkt.us/theo-sainte-luce/profil/spieler/537127,theo-sainte-luce,537127,Ligue 1,https://img.a.transfermarkt.technology/portrait/header/537127-1702665584.JPG?lm=1
Lucas Mincarelli,20,Montpellier HSC,Left-Back,Defender,France,€1.00m,https://www.transfermarkt.us/lucas-mincarelli/profil/spieler/982393,lucas-mincarelli,982393,Ligue 1,https://img.a.transfermarkt.technology/portrait/header/982393-1726265130.jpg?lm=1
Falaye Sacko,29,Montpellier HSC,Right-Back,Defender,Mali,€4.00m,https://www.transfermarkt.us/falaye-sacko/profil/spieler/364857,falaye-sacko,364857,Ligue 1,https://img.a.transfermarkt.technology/portrait/header/364857-1702665617.JPG?lm=1
Enzo Tchato,22,Montpellier HSC,Right-Back,Defender,Cameroon,€2.50m,https://www.transfermarkt.us/enzo-tchato/profil/spieler/842338,enzo-tchato,842338,Ligue 1,https://img.a.transfermarkt.technology/portrait/header/842338-1702665627.JPG?lm=1
Joris Chotard,23,Montpellier HSC,Defensive Midfield,Midfield,France,€10.00m,https://www.transfermarkt.us/joris-chotard/profil/spieler/624037,joris-chotard,624037,Ligue 1,https://img.a.transfermarkt.technology/portrait/header/624037-1702663463.JPG?lm=1
Rabby Nzingoula,19,Montpellier HSC,Defensive Midfield,Midfield,France,€1.50m,https://www.transfermarkt.us/rabby-nzingoula/profil/spieler/1068110,rabby-nzingoula,1068110,Ligue 1,https://img.a.transfermarkt.technology/portrait/header/1068110-1716939175.jpg?lm=1
Birama Touré,32,Montpellier HSC,Defensive Midfield,Midfield,Mali,€1.50m,https://www.transfermarkt.us/birama-toure/profil/spieler/229853,birama-toure,229853,Ligue 1,https://img.a.transfermarkt.technology/portrait/header/229853-1599424312.jpg?lm=1
Gabriel Barès,24,Montpellier HSC,Defensive Midfield,Midfield,Switzerland,€0.4m,https://www.transfermarkt.us/gabriel-bares/profil/spieler/484743,gabriel-bares,484743,Ligue 1,https://img.a.transfermarkt.technology/portrait/header/484743-1697213472.jpg?lm=1
Khalil Fayad,20,Montpellier HSC,Central Midfield,Midfield,Morocco,€5.00m,https://www.transfermarkt.us/khalil-fayad/profil/spieler/782630,khalil-fayad,782630,Ligue 1,https://img.a.transfermarkt.technology/portrait/header/782630-1702663427.JPG?lm=1
Jordan Ferri,32,Montpellier HSC,Central Midfield,Midfield,France,€4.50m,https://www.transfermarkt.us/jordan-ferri/profil/spieler/118284,jordan-ferri,118284,Ligue 1,https://img.a.transfermarkt.technology/portrait/header/118284-1702663473.JPG?lm=1
Téji Savanier,32,Montpellier HSC,Attacking Midfield,Midfield,France,€7.00m,https://www.transfermarkt.us/teji-savanier/profil/spieler/127156,teji-savanier,127156,Ligue 1,https://img.a.transfermarkt.technology/portrait/header/127156-1702663364.JPG?lm=1
Wahbi Khazri,33,Montpellier HSC,Left Winger,Attack,Tunisia,€1.80m,https://www.transfermarkt.us/wahbi-khazri/profil/spieler/103565,wahbi-khazri,103565,Ligue 1,https://img.a.transfermarkt.technology/portrait/header/103565-1702663230.JPG?lm=1
Arnaud Nordin,26,Montpellier HSC,Right Winger,Attack,France,€8.00m,https://www.transfermarkt.us/arnaud-nordin/profil/spieler/324811,arnaud-nordin,324811,Ligue 1,https://img.a.transfermarkt.technology/portrait/header/324811-1702663034.JPG?lm=1
Mousa Tamari,27,Montpellier HSC,Right Winger,Attack,Jordan,€8.00m,https://www.transfermarkt.us/mousa-tamari/profil/spieler/551505,mousa-tamari,551505,Ligue 1,https://img.a.transfermarkt.technology/portrait/header/551505-1702663087.JPG?lm=1
Tanguy Coulibaly,23,Montpellier HSC,Right Winger,Attack,France,€2.00m,https://www.transfermarkt.us/tanguy-coulibaly/profil/spieler/618425,tanguy-coulibaly,618425,Ligue 1,https://img.a.transfermarkt.technology/portrait/header/618425-1657182257.jpg?lm=1
Othmane Maamma,19,Montpellier HSC,Right Winger,Attack,Morocco,€0.3m,https://www.transfermarkt.us/othmane-maamma/profil/spieler/1081219,othmane-maamma,1081219,Ligue 1,https://img.a.transfermarkt.technology/portrait/header/1081219-1726265183.jpg?lm=1
Akor Adams,24,Montpellier HSC,Centre-Forward,Attack,Nigeria,€10.00m,https://www.transfermarkt.us/akor-adams/profil/spieler/607034,akor-adams,607034,Ligue 1,https://img.a.transfermarkt.technology/portrait/header/607034-1702663135.JPG?lm=1
Glenn Ngosso,20,Montpellier HSC,Centre-Forward,Attack,Cameroon,€0.0m,https://www.transfermarkt.us/glenn-ngosso/profil/spieler/1238800,glenn-ngosso,1238800,Ligue 1,https://img.a.transfermarkt.technology/portrait/header/default.jpg?lm=1
Djordje Petrovic,25,RC Strasbourg Alsace,Goalkeeper,Goalkeeper,Serbia,€20.00m,https://www.transfermarkt.us/djordje-petrovic/profil/spieler/465555,djordje-petrovic,465555,Ligue 1,https://img.a.transfermarkt.technology/portrait/header/465555-1732575132.png?lm=1
Alaa Bellaarouch,22,RC Strasbourg Alsace,Goalkeeper,Goalkeeper,Morocco,€2.00m,https://www.transfermarkt.us/alaa-bellaarouch/profil/spieler/667991,alaa-bellaarouch,667991,Ligue 1,https://img.a.transfermarkt.technology/portrait/header/667991-1732575150.png?lm=1
Karl-Johan Johnsson,34,RC Strasbourg Alsace,Goalkeeper,Goalkeeper,Sweden,€0.4m,https://www.transfermarkt.us/karl-johan-johnsson/profil/spieler/112822,karl-johan-johnsson,112822,Ligue 1,https://img.a.transfermarkt.technology/portrait/header/112822-1732486706.png?lm=1
Abakar Sylla,21,RC Strasbourg Alsace,Centre-Back,Defender,Cote d'Ivoire,€12.00m,https://www.transfermarkt.us/abakar-sylla/profil/spieler/962555,abakar-sylla,962555,Ligue 1,https://img.a.transfermarkt.technology/portrait/header/962555-1732575720.png?lm=1
Mamadou Sarr,19,RC Strasbourg Alsace,Centre-Back,Defender,France,€5.00m,https://www.transfermarkt.us/mamadou-sarr/profil/spieler/910905,mamadou-sarr,910905,Ligue 1,https://img.a.transfermarkt.technology/portrait/header/910905-1732575264.png?lm=1
Saïdou Sow,22,RC Strasbourg Alsace,Centre-Back,Defender,Guinea,€4.00m,https://www.transfermarkt.us/saidou-sow/profil/spieler/807128,saidou-sow,807128,Ligue 1,https://img.a.transfermarkt.technology/portrait/header/807128-1732575624.png?lm=1
Yoni Gomis,19,RC Strasbourg Alsace,Centre-Back,Defender,France,€1.00m,https://www.transfermarkt.us/yoni-gomis/profil/spieler/988272,yoni-gomis,988272,Ligue 1,https://img.a.transfermarkt.technology/portrait/header/988272-1732575669.png?lm=1
Caleb Wiley,19,RC Strasbourg Alsace,Left-Back,Defender,United States,€8.00m,https://www.transfermarkt.us/caleb-wiley/profil/spieler/746833,caleb-wiley,746833,Ligue 1,https://img.a.transfermarkt.technology/portrait/header/746833-1732575786.png?lm=1
Diego Moreira,20,RC Strasbourg Alsace,Left-Back,Defender,Portugal,€3.00m,https://www.transfermarkt.us/diego-moreira/profil/spieler/655006,diego-moreira,655006,Ligue 1,https://img.a.transfermarkt.technology/portrait/header/655006-1732575837.png?lm=1
Eduard Sobol,29,RC Strasbourg Alsace,Left-Back,Defender,Ukraine,€1.50m,https://www.transfermarkt.us/eduard-sobol/profil/spieler/206717,eduard-sobol,206717,Ligue 1,https://img.a.transfermarkt.technology/portrait/header/206717-1732575854.png?lm=1
Thomas Delaine,32,RC Strasbourg Alsace,Left-Back,Defender,France,€1.00m,https://www.transfermarkt.us/thomas-delaine/profil/spieler/170961,thomas-delaine,170961,Ligue 1,https://img.a.transfermarkt.technology/portrait/header/170961-1732575286.png?lm=1
Guéla Doué,22,RC Strasbourg Alsace,Right-Back,Defender,Cote d'Ivoire,€7.00m,https://www.transfermarkt.us/guela-doue/profil/spieler/711980,guela-doue,711980,Ligue 1,https://img.a.transfermarkt.technology/portrait/header/711980-1732575765.png?lm=1
Marvin Senaya,23,RC Strasbourg Alsace,Right-Back,Defender,France,€2.00m,https://www.transfermarkt.us/marvin-senaya/profil/spieler/830890,marvin-senaya,830890,Ligue 1,https://img.a.transfermarkt.technology/portrait/header/830890-1732575526.png?lm=1
Ismaël Doukouré,21,RC Strasbourg Alsace,Defensive Midfield,Midfield,France,€10.00m,https://www.transfermarkt.us/ismael-doukoure/profil/spieler/786436,ismael-doukoure,786436,Ligue 1,https://img.a.transfermarkt.technology/portrait/header/786436-1732576094.png?lm=1
Junior Mwanga,21,RC Strasbourg Alsace,Defensive Midfield,Midfield,France,€7.00m,https://www.transfermarkt.us/junior-mwanga/profil/spieler/1011200,junior-mwanga,1011200,Ligue 1,https://img.a.transfermarkt.technology/portrait/header/1011200-1732575482.png?lm=1
Pape Diong,18,RC Strasbourg Alsace,Defensive Midfield,Midfield,Senegal,€0.8m,https://www.transfermarkt.us/pape-diong/profil/spieler/1183575,pape-diong,1183575,Ligue 1,https://img.a.transfermarkt.technology/portrait/header/1183575-1732576103.png?lm=1
Andrey Santos,20,RC Strasbourg Alsace,Central Midfield,Midfield,Brazil,€18.00m,https://www.transfermarkt.us/andrey-santos/profil/spieler/743600,andrey-santos,743600,Ligue 1,https://img.a.transfermarkt.technology/portrait/header/743600-1732576153.png?lm=1
Sebastian Nanasi,22,RC Strasbourg Alsace,Left Midfield,Midfield,Sweden,€12.00m,https://www.transfermarkt.us/sebastian-nanasi/profil/spieler/579928,sebastian-nanasi,579928,Ligue 1,https://img.a.transfermarkt.technology/portrait/header/579928-1732576164.png?lm=1
Habib Diarra,20,RC Strasbourg Alsace,Attacking Midfield,Midfield,Senegal,€20.00m,https://www.transfermarkt.us/habib-diarra/profil/spieler/876631,habib-diarra,876631,Ligue 1,https://img.a.transfermarkt.technology/portrait/header/876631-1732576173.png?lm=1
Félix Lemaréchal,21,RC Strasbourg Alsace,Attacking Midfield,Midfield,France,€5.00m,https://www.transfermarkt.us/felix-lemarechal/profil/spieler/659518,felix-lemarechal,659518,Ligue 1,https://img.a.transfermarkt.technology/portrait/header/659518-1732576183.png?lm=1
Abdoul Ouattara,19,RC Strasbourg Alsace,Attacking Midfield,Midfield,Cote d'Ivoire,€0.0m,https://www.transfermarkt.us/abdoul-ouattara/profil/spieler/991487,abdoul-ouattara,991487,Ligue 1,https://img.a.transfermarkt.technology/portrait/header/991487-1732487466.png?lm=1
Tidiane Diallo,18,RC Strasbourg Alsace,Attacking Midfield,Midfield,France,€0.0m,https://www.transfermarkt.us/tidiane-diallo/profil/spieler/1047100,tidiane-diallo,1047100,Ligue 1,https://img.a.transfermarkt.technology/portrait/header/1047100-1732576192.png?lm=1
Óscar Perea,19,RC Strasbourg Alsace,Left Winger,Attack,Colombia,€3.00m,https://www.transfermarkt.us/oscar-perea/profil/spieler/1015624,oscar-perea,1015624,Ligue 1,https://img.a.transfermarkt.technology/portrait/header/1015624-1732575943.png?lm=1
Jérémy Sebas,21,RC Strasbourg Alsace,Left Winger,Attack,Martinique,€0.8m,https://www.transfermarkt.us/jeremy-sebas/profil/spieler/999229,jeremy-sebas,999229,Ligue 1,https://img.a.transfermarkt.technology/portrait/header/999229-1732575951.png?lm=1
Rayane Messi,17,RC Strasbourg Alsace,Left Winger,Attack,France,€0.8m,https://www.transfermarkt.us/rayane-messi/profil/spieler/1075590,rayane-messi,1075590,Ligue 1,https://img.a.transfermarkt.technology/portrait/header/1075590-1731715676.png?lm=1
Dilane Bakwa,22,RC Strasbourg Alsace,Right Winger,Attack,France,€10.00m,https://www.transfermarkt.us/dilane-bakwa/profil/spieler/540664,dilane-bakwa,540664,Ligue 1,https://img.a.transfermarkt.technology/portrait/header/540664-1732575429.png?lm=1
Emanuel Emegha,21,RC Strasbourg Alsace,Centre-Forward,Attack,Netherlands,€15.00m,https://www.transfermarkt.us/emanuel-emegha/profil/spieler/559328,emanuel-emegha,559328,Ligue 1,https://img.a.transfermarkt.technology/portrait/header/559328-1732575392.png?lm=1
Sékou Mara,22,RC Strasbourg Alsace,Centre-Forward,Attack,France,€6.00m,https://www.transfermarkt.us/sekou-mara/profil/spieler/557612,sekou-mara,557612,Ligue 1,https://img.a.transfermarkt.technology/portrait/header/557612-1731603567.png?lm=1
Milos Lukovic,19,RC Strasbourg Alsace,Centre-Forward,Attack,Serbia,€5.00m,https://www.transfermarkt.us/milos-lukovic/profil/spieler/845872,milos-lukovic,845872,Ligue 1,https://img.a.transfermarkt.technology/portrait/header/845872-1732575357.png?lm=1
Moïse Sahi Dion,22,RC Strasbourg Alsace,Centre-Forward,Attack,Cote d'Ivoire,€2.00m,https://www.transfermarkt.us/moise-sahi-dion/profil/spieler/880330,moise-sahi-dion,880330,Ligue 1,https://img.a.transfermarkt.technology/portrait/header/880330-1732575930.png?lm=1
Alban Lafont,25,FC Nantes,Goalkeeper,Goalkeeper,France,€9.00m,https://www.transfermarkt.us/alban-lafont/profil/spieler/357117,alban-lafont,357117,Ligue 1,https://img.a.transfermarkt.technology/portrait/header/357117-1704212970.jpg?lm=1
Patrik Carlgren,32,FC Nantes,Goalkeeper,Goalkeeper,Sweden,€0.8m,https://www.transfermarkt.us/patrik-carlgren/profil/spieler/190280,patrik-carlgren,190280,Ligue 1,https://img.a.transfermarkt.technology/portrait/header/190280-1726237403.jpg?lm=1
Hugo Barbet,23,FC Nantes,Goalkeeper,Goalkeeper,France,€0.15m,https://www.transfermarkt.us/hugo-barbet/profil/spieler/677820,hugo-barbet,677820,Ligue 1,https://img.a.transfermarkt.technology/portrait/header/677820-1656330487.png?lm=1
Nathan Zézé,19,FC Nantes,Centre-Back,Defender,France,€10.00m,https://www.transfermarkt.us/nathan-zeze/profil/spieler/923832,nathan-zeze,923832,Ligue 1,https://img.a.transfermarkt.technology/portrait/header/923832-1703065128.jpg?lm=1
Jean-Kévin Duverne,27,FC Nantes,Centre-Back,Defender,Haiti,€3.50m,https://www.transfermarkt.us/jean-kevin-duverne/profil/spieler/344864,jean-kevin-duverne,344864,Ligue 1,https://img.a.transfermarkt.technology/portrait/header/344864-1704213124.jpg?lm=1
Jean-Charles Castelletto,29,FC Nantes,Centre-Back,Defender,Cameroon,€3.50m,https://www.transfermarkt.us/jean-charles-castelletto/profil/spieler/182875,jean-charles-castelletto,182875,Ligue 1,https://img.a.transfermarkt.technology/portrait/header/182875-1704213298.jpg?lm=1
Nicolas Pallois,37,FC Nantes,Centre-Back,Defender,France,€0.6m,https://www.transfermarkt.us/nicolas-pallois/profil/spieler/139279,nicolas-pallois,139279,Ligue 1,https://img.a.transfermarkt.technology/portrait/header/139279-1704213256.jpg?lm=1
Nicolas Cozza,25,FC Nantes,Left-Back,Defender,France,€3.50m,https://www.transfermarkt.us/nicolas-cozza/profil/spieler/485965,nicolas-cozza,485965,Ligue 1,https://img.a.transfermarkt.technology/portrait/header/485965-1689865641.jpg?lm=1
Fabien Centonze,28,FC Nantes,Right-Back,Defender,France,€3.00m,https://www.transfermarkt.us/fabien-centonze/profil/spieler/384859,fabien-centonze,384859,Ligue 1,https://img.a.transfermarkt.technology/portrait/header/384859-1703065658.jpg?lm=1
Kelvin Amian,26,FC Nantes,Right-Back,Defender,France,€2.50m,https://www.transfermarkt.us/kelvin-amian/profil/spieler/344072,kelvin-amian,344072,Ligue 1,https://img.a.transfermarkt.technology/portrait/header/344072-1638174640.jpg?lm=1
Pedro Chirivella,27,FC Nantes,Defensive Midfield,Midfield,Spain,€7.00m,https://www.transfermarkt.us/pedro-chirivella/profil/spieler/242273,pedro-chirivella,242273,Ligue 1,https://img.a.transfermarkt.technology/portrait/header/242273-1703065623.jpg?lm=1
Johann Lepenant,22,FC Nantes,Defensive Midfield,Midfield,France,€7.00m,https://www.transfermarkt.us/johann-lepenant/profil/spieler/585973,johann-lepenant,585973,Ligue 1,https://img.a.transfermarkt.technology/portrait/header/585973-1672830993.jpg?lm=1
Jean-Philippe Gbamin,29,FC Nantes,Defensive Midfield,Midfield,Cote d'Ivoire,€2.50m,https://www.transfermarkt.us/jean-philippe-gbamin/profil/spieler/182894,jean-philippe-gbamin,182894,Ligue 1,https://img.a.transfermarkt.technology/portrait/header/182894-1705317996.png?lm=1
Douglas Augusto,27,FC Nantes,Central Midfield,Midfield,Brazil,€6.00m,https://www.transfermarkt.us/douglas-augusto/profil/spieler/393621,douglas-augusto,393621,Ligue 1,https://img.a.transfermarkt.technology/portrait/header/393621-1704213513.jpg?lm=1
Dehmaine Tabibou,19,FC Nantes,Central Midfield,Midfield,France,€0.05m,https://www.transfermarkt.us/dehmaine-tabibou/profil/spieler/1004619,dehmaine-tabibou,1004619,Ligue 1,https://img.a.transfermarkt.technology/portrait/header/default.jpg?lm=1
Florent Mollet,33,FC Nantes,Attacking Midfield,Midfield,France,€1.80m,https://www.transfermarkt.us/florent-mollet/profil/spieler/222859,florent-mollet,222859,Ligue 1,https://img.a.transfermarkt.technology/portrait/header/222859-1704213537.jpg?lm=1
Moses Simon,29,FC Nantes,Left Winger,Attack,Nigeria,€12.00m,https://www.transfermarkt.us/moses-simon/profil/spieler/274862,moses-simon,274862,Ligue 1,https://img.a.transfermarkt.technology/portrait/header/274862-1703065226.jpg?lm=1
Herba Guirassy,18,FC Nantes,Left Winger,Attack,Guinea,€0.5m,https://www.transfermarkt.us/herba-guirassy/profil/spieler/1119453,herba-guirassy,1119453,Ligue 1,https://img.a.transfermarkt.technology/portrait/header/1119453-1726236547.jpg?lm=1
Sorba Thomas,25,FC Nantes,Right Winger,Attack,Wales,€4.00m,https://www.transfermarkt.us/sorba-thomas/profil/spieler/475416,sorba-thomas,475416,Ligue 1,https://img.a.transfermarkt.technology/portrait/header/475416-1668520548.jpg?lm=1
Marcus Coco,28,FC Nantes,Right Winger,Attack,Guadeloupe,€1.50m,https://www.transfermarkt.us/marcus-coco/profil/spieler/353365,marcus-coco,353365,Ligue 1,https://img.a.transfermarkt.technology/portrait/header/353365-1704213736.jpg?lm=1
Matthis Abline,21,FC Nantes,Centre-Forward,Attack,France,€9.00m,https://www.transfermarkt.us/matthis-abline/profil/spieler/659543,matthis-abline,659543,Ligue 1,https://img.a.transfermarkt.technology/portrait/header/659543-1704213657.jpg?lm=1
Mostafa Mohamed,27,FC Nantes,Centre-Forward,Attack,Egypt,€7.00m,https://www.transfermarkt.us/mostafa-mohamed/profil/spieler/462348,mostafa-mohamed,462348,Ligue 1,https://img.a.transfermarkt.technology/portrait/header/462348-1703065403.jpg?lm=1
Tino Kadewere,28,FC Nantes,Centre-Forward,Attack,Zimbabwe,€3.00m,https://www.transfermarkt.us/tino-kadewere/profil/spieler/384060,tino-kadewere,384060,Ligue 1,https://img.a.transfermarkt.technology/portrait/header/384060-1640776127.jpg?lm=1
Ignatius Ganago,25,FC Nantes,Centre-Forward,Attack,Cameroon,€2.00m,https://www.transfermarkt.us/ignatius-ganago/profil/spieler/531949,ignatius-ganago,531949,Ligue 1,https://img.a.transfermarkt.technology/portrait/header/531949-1704213628.jpg?lm=1
Arthur Desmas,30,Le Havre AC,Goalkeeper,Goalkeeper,France,€2.50m,https://www.transfermarkt.us/arthur-desmas/profil/spieler/379869,arthur-desmas,379869,Ligue 1,https://img.a.transfermarkt.technology/portrait/header/379869-1625740346.jpg?lm=1
Mathieu Gorgelin,34,Le Havre AC,Goalkeeper,Goalkeeper,France,€0.2m,https://www.transfermarkt.us/mathieu-gorgelin/profil/spieler/60543,mathieu-gorgelin,60543,Ligue 1,https://img.a.transfermarkt.technology/portrait/header/60543-1704795204.jpg?lm=1
Paul Argney,18,Le Havre AC,Goalkeeper,Goalkeeper,France,€0.15m,https://www.transfermarkt.us/paul-argney/profil/spieler/988275,paul-argney,988275,Ligue 1,https://img.a.transfermarkt.technology/portrait/header/988275-1701165489.jpg?lm=1
Arouna Sangante,22,Le Havre AC,Centre-Back,Defender,Senegal,€10.00m,https://www.transfermarkt.us/arouna-sangante/profil/spieler/768380,arouna-sangante,768380,Ligue 1,https://img.a.transfermarkt.technology/portrait/header/768380-1661006246.jpg?lm=1
Étienne Youté Kinkoué,22,Le Havre AC,Centre-Back,Defender,France,€7.00m,https://www.transfermarkt.us/etienne-youte-kinkoue/profil/spieler/639712,etienne-youte-kinkoue,639712,Ligue 1,https://img.a.transfermarkt.technology/portrait/header/639712-1732894435.jpg?lm=1
Gautier Lloris,29,Le Havre AC,Centre-Back,Defender,France,€3.00m,https://www.transfermarkt.us/gautier-lloris/profil/spieler/249636,gautier-lloris,249636,Ligue 1,https://img.a.transfermarkt.technology/portrait/header/249636-1704795536.jpg?lm=1
Yoann Salmier,32,Le Havre AC,Centre-Back,Defender,French Guiana,€1.50m,https://www.transfermarkt.us/yoann-salmier/profil/spieler/351843,yoann-salmier,351843,Ligue 1,https://img.a.transfermarkt.technology/portrait/header/351843-1551180384.jpg?lm=1
Christopher Operi,27,Le Havre AC,Left-Back,Defender,Cote d'Ivoire,€4.00m,https://www.transfermarkt.us/christopher-operi/profil/spieler/469976,christopher-operi,469976,Ligue 1,https://img.a.transfermarkt.technology/portrait/header/469976-1620901553.jpg?lm=1
Yanis Zouaoui,26,Le Havre AC,Left-Back,Defender,France,€0.6m,https://www.transfermarkt.us/yanis-zouaoui/profil/spieler/691841,yanis-zouaoui,691841,Ligue 1,https://img.a.transfermarkt.technology/portrait/header/default.jpg?lm=1
Timothée Pembélé,22,Le Havre AC,Right-Back,Defender,France,€2.50m,https://www.transfermarkt.us/timothee-pembele/profil/spieler/538998,timothee-pembele,538998,Ligue 1,https://img.a.transfermarkt.technology/portrait/header/538998-1602848514.jpg?lm=1
Loïc Nego,33,Le Havre AC,Right-Back,Defender,Hungary,€0.9m,https://www.transfermarkt.us/loic-nego/profil/spieler/122840,loic-nego,122840,Ligue 1,https://img.a.transfermarkt.technology/portrait/header/122840-1700236720.jpg?lm=1
Oualid El Hajjam,33,Le Havre AC,Right-Back,Defender,Morocco,€0.8m,https://www.transfermarkt.us/oualid-el-hajjam/profil/spieler/283127,oualid-el-hajjam,283127,Ligue 1,https://img.a.transfermarkt.technology/portrait/header/283127-1523371247.jpg?lm=1
Abdoulaye Touré,30,Le Havre AC,Defensive Midfield,Midfield,Guinea,€3.00m,https://www.transfermarkt.us/abdoulaye-toure/profil/spieler/181382,abdoulaye-toure,181382,Ligue 1,https://img.a.transfermarkt.technology/portrait/header/181382-1485420758.jpg?lm=1
Aloïs Confais,28,Le Havre AC,Defensive Midfield,Midfield,France,€0.25m,https://www.transfermarkt.us/alois-confais/profil/spieler/292820,alois-confais,292820,Ligue 1,https://img.a.transfermarkt.technology/portrait/header/292820-1449738743.jpg?lm=1
Daler Kuzyaev,31,Le Havre AC,Central Midfield,Midfield,Russia,€8.00m,https://www.transfermarkt.us/daler-kuzyaev/profil/spieler/279570,daler-kuzyaev,279570,Ligue 1,https://img.a.transfermarkt.technology/portrait/header/279570-1658064471.png?lm=1
Yassine Kechta,22,Le Havre AC,Central Midfield,Midfield,Morocco,€5.00m,https://www.transfermarkt.us/yassine-kechta/profil/spieler/667967,yassine-kechta,667967,Ligue 1,https://img.a.transfermarkt.technology/portrait/header/667967-1675949617.jpg?lm=1
Oussama Targhalline,22,Le Havre AC,Central Midfield,Midfield,Morocco,€2.50m,https://www.transfermarkt.us/oussama-targhalline/profil/spieler/667965,oussama-targhalline,667965,Ligue 1,https://img.a.transfermarkt.technology/portrait/header/667965-1669741468.png?lm=1
Rassoul Ndiaye,22,Le Havre AC,Central Midfield,Midfield,Senegal,€2.50m,https://www.transfermarkt.us/rassoul-ndiaye/profil/spieler/662242,rassoul-ndiaye,662242,Ligue 1,https://img.a.transfermarkt.technology/portrait/header/662242-1654095080.jpg?lm=1
Ismaïl Bouneb,18,Le Havre AC,Attacking Midfield,Midfield,France,€0.05m,https://www.transfermarkt.us/ismail-bouneb/profil/spieler/986286,ismail-bouneb,986286,Ligue 1,https://img.a.transfermarkt.technology/portrait/header/986286-1712613592.jpg?lm=1
Antoine Joujou,21,Le Havre AC,Left Winger,Attack,France,€2.50m,https://www.transfermarkt.us/antoine-joujou/profil/spieler/1028162,antoine-joujou,1028162,Ligue 1,https://img.a.transfermarkt.technology/portrait/header/1028162-1683803729.jpg?lm=1
André Ayew,34,Le Havre AC,Left Winger,Attack,Ghana,€0.8m,https://www.transfermarkt.us/andre-ayew/profil/spieler/45403,andre-ayew,45403,Ligue 1,https://img.a.transfermarkt.technology/portrait/header/45403-1668429304.jpg?lm=1
Issa Soumaré,24,Le Havre AC,Left Winger,Attack,Senegal,€0.8m,https://www.transfermarkt.us/issa-soumare/profil/spieler/568698,issa-soumare,568698,Ligue 1,https://img.a.transfermarkt.technology/portrait/header/568698-1669738231.jpg?lm=1
Josué Casimir,23,Le Havre AC,Right Winger,Attack,Guadeloupe,€3.00m,https://www.transfermarkt.us/josue-casimir/profil/spieler/763182,josue-casimir,763182,Ligue 1,https://img.a.transfermarkt.technology/portrait/header/763182-1661006947.jpg?lm=1
Emmanuel Sabbi,26,Le Havre AC,Right Winger,Attack,United States,€2.50m,https://www.transfermarkt.us/emmanuel-sabbi/profil/spieler/381187,emmanuel-sabbi,381187,Ligue 1,https://img.a.transfermarkt.technology/portrait/header/381187-1691600197.jpg?lm=1
Samuel Grandsir,28,Le Havre AC,Right Winger,Attack,France,€1.50m,https://www.transfermarkt.us/samuel-grandsir/profil/spieler/432772,samuel-grandsir,432772,Ligue 1,https://img.a.transfermarkt.technology/portrait/header/432772-1646080113.JPG?lm=1
Ruben Londja,18,Le Havre AC,Right Winger,Attack,Switzerland,€0.0m,https://www.transfermarkt.us/ruben-londja/profil/spieler/927369,ruben-londja,927369,Ligue 1,https://img.a.transfermarkt.technology/portrait/header/default.jpg?lm=1
Ilyes Housni,19,Le Havre AC,Centre-Forward,Attack,Morocco,€3.00m,https://www.transfermarkt.us/ilyes-housni/profil/spieler/825437,ilyes-housni,825437,Ligue 1,https://img.a.transfermarkt.technology/portrait/header/825437-1665043208.jpg?lm=1
Andy Logbo,20,Le Havre AC,Centre-Forward,Attack,France,€0.8m,https://www.transfermarkt.us/andy-logbo/profil/spieler/770407,andy-logbo,770407,Ligue 1,https://img.a.transfermarkt.technology/portrait/header/default.jpg?lm=1
Yann Kitala,26,Le Havre AC,Centre-Forward,Attack,DR Congo,€0.7m,https://www.transfermarkt.us/yann-kitala/profil/spieler/395677,yann-kitala,395677,Ligue 1,https://img.a.transfermarkt.technology/portrait/header/395677-1604254283.jpg?lm=1
Steve Ngoura,19,Le Havre AC,Centre-Forward,Attack,France,€0.4m,https://www.transfermarkt.us/steve-ngoura/profil/spieler/923838,steve-ngoura,923838,Ligue 1,https://img.a.transfermarkt.technology/portrait/header/923838-1725962124.jpg?lm=1
Donovan Léon,32,AJ Auxerre,Goalkeeper,Goalkeeper,French Guiana,€0.5m,https://www.transfermarkt.us/donovan-leon/profil/spieler/170911,donovan-leon,170911,Ligue 1,https://img.a.transfermarkt.technology/portrait/header/170911-1593969267.jpg?lm=1
Théo De Percin,23,AJ Auxerre,Goalkeeper,Goalkeeper,France,€0.1m,https://www.transfermarkt.us/theo-de-percin/profil/spieler/695422,theo-de-percin,695422,Ligue 1,https://img.a.transfermarkt.technology/portrait/header/695422-1672329898.jpg?lm=1
Raphaël Adiceam,34,AJ Auxerre,Goalkeeper,Goalkeeper,France,€0.05m,https://www.transfermarkt.us/raphael-adiceam/profil/spieler/419996,raphael-adiceam,419996,Ligue 1,https://img.a.transfermarkt.technology/portrait/header/419996-1609759942.jpg?lm=1
Tom Negrel,21,AJ Auxerre,Goalkeeper,Goalkeeper,France,€0.0m,https://www.transfermarkt.us/tom-negrel/profil/spieler/866916,tom-negrel,866916,Ligue 1,https://img.a.transfermarkt.technology/portrait/header/866916-1711305451.jpg?lm=1
Sinaly Diomandé,23,AJ Auxerre,Centre-Back,Defender,Cote d'Ivoire,€4.00m,https://www.transfermarkt.us/sinaly-diomande/profil/spieler/702441,sinaly-diomande,702441,Ligue 1,https://img.a.transfermarkt.technology/portrait/header/702441-1672831343.jpg?lm=1
Gabriel Osho,26,AJ Auxerre,Centre-Back,Defender,Nigeria,€3.00m,https://www.transfermarkt.us/gabriel-osho/profil/spieler/364409,gabriel-osho,364409,Ligue 1,https://img.a.transfermarkt.technology/portrait/header/364409-1684493913.jpg?lm=1
Jubal,31,AJ Auxerre,Centre-Back,Defender,Brazil,€2.00m,https://www.transfermarkt.us/jubal/profil/spieler/149928,jubal,149928,Ligue 1,https://img.a.transfermarkt.technology/portrait/header/149928-1478101058.jpg?lm=1
Théo Pellenard,30,AJ Auxerre,Centre-Back,Defender,France,€1.00m,https://www.transfermarkt.us/theo-pellenard/profil/spieler/238716,theo-pellenard,238716,Ligue 1,https://img.a.transfermarkt.technology/portrait/header/238716-1498491424.jpg?lm=1
Saad Agouzoul,27,AJ Auxerre,Centre-Back,Defender,Morocco,€0.7m,https://www.transfermarkt.us/saad-agouzoul/profil/spieler/556865,saad-agouzoul,556865,Ligue 1,https://img.a.transfermarkt.technology/portrait/header/556865-1611085643.jpg?lm=1
Gideon Mensah,26,AJ Auxerre,Left-Back,Defender,Ghana,€2.50m,https://www.transfermarkt.us/gideon-mensah/profil/spieler/397171,gideon-mensah,397171,Ligue 1,https://img.a.transfermarkt.technology/portrait/header/397171-1565700436.jpg?lm=1
Clément Akpa,23,AJ Auxerre,Left-Back,Defender,Cote d'Ivoire,€1.00m,https://www.transfermarkt.us/clement-akpa/profil/spieler/806793,clement-akpa,806793,Ligue 1,https://img.a.transfermarkt.technology/portrait/header/806793-1709202392.jpg?lm=1
Ki-Jana Hoever,22,AJ Auxerre,Right-Back,Defender,Netherlands,€4.50m,https://www.transfermarkt.us/ki-jana-hoever/profil/spieler/485583,ki-jana-hoever,485583,Ligue 1,https://img.a.transfermarkt.technology/portrait/header/485583-1724259461.jpg?lm=1
Paul Joly,24,AJ Auxerre,Right-Back,Defender,France,€2.50m,https://www.transfermarkt.us/paul-joly/profil/spieler/806168,paul-joly,806168,Ligue 1,https://img.a.transfermarkt.technology/portrait/header/806168-1667290785.jpg?lm=1
Ange Loïc N'Gatta,20,AJ Auxerre,Right-Back,Defender,France,€0.15m,https://www.transfermarkt.us/ange-loic-ngatta/profil/spieler/855215,ange-loic-ngatta,855215,Ligue 1,https://img.a.transfermarkt.technology/portrait/header/default.jpg?lm=1
Elisha Owusu,27,AJ Auxerre,Defensive Midfield,Midfield,Ghana,€3.00m,https://www.transfermarkt.us/elisha-owusu/profil/spieler/395695,elisha-owusu,395695,Ligue 1,https://img.a.transfermarkt.technology/portrait/header/395695-1626767315.jpg?lm=1
Assane Dioussé,27,AJ Auxerre,Defensive Midfield,Midfield,Senegal,€0.9m,https://www.transfermarkt.us/assane-diousse/profil/spieler/287635,assane-diousse,287635,Ligue 1,https://img.a.transfermarkt.technology/portrait/header/287635-1657714916.jpg?lm=1
Nathan Buayi-Kiala,20,AJ Auxerre,Defensive Midfield,Midfield,France,€0.2m,https://www.transfermarkt.us/nathan-buayi-kiala/profil/spieler/743523,nathan-buayi-kiala,743523,Ligue 1,https://img.a.transfermarkt.technology/portrait/header/743523-1660116014.jpg?lm=1
Rayan Raveloson,27,AJ Auxerre,Central Midfield,Midfield,Madagascar,€2.00m,https://www.transfermarkt.us/rayan-raveloson/profil/spieler/344576,rayan-raveloson,344576,Ligue 1,https://img.a.transfermarkt.technology/portrait/header/344576-1646079954.JPG?lm=1
Kévin Danois,20,AJ Auxerre,Central Midfield,Midfield,France,€0.5m,https://www.transfermarkt.us/kevin-danois/profil/spieler/743496,kevin-danois,743496,Ligue 1,https://img.a.transfermarkt.technology/portrait/header/743496-1672330479.jpg?lm=1
Hamed Junior Traoré,24,AJ Auxerre,Attacking Midfield,Midfield,Cote d'Ivoire,€15.00m,https://www.transfermarkt.us/hamed-junior-traore/profil/spieler/391065,hamed-junior-traore,391065,Ligue 1,https://img.a.transfermarkt.technology/portrait/header/391065-1596029805.jpg?lm=1
Ben Viadere,19,AJ Auxerre,Attacking Midfield,Midfield,France,€0.0m,https://www.transfermarkt.us/ben-viadere/profil/spieler/1048496,ben-viadere,1048496,Ligue 1,https://img.a.transfermarkt.technology/portrait/header/default.jpg?lm=1
Lassine Sinayoko,24,AJ Auxerre,Left Winger,Attack,Mali,€2.50m,https://www.transfermarkt.us/lassine-sinayoko/profil/spieler/569140,lassine-sinayoko,569140,Ligue 1,https://img.a.transfermarkt.technology/portrait/header/569140-1635851830.jpg?lm=1
Gaëtan Perrin,28,AJ Auxerre,Right Winger,Attack,France,€3.00m,https://www.transfermarkt.us/gaetan-perrin/profil/spieler/353404,gaetan-perrin,353404,Ligue 1,https://img.a.transfermarkt.technology/portrait/header/353404-1672330321.jpg?lm=1
Lasso Coulibaly,22,AJ Auxerre,Right Winger,Attack,Cote d'Ivoire,€1.50m,https://www.transfermarkt.us/lasso-coulibaly/profil/spieler/658534,lasso-coulibaly,658534,Ligue 1,https://img.a.transfermarkt.technology/portrait/header/658534-1715880766.jpg?lm=1
Eros Maddy,23,AJ Auxerre,Right Winger,Attack,Netherlands,€0.25m,https://www.transfermarkt.us/eros-maddy/profil/spieler/412934,eros-maddy,412934,Ligue 1,https://img.a.transfermarkt.technology/portrait/header/412934-1605470824.jpg?lm=1
Theo Bair,25,AJ Auxerre,Centre-Forward,Attack,Canada,€1.80m,https://www.transfermarkt.us/theo-bair/profil/spieler/501709,theo-bair,501709,Ligue 1,https://img.a.transfermarkt.technology/portrait/header/501709-1618858914.jpg?lm=1
Florian Ayé,27,AJ Auxerre,Centre-Forward,Attack,France,€1.80m,https://www.transfermarkt.us/florian-aye/profil/spieler/372713,florian-aye,372713,Ligue 1,https://img.a.transfermarkt.technology/portrait/header/372713-1567613065.jpg?lm=1
Ado Onaiwu,29,AJ Auxerre,Centre-Forward,Attack,Japan,€1.80m,https://www.transfermarkt.us/ado-onaiwu/profil/spieler/308133,ado-onaiwu,308133,Ligue 1,https://img.a.transfermarkt.technology/portrait/header/308133-1548926945.jpg?lm=1
Yahia Fofana,24,Angers SCO,Goalkeeper,Goalkeeper,Cote d'Ivoire,€3.50m,https://www.transfermarkt.us/yahia-fofana/profil/spieler/418651,yahia-fofana,418651,Ligue 1,https://img.a.transfermarkt.technology/portrait/header/418651-1672669760.jpg?lm=1
Melvin Zinga,22,Angers SCO,Goalkeeper,Goalkeeper,Congo,€0.15m,https://www.transfermarkt.us/melvin-zinga/profil/spieler/548347,melvin-zinga,548347,Ligue 1,https://img.a.transfermarkt.technology/portrait/header/548347-1672670099.jpg?lm=1
Oumar Pona,18,Angers SCO,Goalkeeper,Goalkeeper,France,€0.0m,https://www.transfermarkt.us/oumar-pona/profil/spieler/1073176,oumar-pona,1073176,Ligue 1,https://img.a.transfermarkt.technology/portrait/header/default.jpg?lm=1
Cédric Hountondji,30,Angers SCO,Centre-Back,Defender,Benin,€1.80m,https://www.transfermarkt.us/cedric-hountondji/profil/spieler/198709,cedric-hountondji,198709,Ligue 1,https://img.a.transfermarkt.technology/portrait/header/198709-1625741459.jpg?lm=1
Jordan Lefort,31,Angers SCO,Centre-Back,Defender,France,€1.00m,https://www.transfermarkt.us/jordan-lefort/profil/spieler/192492,jordan-lefort,192492,Ligue 1,https://img.a.transfermarkt.technology/portrait/header/192492-1544024064.jpg?lm=1
Emmanuel Biumla,19,Angers SCO,Centre-Back,Defender,France,€0.8m,https://www.transfermarkt.us/emmanuel-biumla/profil/spieler/1071956,emmanuel-biumla,1071956,Ligue 1,https://img.a.transfermarkt.technology/portrait/header/default.jpg?lm=1
Ousmane Camara,21,Angers SCO,Centre-Back,Defender,France,€0.6m,https://www.transfermarkt.us/ousmane-camara/profil/spieler/804711,ousmane-camara,804711,Ligue 1,https://img.a.transfermarkt.technology/portrait/header/804711-1672669470.jpg?lm=1
Abdoulaye Bamba,34,Angers SCO,Centre-Back,Defender,Cote d'Ivoire,€0.4m,https://www.transfermarkt.us/abdoulaye-bamba/profil/spieler/62351,abdoulaye-bamba,62351,Ligue 1,https://img.a.transfermarkt.technology/portrait/header/62351-1588852339.jpg?lm=1
Jacques Ekomié,21,Angers SCO,Left-Back,Defender,Gabon,€0.8m,https://www.transfermarkt.us/jacques-ekomie/profil/spieler/970279,jacques-ekomie,970279,Ligue 1,https://img.a.transfermarkt.technology/portrait/header/970279-1699019588.jpg?lm=1
Florent Hanin,34,Angers SCO,Left-Back,Defender,France,€0.35m,https://www.transfermarkt.us/florent-hanin/profil/spieler/111811,florent-hanin,111811,Ligue 1,https://img.a.transfermarkt.technology/portrait/header/111811-1547404478.png?lm=1
Carlens Arcus,28,Angers SCO,Right-Back,Defender,Haiti,€1.00m,https://www.transfermarkt.us/carlens-arcus/profil/spieler/371686,carlens-arcus,371686,Ligue 1,https://img.a.transfermarkt.technology/portrait/header/371686-1599423865.jpg?lm=1
Lilian Raolisoa,24,Angers SCO,Right-Back,Defender,France,€0.8m,https://www.transfermarkt.us/lilian-raolisoa/profil/spieler/829874,lilian-raolisoa,829874,Ligue 1,https://img.a.transfermarkt.technology/portrait/header/829874-1709203122.jpg?lm=1
Halid Sabanovic,25,Angers SCO,Right-Back,Defender,Bosnia-Herzegovina,€0.25m,https://www.transfermarkt.us/halid-sabanovic/profil/spieler/422986,halid-sabanovic,422986,Ligue 1,https://img.a.transfermarkt.technology/portrait/header/422986-1672669998.jpg?lm=1
Jean-Eudes Aholou,30,Angers SCO,Defensive Midfield,Midfield,Cote d'Ivoire,€0.8m,https://www.transfermarkt.us/jean-eudes-aholou/profil/spieler/178313,jean-eudes-aholou,178313,Ligue 1,https://img.a.transfermarkt.technology/portrait/header/178313-1525697526.jpg?lm=1
Zinédine Ould Khaled,24,Angers SCO,Defensive Midfield,Midfield,France,€0.4m,https://www.transfermarkt.us/zinedine-ould-khaled/profil/spieler/650104,zinedine-ould-khaled,650104,Ligue 1,https://img.a.transfermarkt.technology/portrait/header/650104-1595883345.jpg?lm=1
Haris Belkebla,30,Angers SCO,Central Midfield,Midfield,Algeria,€1.50m,https://www.transfermarkt.us/haris-belkebla/profil/spieler/138055,haris-belkebla,138055,Ligue 1,https://img.a.transfermarkt.technology/portrait/header/138055-1617877225.jpg?lm=1
Joseph Lopy,32,Angers SCO,Central Midfield,Midfield,Senegal,€0.5m,https://www.transfermarkt.us/joseph-lopy/profil/spieler/204585,joseph-lopy,204585,Ligue 1,https://img.a.transfermarkt.technology/portrait/header/s_204585_750_2012_2.jpg?lm=1
Yassin Belkhdim,22,Angers SCO,Central Midfield,Midfield,Morocco,€0.5m,https://www.transfermarkt.us/yassin-belkhdim/profil/spieler/807688,yassin-belkhdim,807688,Ligue 1,https://img.a.transfermarkt.technology/portrait/header/807688-1672329587.jpg?lm=1
Pierrick Capelle,37,Angers SCO,Central Midfield,Midfield,France,€0.25m,https://www.transfermarkt.us/pierrick-capelle/profil/spieler/214532,pierrick-capelle,214532,Ligue 1,https://img.a.transfermarkt.technology/portrait/header/214532-1595883152.jpg?lm=1
Himad Abdelli,25,Angers SCO,Attacking Midfield,Midfield,Algeria,€4.00m,https://www.transfermarkt.us/himad-abdelli/profil/spieler/592979,himad-abdelli,592979,Ligue 1,https://img.a.transfermarkt.technology/portrait/header/592979-1672670828.jpg?lm=1
Farid El Melali,27,Angers SCO,Left Winger,Attack,Algeria,€1.50m,https://www.transfermarkt.us/farid-el-melali/profil/spieler/425400,farid-el-melali,425400,Ligue 1,https://img.a.transfermarkt.technology/portrait/header/425400-1672670238.jpg?lm=1
Jim Allevinah,29,Angers SCO,Right Winger,Attack,Gabon,€2.00m,https://www.transfermarkt.us/jim-allevinah/profil/spieler/646733,jim-allevinah,646733,Ligue 1,https://img.a.transfermarkt.technology/portrait/header/646733-1679510299.jpg?lm=1
Zinedine Ferhat,31,Angers SCO,Right Winger,Attack,Algeria,€1.50m,https://www.transfermarkt.us/zinedine-ferhat/profil/spieler/232895,zinedine-ferhat,232895,Ligue 1,https://img.a.transfermarkt.technology/portrait/header/232895-1669801210.png?lm=1
Justin-Noël Kalumba,19,Angers SCO,Right Winger,Attack,France,€0.8m,https://www.transfermarkt.us/justin-noel-kalumba/profil/spieler/1101641,justin-noel-kalumba,1101641,Ligue 1,https://img.a.transfermarkt.technology/portrait/header/1101641-1682100982.jpg?lm=1
Bamba Dieng,24,Angers SCO,Centre-Forward,Attack,Senegal,€4.00m,https://www.transfermarkt.us/bamba-dieng/profil/spieler/822458,bamba-dieng,822458,Ligue 1,https://img.a.transfermarkt.technology/portrait/header/822458-1668163298.jpg?lm=1
Loïs Diony,31,Angers SCO,Centre-Forward,Attack,France,€2.00m,https://www.transfermarkt.us/lois-diony/profil/spieler/126552,lois-diony,126552,Ligue 1,https://img.a.transfermarkt.technology/portrait/header/126552-1672670286.jpg?lm=1
Ibrahima Niane,25,Angers SCO,Centre-Forward,Attack,Senegal,€1.00m,https://www.transfermarkt.us/ibrahima-niane/profil/spieler/490417,ibrahima-niane,490417,Ligue 1,https://img.a.transfermarkt.technology/portrait/header/490417-1511780508.jpg?lm=1
Sidiki Chérif,17,Angers SCO,Centre-Forward,Attack,France,€1.00m,https://www.transfermarkt.us/sidiki-cherif/profil/spieler/986288,sidiki-cherif,986288,Ligue 1,https://img.a.transfermarkt.technology/portrait/header/986288-1728485121.jpg?lm=1
Estéban Lepaul,24,Angers SCO,Centre-Forward,Attack,France,€0.8m,https://www.transfermarkt.us/esteban-lepaul/profil/spieler/461607,esteban-lepaul,461607,Ligue 1,https://img.a.transfermarkt.technology/portrait/header/461607-1714504848.jpg?lm=1
Adrien Hunou,30,Angers SCO,Centre-Forward,Attack,France,€0.7m,https://www.transfermarkt.us/adrien-hunou/profil/spieler/203507,adrien-hunou,203507,Ligue 1,https://img.a.transfermarkt.technology/portrait/header/203507-1630778579.png?lm=1
Gautier Larsonneur,27,AS Saint-Étienne,Goalkeeper,Goalkeeper,France,€4.00m,https://www.transfermarkt.us/gautier-larsonneur/profil/spieler/357047,gautier-larsonneur,357047,Ligue 1,https://img.a.transfermarkt.technology/portrait/header/357047-1727720726.jpg?lm=1
Brice Maubleu,35,AS Saint-Étienne,Goalkeeper,Goalkeeper,France,€0.35m,https://www.transfermarkt.us/brice-maubleu/profil/spieler/78047,brice-maubleu,78047,Ligue 1,https://img.a.transfermarkt.technology/portrait/header/78047-1727720955.jpg?lm=1
Boubacar Fall,23,AS Saint-Étienne,Goalkeeper,Goalkeeper,Senegal,€0.1m,https://www.transfermarkt.us/boubacar-fall/profil/spieler/836132,boubacar-fall,836132,Ligue 1,https://img.a.transfermarkt.technology/portrait/header/836132-1727720972.jpg?lm=1
Dylan Batubinsika,28,AS Saint-Étienne,Centre-Back,Defender,DR Congo,€2.00m,https://www.transfermarkt.us/dylan-batubinsika/profil/spieler/289432,dylan-batubinsika,289432,Ligue 1,https://img.a.transfermarkt.technology/portrait/header/289432-1727722809.jpg?lm=1
Mickaël Nade,25,AS Saint-Étienne,Centre-Back,Defender,France,€1.50m,https://www.transfermarkt.us/mickael-nade/profil/spieler/494586,mickael-nade,494586,Ligue 1,https://img.a.transfermarkt.technology/portrait/header/494586-1727722979.jpg?lm=1
Léo Pétrot,27,AS Saint-Étienne,Centre-Back,Defender,France,€1.00m,https://www.transfermarkt.us/leo-petrot/profil/spieler/412829,leo-petrot,412829,Ligue 1,https://img.a.transfermarkt.technology/portrait/header/412829-1727723239.jpg?lm=1
Anthony Briançon,30,AS Saint-Étienne,Centre-Back,Defender,France,€1.00m,https://www.transfermarkt.us/anthony-briancon/profil/spieler/190338,anthony-briancon,190338,Ligue 1,https://img.a.transfermarkt.technology/portrait/header/190338-1727722993.jpg?lm=1
Yunis Abdelhamid,37,AS Saint-Étienne,Centre-Back,Defender,Morocco,€0.6m,https://www.transfermarkt.us/yunis-abdelhamid/profil/spieler/199704,yunis-abdelhamid,199704,Ligue 1,https://img.a.transfermarkt.technology/portrait/header/199704-1727723225.jpg?lm=1
Pierre Cornud,27,AS Saint-Étienne,Left-Back,Defender,France,€1.20m,https://www.transfermarkt.us/pierre-cornud/profil/spieler/536156,pierre-cornud,536156,Ligue 1,https://img.a.transfermarkt.technology/portrait/header/536156-1727723010.jpg?lm=1
Yvann Maçon,26,AS Saint-Étienne,Right-Back,Defender,France,€2.00m,https://www.transfermarkt.us/yvann-macon/profil/spieler/580747,yvann-macon,580747,Ligue 1,https://img.a.transfermarkt.technology/portrait/header/580747-1727722966.jpg?lm=1
Dennis Appiah,32,AS Saint-Étienne,Right-Back,Defender,France,€1.00m,https://www.transfermarkt.us/dennis-appiah/profil/spieler/111038,dennis-appiah,111038,Ligue 1,https://img.a.transfermarkt.technology/portrait/header/111038-1727723257.jpg?lm=1
Pierre Ekwah,22,AS Saint-Étienne,Defensive Midfield,Midfield,France,€3.00m,https://www.transfermarkt.us/pierre-ekwah/profil/spieler/538994,pierre-ekwah,538994,Ligue 1,https://img.a.transfermarkt.technology/portrait/header/538994-1727722378.jpg?lm=1
Lamine Fomba,26,AS Saint-Étienne,Defensive Midfield,Midfield,France,€1.20m,https://www.transfermarkt.us/lamine-fomba/profil/spieler/391376,lamine-fomba,391376,Ligue 1,https://img.a.transfermarkt.technology/portrait/header/391376-1727722269.jpg?lm=1
Louis Mouton,22,AS Saint-Étienne,Defensive Midfield,Midfield,France,€0.6m,https://www.transfermarkt.us/louis-mouton/profil/spieler/904662,louis-mouton,904662,Ligue 1,https://img.a.transfermarkt.technology/portrait/header/904662-1727722197.jpg?lm=1
Thomas Monconduit,33,AS Saint-Étienne,Defensive Midfield,Midfield,France,€0.4m,https://www.transfermarkt.us/thomas-monconduit/profil/spieler/127182,thomas-monconduit,127182,Ligue 1,https://img.a.transfermarkt.technology/portrait/header/127182-1727722128.jpg?lm=1
Mathis Amougou,18,AS Saint-Étienne,Central Midfield,Midfield,France,€6.00m,https://www.transfermarkt.us/mathis-amougou/profil/spieler/1010854,mathis-amougou,1010854,Ligue 1,https://img.a.transfermarkt.technology/portrait/header/1010854-1727721658.jpg?lm=1
Aïmen Moueffek,23,AS Saint-Étienne,Central Midfield,Midfield,Morocco,€3.00m,https://www.transfermarkt.us/aimen-moueffek/profil/spieler/484992,aimen-moueffek,484992,Ligue 1,https://img.a.transfermarkt.technology/portrait/header/484992-1727722286.jpg?lm=1
Benjamin Bouchouari,23,AS Saint-Étienne,Central Midfield,Midfield,Morocco,€2.00m,https://www.transfermarkt.us/benjamin-bouchouari/profil/spieler/783094,benjamin-bouchouari,783094,Ligue 1,https://img.a.transfermarkt.technology/portrait/header/783094-1727722364.jpg?lm=1
Florian Tardieu,32,AS Saint-Étienne,Central Midfield,Midfield,France,€1.00m,https://www.transfermarkt.us/florian-tardieu/profil/spieler/212804,florian-tardieu,212804,Ligue 1,https://img.a.transfermarkt.technology/portrait/header/212804-1727722208.jpg?lm=1
Augustine Boakye,24,AS Saint-Étienne,Attacking Midfield,Midfield,Ghana,€3.00m,https://www.transfermarkt.us/augustine-boakye/profil/spieler/579263,augustine-boakye,579263,Ligue 1,https://img.a.transfermarkt.technology/portrait/header/579263-1727722384.jpg?lm=1
Igor Miladinovic,21,AS Saint-Étienne,Attacking Midfield,Midfield,Serbia,€3.00m,https://www.transfermarkt.us/igor-miladinovic/profil/spieler/729872,igor-miladinovic,729872,Ligue 1,https://img.a.transfermarkt.technology/portrait/header/729872-1727721630.jpg?lm=1
Ben Old,22,AS Saint-Étienne,Left Winger,Attack,New Zealand,€0.8m,https://www.transfermarkt.us/ben-old/profil/spieler/617021,ben-old,617021,Ligue 1,https://img.a.transfermarkt.technology/portrait/header/617021-1727721943.jpg?lm=1
Zuriko Davitashvili,23,AS Saint-Étienne,Right Winger,Attack,Georgia,€5.00m,https://www.transfermarkt.us/zuriko-davitashvili/profil/spieler/427572,zuriko-davitashvili,427572,Ligue 1,https://img.a.transfermarkt.technology/portrait/header/427572-1727721934.jpg?lm=1
Mathieu Cafaro,27,AS Saint-Étienne,Right Winger,Attack,France,€2.50m,https://www.transfermarkt.us/mathieu-cafaro/profil/spieler/399383,mathieu-cafaro,399383,Ligue 1,https://img.a.transfermarkt.technology/portrait/header/399383-1727721832.jpg?lm=1
Lucas Stassin,20,AS Saint-Étienne,Centre-Forward,Attack,Belgium,€6.00m,https://www.transfermarkt.us/lucas-stassin/profil/spieler/655012,lucas-stassin,655012,Ligue 1,https://img.a.transfermarkt.technology/portrait/header/655012-1727721924.jpg?lm=1
Ibrahim Sissoko,29,AS Saint-Étienne,Centre-Forward,Attack,Mali,€2.50m,https://www.transfermarkt.us/ibrahim-sissoko/profil/spieler/484888,ibrahim-sissoko,484888,Ligue 1,https://img.a.transfermarkt.technology/portrait/header/484888-1727721906.jpg?lm=1
Ibrahima Wadji,29,AS Saint-Étienne,Centre-Forward,Attack,Senegal,€1.00m,https://www.transfermarkt.us/ibrahima-wadji/profil/spieler/364232,ibrahima-wadji,364232,Ligue 1,https://img.a.transfermarkt.technology/portrait/header/364232-1727721772.jpg?lm=1
